"../../../Engine/Plugins/2D/Paper2D/Content/PlaceholderTextures/DummySpriteTexture.ubulk" 0
"../../../Engine/Plugins/2D/Paper2D/Content/PlaceholderTextures/DummySpriteTexture.uasset" 1
"../../../Engine/Plugins/2D/Paper2D/Content/PlaceholderTextures/DummySpriteTexture.uexp" 2
"../../../Engine/Plugins/2D/Paper2D/Content/DummySprite.uasset" 3
"../../../Engine/Plugins/2D/Paper2D/Content/DummySprite.uexp" 4
"../../../Engine/Plugins/2D/Paper2D/Content/DefaultPaperTerrainMaterial.uasset" 5
"../../../Engine/Plugins/2D/Paper2D/Content/DefaultPaperTerrainMaterial.uexp" 6
"../../../Engine/Content/EngineMaterials/DefaultDestructiblePhysicalMaterial.uasset" 7
"../../../Engine/Content/EngineMaterials/DefaultDestructiblePhysicalMaterial.uexp" 8
"../../../Engine/Content/EngineSounds/Master.uasset" 9
"../../../Engine/Content/EngineSounds/Master.uexp" 10
"../../../Engine/Plugins/Animation/ControlRig/Content/Controls/DefaultGizmoLibraryNormalized.uasset" 11
"../../../Engine/Plugins/Animation/ControlRig/Content/Controls/DefaultGizmoLibraryNormalized.uexp" 12
"../../../Engine/Content/EngineMaterials/DefaultDiffuse.ubulk" 13
"../../../Engine/Content/EngineMaterials/DefaultDiffuse.uasset" 14
"../../../Engine/Content/EngineMaterials/DefaultDiffuse.uexp" 15
"../../../Engine/Content/Functions/Engine_MaterialFunctions01/Texturing/TextureCropping.uasset" 16
"../../../Engine/Content/Functions/Engine_MaterialFunctions01/Texturing/TextureCropping.uexp" 17
"../../../Engine/Content/Functions/Engine_MaterialFunctions02/ExampleContent/DebugNumberStrip.uasset" 18
"../../../Engine/Content/Functions/Engine_MaterialFunctions02/ExampleContent/DebugNumberStrip.uexp" 19
"../../../Engine/Content/Functions/Engine_MaterialFunctions01/Debug/DebugIntValues.uasset" 20
"../../../Engine/Content/Functions/Engine_MaterialFunctions01/Debug/DebugIntValues.uexp" 21
"../../../Engine/Content/Functions/Engine_MaterialFunctions02/Utility/BreakOutFloat2Components.uasset" 22
"../../../Engine/Content/Functions/Engine_MaterialFunctions02/Utility/BreakOutFloat2Components.uexp" 23
"../../../Engine/Content/Functions/Engine_MaterialFunctions01/Texturing/ScaleUVsByCenter.uasset" 24
"../../../Engine/Content/Functions/Engine_MaterialFunctions01/Texturing/ScaleUVsByCenter.uexp" 25
"../../../Engine/Content/Functions/Engine_MaterialFunctions02/WorldPositionOffset/LocalPosition.uasset" 26
"../../../Engine/Content/Functions/Engine_MaterialFunctions02/WorldPositionOffset/LocalPosition.uexp" 27
"../../../Engine/Content/EngineResources/LandscapeVisibilityLayerInfo.uasset" 28
"../../../Engine/Content/EngineResources/LandscapeVisibilityLayerInfo.uexp" 29
"../../../Engine/Plugins/Interchange/Runtime/Content/Pipelines/DefaultAssetsPipeline.uasset" 30
"../../../Engine/Plugins/Interchange/Runtime/Content/Pipelines/DefaultAssetsPipeline.uexp" 31
"../../../Engine/Plugins/Interchange/Runtime/Content/Pipelines/DefaultAudioPipeline.uasset" 32
"../../../Engine/Plugins/Interchange/Runtime/Content/Pipelines/DefaultAudioPipeline.uexp" 33
"../../../Engine/Plugins/Interchange/Runtime/Content/Pipelines/DefaultGLTFAssetsPipeline.uasset" 34
"../../../Engine/Plugins/Interchange/Runtime/Content/Pipelines/DefaultGLTFAssetsPipeline.uexp" 35
"../../../Engine/Plugins/Interchange/Runtime/Content/Pipelines/DefaultGLTFPipeline.uasset" 36
"../../../Engine/Plugins/Interchange/Runtime/Content/Pipelines/DefaultGLTFPipeline.uexp" 37
"../../../Engine/Plugins/Interchange/Runtime/Content/Pipelines/DefaultGLTFSceneAssetsPipeline.uasset" 38
"../../../Engine/Plugins/Interchange/Runtime/Content/Pipelines/DefaultGLTFSceneAssetsPipeline.uexp" 39
"../../../Engine/Plugins/Interchange/Runtime/Content/Pipelines/DefaultMaterialPipeline.uasset" 40
"../../../Engine/Plugins/Interchange/Runtime/Content/Pipelines/DefaultMaterialPipeline.uexp" 41
"../../../Engine/Plugins/Interchange/Runtime/Content/Pipelines/DefaultMaterialXPipeline.uasset" 42
"../../../Engine/Plugins/Interchange/Runtime/Content/Pipelines/DefaultMaterialXPipeline.uexp" 43
"../../../Engine/Plugins/Interchange/Runtime/Content/Pipelines/DefaultSceneAssetsPipeline.uasset" 44
"../../../Engine/Plugins/Interchange/Runtime/Content/Pipelines/DefaultSceneAssetsPipeline.uexp" 45
"../../../Engine/Plugins/Interchange/Runtime/Content/Pipelines/DefaultSceneLevelPipeline.uasset" 46
"../../../Engine/Plugins/Interchange/Runtime/Content/Pipelines/DefaultSceneLevelPipeline.uexp" 47
"../../../Engine/Plugins/Interchange/Runtime/Content/Pipelines/DefaultTexturePipeline.uasset" 48
"../../../Engine/Plugins/Interchange/Runtime/Content/Pipelines/DefaultTexturePipeline.uexp" 49
"../../../Engine/Plugins/PCG/Content/ComputeSources/PCGCS_Quaternion.uasset" 50
"../../../Engine/Plugins/PCG/Content/ComputeSources/PCGCS_Quaternion.uexp" 51
"../../../Engine/Plugins/PCG/Content/ComputeSources/PCGCS_ShaderUtils.uasset" 52
"../../../Engine/Plugins/PCG/Content/ComputeSources/PCGCS_ShaderUtils.uexp" 53
"../../../Engine/Plugins/PCG/Content/ComputeSources/PCGCS_ShaderUtilsInternal.uasset" 54
"../../../Engine/Plugins/PCG/Content/ComputeSources/PCGCS_ShaderUtilsInternal.uexp" 55
"../../../Engine/Content/EngineDebugMaterials/M_SimpleUnlitTranslucent.uasset" 56
"../../../Engine/Content/EngineDebugMaterials/M_SimpleUnlitTranslucent.uexp" 57
"../../../Engine/Content/Functions/Engine_MaterialFunctions02/Utility/CameraDirectionVector.uasset" 58
"../../../Engine/Content/Functions/Engine_MaterialFunctions02/Utility/CameraDirectionVector.uexp" 59
"../../../Engine/Content/EngineDebugMaterials/VolumeToRender.uasset" 60
"../../../Engine/Content/EngineDebugMaterials/VolumeToRender.uexp" 61
"../../../Engine/Content/EngineDebugMaterials/M_VolumeRenderSphereTracePP.uasset" 62
"../../../Engine/Content/EngineDebugMaterials/M_VolumeRenderSphereTracePP.uexp" 63
"../../../Engine/Plugins/Interchange/Assets/Content/Functions/MX_AbsorptionVDF.uasset" 64
"../../../Engine/Plugins/Interchange/Assets/Content/Functions/MX_AbsorptionVDF.uexp" 65
"../../../Engine/Plugins/Interchange/Assets/Content/Functions/MX_AnisotropicVDF.uasset" 66
"../../../Engine/Plugins/Interchange/Assets/Content/Functions/MX_AnisotropicVDF.uexp" 67
"../../../Engine/Plugins/Interchange/Assets/Content/Functions/MX_BurleyDiffuseBSDF.uasset" 68
"../../../Engine/Plugins/Interchange/Assets/Content/Functions/MX_BurleyDiffuseBSDF.uexp" 69
"../../../Engine/Plugins/Interchange/Assets/Content/Functions/MX_ChiangHairBSDF.uasset" 70
"../../../Engine/Plugins/Interchange/Assets/Content/Functions/MX_ChiangHairBSDF.uexp" 71
"../../../Engine/Plugins/Interchange/Assets/Content/Functions/MX_ConductorBSDF.uasset" 72
"../../../Engine/Plugins/Interchange/Assets/Content/Functions/MX_ConductorBSDF.uexp" 73
"../../../Engine/Plugins/Interchange/Assets/Content/Functions/MX_ConicalEDF.uasset" 74
"../../../Engine/Plugins/Interchange/Assets/Content/Functions/MX_ConicalEDF.uexp" 75
"../../../Engine/Plugins/Interchange/Assets/Content/Functions/MX_DielectricBSDF.uasset" 76
"../../../Engine/Plugins/Interchange/Assets/Content/Functions/MX_DielectricBSDF.uexp" 77
"../../../Engine/Content/Functions/Engine_MaterialFunctions02/Utility/BlendAngleCorrectedNormals.uasset" 78
"../../../Engine/Content/Functions/Engine_MaterialFunctions02/Utility/BlendAngleCorrectedNormals.uexp" 79
"../../../Engine/Plugins/Interchange/Assets/Content/Functions/MX_Displacement.uasset" 80
"../../../Engine/Plugins/Interchange/Assets/Content/Functions/MX_Displacement.uexp" 81
"../../../Engine/Content/Functions/Engine_MaterialFunctions02/Utility/MakeFloat3.uasset" 82
"../../../Engine/Content/Functions/Engine_MaterialFunctions02/Utility/MakeFloat3.uexp" 83
"../../../Engine/Content/Functions/Engine_MaterialFunctions03/Math/WithinRangeFloat2.uasset" 84
"../../../Engine/Content/Functions/Engine_MaterialFunctions03/Math/WithinRangeFloat2.uexp" 85
"../../../Engine/Plugins/Interchange/Assets/Content/Functions/MX_GeneralizedSchlickBSDF.uasset" 86
"../../../Engine/Plugins/Interchange/Assets/Content/Functions/MX_GeneralizedSchlickBSDF.uexp" 87
"../../../Engine/Plugins/Interchange/Assets/Content/Functions/MX_MeasuredEDF.uasset" 88
"../../../Engine/Plugins/Interchange/Assets/Content/Functions/MX_MeasuredEDF.uexp" 89
"../../../Engine/Plugins/Interchange/Assets/Content/Functions/MF_IridescenceNoLUT.uasset" 90
"../../../Engine/Plugins/Interchange/Assets/Content/Functions/MF_IridescenceNoLUT.uexp" 91
"../../../Engine/Plugins/Interchange/Assets/Content/Functions/MX_StandardSurface.uasset" 92
"../../../Engine/Plugins/Interchange/Assets/Content/Functions/MX_StandardSurface.uexp" 93
"../../../Engine/Plugins/Interchange/Assets/Content/Functions/MX_OpenPBR_Opaque.uasset" 94
"../../../Engine/Plugins/Interchange/Assets/Content/Functions/MX_OpenPBR_Opaque.uexp" 95
"../../../Engine/Plugins/Interchange/Assets/Content/Functions/MX_TransmissionSurface.uasset" 96
"../../../Engine/Plugins/Interchange/Assets/Content/Functions/MX_TransmissionSurface.uexp" 97
"../../../Engine/Plugins/Interchange/Assets/Content/Functions/MX_OpenPBR_Translucent.uasset" 98
"../../../Engine/Plugins/Interchange/Assets/Content/Functions/MX_OpenPBR_Translucent.uexp" 99
"../../../Engine/Plugins/Interchange/Assets/Content/Functions/MX_OrenNayarBSDF.uasset" 100
"../../../Engine/Plugins/Interchange/Assets/Content/Functions/MX_OrenNayarBSDF.uexp" 101
"../../../Engine/Plugins/Runtime/AudioWidgets/Content/Resources/ScrubHandleDown_Clamped.uasset" 102
"../../../Engine/Plugins/Runtime/AudioWidgets/Content/Resources/ScrubHandleDown_Clamped.uexp" 103
"../../../Engine/Plugins/Interchange/Assets/Content/Functions/MX_SheenBSDF.uasset" 104
"../../../Engine/Plugins/Interchange/Assets/Content/Functions/MX_SheenBSDF.uexp" 105
"../../../Engine/Plugins/Interchange/Assets/Content/Functions/MX_SubsurfaceBSDF.uasset" 106
"../../../Engine/Plugins/Interchange/Assets/Content/Functions/MX_SubsurfaceBSDF.uexp" 107
"../../../Engine/Plugins/Interchange/Assets/Content/Functions/MX_Surface.uasset" 108
"../../../Engine/Plugins/Interchange/Assets/Content/Functions/MX_Surface.uexp" 109
"../../../Engine/Plugins/Interchange/Assets/Content/Functions/MX_SurfaceUnlit.uasset" 110
"../../../Engine/Plugins/Interchange/Assets/Content/Functions/MX_SurfaceUnlit.uexp" 111
"../../../Engine/Plugins/Interchange/Assets/Content/Functions/MX_TranslucentBSDF.uasset" 112
"../../../Engine/Plugins/Interchange/Assets/Content/Functions/MX_TranslucentBSDF.uexp" 113
"../../../Engine/Content/EngineMaterials/DefaultBloomKernel.uasset" 114
"../../../Engine/Content/EngineMaterials/DefaultBloomKernel.uexp" 115
"../../../Engine/Content/EngineMaterials/DefaultBokeh.uasset" 116
"../../../Engine/Content/EngineMaterials/DefaultBokeh.uexp" 117
"../../../Engine/Content/EngineMaterials/DefaultDeferredDecalMaterial.uasset" 118
"../../../Engine/Content/EngineMaterials/DefaultDeferredDecalMaterial.uexp" 119
"../../../Engine/Plugins/Interchange/Assets/Content/Functions/MX_UniformEDF.uasset" 120
"../../../Engine/Plugins/Interchange/Assets/Content/Functions/MX_UniformEDF.uexp" 121
"../../../Engine/Plugins/Interchange/Assets/Content/Functions/MX_UsdPreviewSurface.uasset" 122
"../../../Engine/Plugins/Interchange/Assets/Content/Functions/MX_UsdPreviewSurface.uexp" 123
"../../../Engine/Content/EngineMaterials/DefaultLightFunctionMaterial.uasset" 124
"../../../Engine/Content/EngineMaterials/DefaultLightFunctionMaterial.uexp" 125
"../../../Engine/Content/EngineMaterials/DefaultPostProcessMaterial.uasset" 126
"../../../Engine/Content/EngineMaterials/DefaultPostProcessMaterial.uexp" 127
"../../../Engine/Content/EngineFonts/RobotoDistanceField.uasset" 128
"../../../Engine/Content/EngineFonts/RobotoDistanceField.uexp" 129
"../../../Engine/Content/EngineMaterials/DefaultTextMaterialOpaque.uasset" 130
"../../../Engine/Content/EngineMaterials/DefaultTextMaterialOpaque.uexp" 131
"../../../Engine/Content/EngineMaterials/DefaultWhiteGrid.ubulk" 132
"../../../Engine/Content/EngineMaterials/DefaultWhiteGrid.uasset" 133
"../../../Engine/Content/EngineMaterials/DefaultWhiteGrid.uexp" 134
"../../../Engine/Content/EngineMaterials/DefaultWhiteGrid_Low.uasset" 135
"../../../Engine/Content/EngineMaterials/DefaultWhiteGrid_Low.uexp" 136
"../../../Engine/Content/EngineMaterials/EmissiveMeshMaterial.uasset" 137
"../../../Engine/Content/EngineMaterials/EmissiveMeshMaterial.uexp" 138
"../../../Engine/Content/EngineMaterials/FastBlueNoise_scalar_128x128x64.uasset" 139
"../../../Engine/Content/EngineMaterials/FastBlueNoise_scalar_128x128x64.uexp" 140
"../../../Engine/Content/EngineMaterials/FastBlueNoise_scalar_128x128x8.uasset" 141
"../../../Engine/Content/EngineMaterials/FastBlueNoise_scalar_128x128x8.uexp" 142
"../../../Engine/Content/EngineMaterials/FastBlueNoise_vec2_128x128x64.uasset" 143
"../../../Engine/Content/EngineMaterials/FastBlueNoise_vec2_128x128x64.uexp" 144
"../../../Engine/Content/EngineMaterials/BaseFlattenDiffuseMap.uasset" 145
"../../../Engine/Content/EngineMaterials/BaseFlattenDiffuseMap.uexp" 146
"../../../Engine/Content/EngineMaterials/BaseFlattenEmissiveMap.uasset" 147
"../../../Engine/Content/EngineMaterials/BaseFlattenEmissiveMap.uexp" 148
"../../../Engine/Content/EngineMaterials/BaseFlattenGrayscaleMap.uasset" 149
"../../../Engine/Content/EngineMaterials/BaseFlattenGrayscaleMap.uexp" 150
"../../../Engine/Content/EngineMaterials/BaseFlattenLinearColor.uasset" 151
"../../../Engine/Content/EngineMaterials/BaseFlattenLinearColor.uexp" 152
"../../../Engine/Content/EngineMaterials/BaseFlattenNormalMap.uasset" 153
"../../../Engine/Content/EngineMaterials/BaseFlattenNormalMap.uexp" 154
"../../../Engine/Content/Functions/Engine_MaterialFunctions02/PivotPainter2/Black_1x1_EXR_Texture.uasset" 155
"../../../Engine/Content/Functions/Engine_MaterialFunctions02/PivotPainter2/Black_1x1_EXR_Texture.uexp" 156
"../../../Engine/Content/EngineMaterials/FlattenMaterial.uasset" 157
"../../../Engine/Content/EngineMaterials/FlattenMaterial.uexp" 158
"../../../Engine/Content/EngineMaterials/BaseFlattenDiffuseMap_VT.ubulk" 159
"../../../Engine/Content/EngineMaterials/BaseFlattenDiffuseMap_VT.uasset" 160
"../../../Engine/Content/EngineMaterials/BaseFlattenDiffuseMap_VT.uexp" 161
"../../../Engine/Content/EngineMaterials/BaseFlattenEmissiveMap_VT.ubulk" 162
"../../../Engine/Content/EngineMaterials/BaseFlattenEmissiveMap_VT.uasset" 163
"../../../Engine/Content/EngineMaterials/BaseFlattenEmissiveMap_VT.uexp" 164
"../../../Engine/Content/EngineMaterials/BaseFlattenGrayscaleMap_VT.ubulk" 165
"../../../Engine/Content/EngineMaterials/BaseFlattenGrayscaleMap_VT.uasset" 166
"../../../Engine/Content/EngineMaterials/BaseFlattenGrayscaleMap_VT.uexp" 167
"../../../Engine/Content/EngineMaterials/BaseFlattenLinearColor_VT.ubulk" 168
"../../../Engine/Content/EngineMaterials/BaseFlattenLinearColor_VT.uasset" 169
"../../../Engine/Content/EngineMaterials/BaseFlattenLinearColor_VT.uexp" 170
"../../../Engine/Content/EngineMaterials/BaseFlattenNormalMap_VT.ubulk" 171
"../../../Engine/Content/EngineMaterials/BaseFlattenNormalMap_VT.uasset" 172
"../../../Engine/Content/EngineMaterials/BaseFlattenNormalMap_VT.uexp" 173
"../../../Engine/Content/EngineMaterials/Black_1x1_EXR_Texture_VT.ubulk" 174
"../../../Engine/Content/EngineMaterials/Black_1x1_EXR_Texture_VT.uasset" 175
"../../../Engine/Content/EngineMaterials/Black_1x1_EXR_Texture_VT.uexp" 176
"../../../Engine/Content/EngineMaterials/FlattenMaterial_VT.uasset" 177
"../../../Engine/Content/EngineMaterials/FlattenMaterial_VT.uexp" 178
"../../../Engine/Content/EngineMaterials/FlattenMaterial_WS_Normal_VT.uasset" 179
"../../../Engine/Content/EngineMaterials/FlattenMaterial_WS_Normal_VT.uexp" 180
"../../../Engine/Content/EngineMaterials/GizmoMaterial.uasset" 181
"../../../Engine/Content/EngineMaterials/GizmoMaterial.uexp" 182
"../../../Engine/Plugins/Runtime/HairStrands/Content/Materials/HairCardsDefaultMaterial.uasset" 183
"../../../Engine/Plugins/Runtime/HairStrands/Content/Materials/HairCardsDefaultMaterial.uexp" 184
"../../../Engine/Content/Functions/Engine_MaterialFunctions02/Utility/MakeFloat2.uasset" 185
"../../../Engine/Content/Functions/Engine_MaterialFunctions02/Utility/MakeFloat2.uexp" 186
"../../../Engine/Content/EngineMaterials/HairColorMap.uasset" 187
"../../../Engine/Content/EngineMaterials/HairColorMap.uexp" 188
"../../../Engine/Content/EngineMaterials/HairDebugColor.uasset" 189
"../../../Engine/Content/EngineMaterials/HairDebugColor.uexp" 190
"../../../Engine/Plugins/Runtime/HairStrands/Content/Materials/HairGroupColors.uasset" 191
"../../../Engine/Plugins/Runtime/HairStrands/Content/Materials/HairGroupColors.uexp" 192
"../../../Engine/Plugins/Runtime/HairStrands/Content/Materials/HairDebugMaterial.uasset" 193
"../../../Engine/Plugins/Runtime/HairStrands/Content/Materials/HairDebugMaterial.uexp" 194
"../../../Engine/Plugins/Runtime/HairStrands/Content/Materials/HairDefaultMaterial.uasset" 195
"../../../Engine/Plugins/Runtime/HairStrands/Content/Materials/HairDefaultMaterial.uexp" 196
"../../../Engine/Plugins/Runtime/HairStrands/Content/Materials/HairMeshesDefaultMaterial.uasset" 197
"../../../Engine/Plugins/Runtime/HairStrands/Content/Materials/HairMeshesDefaultMaterial.uexp" 198
"../../../Engine/Content/EngineMaterials/MiniFont.uasset" 199
"../../../Engine/Content/EngineMaterials/MiniFont.uexp" 200
"../../../Engine/Content/EngineMaterials/InvalidLightmapSettings.ubulk" 201
"../../../Engine/Content/EngineMaterials/InvalidLightmapSettings.uasset" 202
"../../../Engine/Content/EngineMaterials/InvalidLightmapSettings.uexp" 203
"../../../Engine/Content/EngineMaterials/M_InvalidLightmapSettings.uasset" 204
"../../../Engine/Content/EngineMaterials/M_InvalidLightmapSettings.uexp" 205
"../../../Engine/Content/EngineMaterials/NaniteHiddenSectionMaterial.uasset" 206
"../../../Engine/Content/EngineMaterials/NaniteHiddenSectionMaterial.uexp" 207
"../../../Engine/Content/Functions/Engine_MaterialFunctions02/WorldPositionOffset/CameraOffset.uasset" 208
"../../../Engine/Content/Functions/Engine_MaterialFunctions02/WorldPositionOffset/CameraOffset.uexp" 209
"../../../Engine/Content/EngineMaterials/PhAT_JointLimitMaterial.uasset" 210
"../../../Engine/Content/EngineMaterials/PhAT_JointLimitMaterial.uexp" 211
"../../../Engine/Content/EngineMaterials/DefaultCalibrationColor.uasset" 212
"../../../Engine/Content/EngineMaterials/DefaultCalibrationColor.uexp" 213
"../../../Engine/Content/EngineMaterials/PPM_DefaultCalibrationColor.uasset" 214
"../../../Engine/Content/EngineMaterials/PPM_DefaultCalibrationColor.uexp" 215
"../../../Engine/Content/EngineMaterials/DefaultCalibrationGrayscale.uasset" 216
"../../../Engine/Content/EngineMaterials/DefaultCalibrationGrayscale.uexp" 217
"../../../Engine/Content/EngineMaterials/PPM_DefaultCalibrationGrayscale.uasset" 218
"../../../Engine/Content/EngineMaterials/PPM_DefaultCalibrationGrayscale.uexp" 219
"../../../Engine/Content/EngineMaterials/PreintegratedSkinBRDF.uasset" 220
"../../../Engine/Content/EngineMaterials/PreintegratedSkinBRDF.uexp" 221
"../../../Engine/Content/Functions/Engine_MaterialFunctions02/SplitComponents.uasset" 222
"../../../Engine/Content/Functions/Engine_MaterialFunctions02/SplitComponents.uexp" 223
"../../../Engine/Content/Functions/Engine_MaterialFunctions02/Utility/BreakOutFloat3Components.uasset" 224
"../../../Engine/Content/Functions/Engine_MaterialFunctions02/Utility/BreakOutFloat3Components.uexp" 225
"../../../Engine/Content/Functions/Engine_MaterialFunctions02/Math/Transform3x3Matrix.uasset" 226
"../../../Engine/Content/Functions/Engine_MaterialFunctions02/Math/Transform3x3Matrix.uexp" 227
"../../../Engine/Content/EngineMaterials/RemoveSurfaceMaterial.uasset" 228
"../../../Engine/Content/EngineMaterials/RemoveSurfaceMaterial.uexp" 229
"../../../Engine/Plugins/Animation/ControlRig/Content/Controls/ControlRigGizmoMaterial.uasset" 230
"../../../Engine/Plugins/Animation/ControlRig/Content/Controls/ControlRigGizmoMaterial.uexp" 231
"../../../Engine/Plugins/Animation/ControlRig/Content/Controls/ControlRigXRayMaterial.uasset" 232
"../../../Engine/Plugins/Animation/ControlRig/Content/Controls/ControlRigXRayMaterial.uexp" 233
"../../../Engine/Content/EngineMaterials/SMAAAreaTex.uasset" 234
"../../../Engine/Content/EngineMaterials/SMAAAreaTex.uexp" 235
"../../../Engine/Content/EngineMaterials/T_Default_Material_Grid_M.ubulk" 236
"../../../Engine/Content/EngineMaterials/T_Default_Material_Grid_M.uasset" 237
"../../../Engine/Content/EngineMaterials/T_Default_Material_Grid_M.uexp" 238
"../../../Engine/Content/EngineMaterials/T_Default_Material_Grid_N.ubulk" 239
"../../../Engine/Content/EngineMaterials/T_Default_Material_Grid_N.uasset" 240
"../../../Engine/Content/EngineMaterials/T_Default_Material_Grid_N.uexp" 241
"../../../Engine/Content/Functions/Engine_MaterialFunctions01/Opacity/CameraDepthFade.uasset" 242
"../../../Engine/Content/Functions/Engine_MaterialFunctions01/Opacity/CameraDepthFade.uexp" 243
"../../../Engine/Content/EngineMaterials/WorldGridMaterial.uasset" 244
"../../../Engine/Content/EngineMaterials/WorldGridMaterial.uexp" 245
"../../../Engine/Plugins/Animation/ControlRig/Content/Controls/ControlRig_Arrow2_1mm.ubulk" 246
"../../../Engine/Plugins/Animation/ControlRig/Content/Controls/ControlRig_Arrow2_1mm.uasset" 247
"../../../Engine/Plugins/Animation/ControlRig/Content/Controls/ControlRig_Arrow2_1mm.uexp" 248
"../../../Engine/Content/EngineMaterials/SMAASearchTex.uasset" 249
"../../../Engine/Content/EngineMaterials/SMAASearchTex.uexp" 250
"../../../Engine/Plugins/Animation/ControlRig/Content/Controls/ControlRig_Arrow2_3mm.ubulk" 251
"../../../Engine/Plugins/Animation/ControlRig/Content/Controls/ControlRig_Arrow2_3mm.uasset" 252
"../../../Engine/Plugins/Animation/ControlRig/Content/Controls/ControlRig_Arrow2_3mm.uexp" 253
"../../../Engine/Plugins/Animation/ControlRig/Content/Controls/ControlRig_Arrow2_solid.ubulk" 254
"../../../Engine/Plugins/Animation/ControlRig/Content/Controls/ControlRig_Arrow2_solid.uasset" 255
"../../../Engine/Plugins/Animation/ControlRig/Content/Controls/ControlRig_Arrow2_solid.uexp" 256
"../../../Engine/Plugins/Animation/ControlRig/Content/Controls/ControlRig_Arrow4_1mm.ubulk" 257
"../../../Engine/Plugins/Animation/ControlRig/Content/Controls/ControlRig_Arrow4_1mm.uasset" 258
"../../../Engine/Plugins/Animation/ControlRig/Content/Controls/ControlRig_Arrow4_1mm.uexp" 259
"../../../Engine/Plugins/Animation/ControlRig/Content/Controls/ControlRig_Arrow4_3mm.ubulk" 260
"../../../Engine/Plugins/Animation/ControlRig/Content/Controls/ControlRig_Arrow4_3mm.uasset" 261
"../../../Engine/Plugins/Animation/ControlRig/Content/Controls/ControlRig_Arrow4_3mm.uexp" 262
"../../../Engine/Plugins/Animation/ControlRig/Content/Controls/ControlRig_Arrow4_solid.ubulk" 263
"../../../Engine/Plugins/Animation/ControlRig/Content/Controls/ControlRig_Arrow4_solid.uasset" 264
"../../../Engine/Plugins/Animation/ControlRig/Content/Controls/ControlRig_Arrow4_solid.uexp" 265
"../../../Engine/Plugins/Animation/ControlRig/Content/Controls/ControlRig_Arrow_1mm.ubulk" 266
"../../../Engine/Plugins/Animation/ControlRig/Content/Controls/ControlRig_Arrow_1mm.uasset" 267
"../../../Engine/Plugins/Animation/ControlRig/Content/Controls/ControlRig_Arrow_1mm.uexp" 268
"../../../Engine/Plugins/Animation/ControlRig/Content/Controls/ControlRig_Arrow_3mm.ubulk" 269
"../../../Engine/Plugins/Animation/ControlRig/Content/Controls/ControlRig_Arrow_3mm.uasset" 270
"../../../Engine/Plugins/Animation/ControlRig/Content/Controls/ControlRig_Arrow_3mm.uexp" 271
"../../../Engine/Content/EngineMaterials/EnergyConservation/Diffuse_Energy.uasset" 272
"../../../Engine/Content/EngineMaterials/EnergyConservation/Diffuse_Energy.uexp" 273
"../../../Engine/Plugins/Animation/ControlRig/Content/Controls/ControlRig_Arrow_solid.ubulk" 274
"../../../Engine/Plugins/Animation/ControlRig/Content/Controls/ControlRig_Arrow_solid.uasset" 275
"../../../Engine/Plugins/Animation/ControlRig/Content/Controls/ControlRig_Arrow_solid.uexp" 276
"../../../Engine/Content/EngineMaterials/EnergyConservation/GGX_ReflectionEnergy.uasset" 277
"../../../Engine/Content/EngineMaterials/EnergyConservation/GGX_ReflectionEnergy.uexp" 278
"../../../Engine/Plugins/Animation/ControlRig/Content/Controls/ControlRig_Box_1mm.ubulk" 279
"../../../Engine/Plugins/Animation/ControlRig/Content/Controls/ControlRig_Box_1mm.uasset" 280
"../../../Engine/Plugins/Animation/ControlRig/Content/Controls/ControlRig_Box_1mm.uexp" 281
"../../../Engine/Plugins/Animation/ControlRig/Content/Controls/ControlRig_Box_3mm.ubulk" 282
"../../../Engine/Plugins/Animation/ControlRig/Content/Controls/ControlRig_Box_3mm.uasset" 283
"../../../Engine/Plugins/Animation/ControlRig/Content/Controls/ControlRig_Box_3mm.uexp" 284
"../../../Engine/Content/EngineMaterials/EnergyConservation/GGX_TransmissionEnergyArray.uasset" 285
"../../../Engine/Content/EngineMaterials/EnergyConservation/GGX_TransmissionEnergyArray.uexp" 286
"../../../Engine/Plugins/Animation/ControlRig/Content/Controls/ControlRig_Box_solid.ubulk" 287
"../../../Engine/Plugins/Animation/ControlRig/Content/Controls/ControlRig_Box_solid.uasset" 288
"../../../Engine/Plugins/Animation/ControlRig/Content/Controls/ControlRig_Box_solid.uexp" 289
"../../../Engine/Content/EngineMaterials/EnergyConservation/SheenLegacy_Energy.uasset" 290
"../../../Engine/Content/EngineMaterials/EnergyConservation/SheenLegacy_Energy.uexp" 291
"../../../Engine/Plugins/Animation/ControlRig/Content/Controls/ControlRig_Circle_1mm.ubulk" 292
"../../../Engine/Plugins/Animation/ControlRig/Content/Controls/ControlRig_Circle_1mm.uasset" 293
"../../../Engine/Plugins/Animation/ControlRig/Content/Controls/ControlRig_Circle_1mm.uexp" 294
"../../../Engine/Content/EngineMaterials/WeightMapPlaceholderTexture.uasset" 295
"../../../Engine/Content/EngineMaterials/WeightMapPlaceholderTexture.uexp" 296
"../../../Engine/Content/EngineMaterials/WeightMapArrayPlaceholderTexture.uasset" 297
"../../../Engine/Content/EngineMaterials/WeightMapArrayPlaceholderTexture.uexp" 298
"../../../Engine/Plugins/Animation/ControlRig/Content/Controls/ControlRig_Circle_3mm.ubulk" 299
"../../../Engine/Plugins/Animation/ControlRig/Content/Controls/ControlRig_Circle_3mm.uasset" 300
"../../../Engine/Plugins/Animation/ControlRig/Content/Controls/ControlRig_Circle_3mm.uexp" 301
"../../../Engine/Content/EngineMaterials/EnergyConservation/Sheen_Energy.uasset" 302
"../../../Engine/Content/EngineMaterials/EnergyConservation/Sheen_Energy.uexp" 303
"../../../Engine/Content/EngineResources/WhiteSquareTexture.uasset" 304
"../../../Engine/Content/EngineResources/WhiteSquareTexture.uexp" 305
"../../../Engine/Content/EngineMaterials/Widget3DPassThrough.uasset" 306
"../../../Engine/Content/EngineMaterials/Widget3DPassThrough.uexp" 307
"../../../Engine/Content/EngineMaterials/Widget3DPassThrough_Masked.uasset" 308
"../../../Engine/Content/EngineMaterials/Widget3DPassThrough_Masked.uexp" 309
"../../../Engine/Plugins/Animation/ControlRig/Content/Controls/ControlRig_Circle_solid.ubulk" 310
"../../../Engine/Plugins/Animation/ControlRig/Content/Controls/ControlRig_Circle_solid.uasset" 311
"../../../Engine/Plugins/Animation/ControlRig/Content/Controls/ControlRig_Circle_solid.uexp" 312
"../../../Engine/Content/EngineMaterials/LTC/GGX_LTCAmp.uasset" 313
"../../../Engine/Content/EngineMaterials/LTC/GGX_LTCAmp.uexp" 314
"../../../Engine/Content/EngineMaterials/Widget3DPassThrough_Opaque.uasset" 315
"../../../Engine/Content/EngineMaterials/Widget3DPassThrough_Opaque.uexp" 316
"../../../Engine/Content/EngineMaterials/Widget3DPassThrough_Masked_OneSided.uasset" 317
"../../../Engine/Content/EngineMaterials/Widget3DPassThrough_Masked_OneSided.uexp" 318
"../../../Engine/Plugins/Animation/ControlRig/Content/Controls/ControlRig_Diamond_1mm.ubulk" 319
"../../../Engine/Plugins/Animation/ControlRig/Content/Controls/ControlRig_Diamond_1mm.uasset" 320
"../../../Engine/Plugins/Animation/ControlRig/Content/Controls/ControlRig_Diamond_1mm.uexp" 321
"../../../Engine/Content/EngineMaterials/Widget3DPassThrough_Opaque_OneSided.uasset" 322
"../../../Engine/Content/EngineMaterials/Widget3DPassThrough_Opaque_OneSided.uexp" 323
"../../../Engine/Content/EngineMaterials/LTC/GGX_LTCMat.uasset" 324
"../../../Engine/Content/EngineMaterials/LTC/GGX_LTCMat.uexp" 325
"../../../Engine/Content/EngineMaterials/Widget3DPassThrough_Translucent.uasset" 326
"../../../Engine/Content/EngineMaterials/Widget3DPassThrough_Translucent.uexp" 327
"../../../Engine/Content/EngineMaterials/Widget3DPassThrough_Translucent_OneSided.uasset" 328
"../../../Engine/Content/EngineMaterials/Widget3DPassThrough_Translucent_OneSided.uexp" 329
"../../../Engine/Plugins/Animation/ControlRig/Content/Controls/ControlRig_Diamond_3mm.ubulk" 330
"../../../Engine/Plugins/Animation/ControlRig/Content/Controls/ControlRig_Diamond_3mm.uasset" 331
"../../../Engine/Plugins/Animation/ControlRig/Content/Controls/ControlRig_Diamond_3mm.uexp" 332
"../../../Engine/Plugins/Interchange/Assets/Content/Substrate/MX_SimpleVolume.uasset" 333
"../../../Engine/Plugins/Interchange/Assets/Content/Substrate/MX_SimpleVolume.uexp" 334
"../../../Engine/Plugins/Animation/ControlRig/Content/Controls/ControlRig_Diamond_solid.ubulk" 335
"../../../Engine/Plugins/Animation/ControlRig/Content/Controls/ControlRig_Diamond_solid.uasset" 336
"../../../Engine/Plugins/Animation/ControlRig/Content/Controls/ControlRig_Diamond_solid.uexp" 337
"../../../Engine/Content/EngineMaterials/LTC/Sheen_LTC.uasset" 338
"../../../Engine/Content/EngineMaterials/LTC/Sheen_LTC.uexp" 339
"../../../Engine/Plugins/Animation/ControlRig/Content/Controls/ControlRig_HalfCircle_1mm.ubulk" 340
"../../../Engine/Plugins/Animation/ControlRig/Content/Controls/ControlRig_HalfCircle_1mm.uasset" 341
"../../../Engine/Plugins/Animation/ControlRig/Content/Controls/ControlRig_HalfCircle_1mm.uexp" 342
"../../../Engine/Plugins/Animation/ControlRig/Content/Controls/ControlRig_HalfCircle_3mm.ubulk" 343
"../../../Engine/Plugins/Animation/ControlRig/Content/Controls/ControlRig_HalfCircle_3mm.uasset" 344
"../../../Engine/Plugins/Animation/ControlRig/Content/Controls/ControlRig_HalfCircle_3mm.uexp" 345
"../../../Engine/Plugins/Animation/ControlRig/Content/Controls/ControlRig_HalfCircle_solid.ubulk" 346
"../../../Engine/Plugins/Animation/ControlRig/Content/Controls/ControlRig_HalfCircle_solid.uasset" 347
"../../../Engine/Plugins/Animation/ControlRig/Content/Controls/ControlRig_HalfCircle_solid.uexp" 348
"../../../Engine/Plugins/Animation/ControlRig/Content/Controls/ControlRig_Hexagon_1mm.ubulk" 349
"../../../Engine/Plugins/Animation/ControlRig/Content/Controls/ControlRig_Hexagon_1mm.uasset" 350
"../../../Engine/Plugins/Animation/ControlRig/Content/Controls/ControlRig_Hexagon_1mm.uexp" 351
"../../../Engine/Plugins/Animation/ControlRig/Content/Controls/ControlRig_Hexagon_3mm.ubulk" 352
"../../../Engine/Plugins/Animation/ControlRig/Content/Controls/ControlRig_Hexagon_3mm.uasset" 353
"../../../Engine/Plugins/Animation/ControlRig/Content/Controls/ControlRig_Hexagon_3mm.uexp" 354
"../../../Engine/Plugins/Animation/ControlRig/Content/Controls/ControlRig_Hexagon_solid.ubulk" 355
"../../../Engine/Plugins/Animation/ControlRig/Content/Controls/ControlRig_Hexagon_solid.uasset" 356
"../../../Engine/Plugins/Animation/ControlRig/Content/Controls/ControlRig_Hexagon_solid.uexp" 357
"../../../Engine/Content/EngineResources/Development/ZenLogo_64.uasset" 358
"../../../Engine/Content/EngineResources/Development/ZenLogo_64.uexp" 359
"../../../Engine/Plugins/Animation/ControlRig/Content/Controls/ControlRig_Octagon_1mm.ubulk" 360
"../../../Engine/Plugins/Animation/ControlRig/Content/Controls/ControlRig_Octagon_1mm.uasset" 361
"../../../Engine/Plugins/Animation/ControlRig/Content/Controls/ControlRig_Octagon_1mm.uexp" 362
"../../../Engine/Content/EngineResources/FilmGrains/Marcie_Grain_v3_128_M2_000.uasset" 363
"../../../Engine/Content/EngineResources/FilmGrains/Marcie_Grain_v3_128_M2_000.uexp" 364
"../../../Engine/Plugins/Animation/ControlRig/Content/Controls/ControlRig_Octagon_3mm.ubulk" 365
"../../../Engine/Plugins/Animation/ControlRig/Content/Controls/ControlRig_Octagon_3mm.uasset" 366
"../../../Engine/Plugins/Animation/ControlRig/Content/Controls/ControlRig_Octagon_3mm.uexp" 367
"../../../Engine/Plugins/Animation/ControlRig/Content/Controls/ControlRig_Octagon_solid.ubulk" 368
"../../../Engine/Plugins/Animation/ControlRig/Content/Controls/ControlRig_Octagon_solid.uasset" 369
"../../../Engine/Plugins/Animation/ControlRig/Content/Controls/ControlRig_Octagon_solid.uexp" 370
"../../../Engine/Plugins/Animation/ControlRig/Content/Controls/ControlRig_Pyramid_1mm.ubulk" 371
"../../../Engine/Plugins/Animation/ControlRig/Content/Controls/ControlRig_Pyramid_1mm.uasset" 372
"../../../Engine/Plugins/Animation/ControlRig/Content/Controls/ControlRig_Pyramid_1mm.uexp" 373
"../../../Engine/Plugins/Animation/ControlRig/Content/Controls/ControlRig_Pyramid_3mm.ubulk" 374
"../../../Engine/Plugins/Animation/ControlRig/Content/Controls/ControlRig_Pyramid_3mm.uasset" 375
"../../../Engine/Plugins/Animation/ControlRig/Content/Controls/ControlRig_Pyramid_3mm.uexp" 376
"../../../Engine/Plugins/Animation/ControlRig/Content/Controls/ControlRig_Pyramid_solid.ubulk" 377
"../../../Engine/Plugins/Animation/ControlRig/Content/Controls/ControlRig_Pyramid_solid.uasset" 378
"../../../Engine/Plugins/Animation/ControlRig/Content/Controls/ControlRig_Pyramid_solid.uexp" 379
"../../../Engine/Plugins/Animation/ControlRig/Content/Controls/ControlRig_QuarterCircle_1mm.ubulk" 380
"../../../Engine/Plugins/Animation/ControlRig/Content/Controls/ControlRig_QuarterCircle_1mm.uasset" 381
"../../../Engine/Plugins/Animation/ControlRig/Content/Controls/ControlRig_QuarterCircle_1mm.uexp" 382
"../../../Engine/Plugins/Animation/ControlRig/Content/Controls/ControlRig_QuarterCircle_3mm.ubulk" 383
"../../../Engine/Plugins/Animation/ControlRig/Content/Controls/ControlRig_QuarterCircle_3mm.uasset" 384
"../../../Engine/Plugins/Animation/ControlRig/Content/Controls/ControlRig_QuarterCircle_3mm.uexp" 385
"../../../Engine/Plugins/Animation/ControlRig/Content/Controls/ControlRig_QuarterCircle_solid.ubulk" 386
"../../../Engine/Plugins/Animation/ControlRig/Content/Controls/ControlRig_QuarterCircle_solid.uasset" 387
"../../../Engine/Plugins/Animation/ControlRig/Content/Controls/ControlRig_QuarterCircle_solid.uexp" 388
"../../../Engine/Plugins/Animation/ControlRig/Content/Controls/ControlRig_RoundedSquare_1mm.ubulk" 389
"../../../Engine/Plugins/Animation/ControlRig/Content/Controls/ControlRig_RoundedSquare_1mm.uasset" 390
"../../../Engine/Plugins/Animation/ControlRig/Content/Controls/ControlRig_RoundedSquare_1mm.uexp" 391
"../../../Engine/Plugins/Animation/ControlRig/Content/Controls/ControlRig_RoundedSquare_3mm.ubulk" 392
"../../../Engine/Plugins/Animation/ControlRig/Content/Controls/ControlRig_RoundedSquare_3mm.uasset" 393
"../../../Engine/Plugins/Animation/ControlRig/Content/Controls/ControlRig_RoundedSquare_3mm.uexp" 394
"../../../Engine/Plugins/Animation/ControlRig/Content/Controls/ControlRig_RoundedSquare_solid.ubulk" 395
"../../../Engine/Plugins/Animation/ControlRig/Content/Controls/ControlRig_RoundedSquare_solid.uasset" 396
"../../../Engine/Plugins/Animation/ControlRig/Content/Controls/ControlRig_RoundedSquare_solid.uexp" 397
"../../../Engine/Plugins/Animation/ControlRig/Content/Controls/ControlRig_RoundedTriangle_1mm.ubulk" 398
"../../../Engine/Plugins/Animation/ControlRig/Content/Controls/ControlRig_RoundedTriangle_1mm.uasset" 399
"../../../Engine/Plugins/Animation/ControlRig/Content/Controls/ControlRig_RoundedTriangle_1mm.uexp" 400
"../../../Engine/Plugins/Animation/ControlRig/Content/Controls/ControlRig_RoundedTriangle_3mm.ubulk" 401
"../../../Engine/Plugins/Animation/ControlRig/Content/Controls/ControlRig_RoundedTriangle_3mm.uasset" 402
"../../../Engine/Plugins/Animation/ControlRig/Content/Controls/ControlRig_RoundedTriangle_3mm.uexp" 403
"../../../Engine/Plugins/Animation/ControlRig/Content/Controls/ControlRig_RoundedTriangle_solid.ubulk" 404
"../../../Engine/Plugins/Animation/ControlRig/Content/Controls/ControlRig_RoundedTriangle_solid.uasset" 405
"../../../Engine/Plugins/Animation/ControlRig/Content/Controls/ControlRig_RoundedTriangle_solid.uexp" 406
"../../../Engine/Plugins/Animation/ControlRig/Content/Controls/ControlRig_Sphere_1mm.ubulk" 407
"../../../Engine/Plugins/Animation/ControlRig/Content/Controls/ControlRig_Sphere_1mm.uasset" 408
"../../../Engine/Plugins/Animation/ControlRig/Content/Controls/ControlRig_Sphere_1mm.uexp" 409
"../../../Engine/Plugins/Animation/ControlRig/Content/Controls/ControlRig_Sphere_3mm.ubulk" 410
"../../../Engine/Plugins/Animation/ControlRig/Content/Controls/ControlRig_Sphere_3mm.uasset" 411
"../../../Engine/Plugins/Animation/ControlRig/Content/Controls/ControlRig_Sphere_3mm.uexp" 412
"../../../Engine/Plugins/Animation/ControlRig/Content/Controls/ControlRig_Sphere_solid.ubulk" 413
"../../../Engine/Plugins/Animation/ControlRig/Content/Controls/ControlRig_Sphere_solid.uasset" 414
"../../../Engine/Plugins/Animation/ControlRig/Content/Controls/ControlRig_Sphere_solid.uexp" 415
"../../../Engine/Plugins/Animation/ControlRig/Content/Controls/ControlRig_Square_1mm.ubulk" 416
"../../../Engine/Plugins/Animation/ControlRig/Content/Controls/ControlRig_Square_1mm.uasset" 417
"../../../Engine/Plugins/Animation/ControlRig/Content/Controls/ControlRig_Square_1mm.uexp" 418
"../../../Engine/Plugins/Animation/ControlRig/Content/Controls/ControlRig_Square_3mm.ubulk" 419
"../../../Engine/Plugins/Animation/ControlRig/Content/Controls/ControlRig_Square_3mm.uasset" 420
"../../../Engine/Plugins/Animation/ControlRig/Content/Controls/ControlRig_Square_3mm.uexp" 421
"../../../Engine/Content/EngineResources/DefaultTextureCube.uasset" 422
"../../../Engine/Content/EngineResources/DefaultTextureCube.uexp" 423
"../../../Engine/Content/EngineResources/GradientTexture0.uasset" 424
"../../../Engine/Content/EngineResources/GradientTexture0.uexp" 425
"../../../Engine/Plugins/Animation/ControlRig/Content/Controls/ControlRig_Square_solid.ubulk" 426
"../../../Engine/Plugins/Animation/ControlRig/Content/Controls/ControlRig_Square_solid.uasset" 427
"../../../Engine/Plugins/Animation/ControlRig/Content/Controls/ControlRig_Square_solid.uexp" 428
"../../../Engine/Plugins/Animation/ControlRig/Content/Controls/ControlRig_Star4_1mm.ubulk" 429
"../../../Engine/Plugins/Animation/ControlRig/Content/Controls/ControlRig_Star4_1mm.uasset" 430
"../../../Engine/Plugins/Animation/ControlRig/Content/Controls/ControlRig_Star4_1mm.uexp" 431
"../../../Engine/Plugins/Animation/ControlRig/Content/Controls/ControlRig_Star4_3mm.ubulk" 432
"../../../Engine/Plugins/Animation/ControlRig/Content/Controls/ControlRig_Star4_3mm.uasset" 433
"../../../Engine/Plugins/Animation/ControlRig/Content/Controls/ControlRig_Star4_3mm.uexp" 434
"../../../Engine/Plugins/Animation/ControlRig/Content/Controls/ControlRig_Star4_solid.ubulk" 435
"../../../Engine/Plugins/Animation/ControlRig/Content/Controls/ControlRig_Star4_solid.uasset" 436
"../../../Engine/Plugins/Animation/ControlRig/Content/Controls/ControlRig_Star4_solid.uexp" 437
"../../../Engine/Plugins/Animation/ControlRig/Content/Controls/ControlRig_Triangle_1mm.ubulk" 438
"../../../Engine/Plugins/Animation/ControlRig/Content/Controls/ControlRig_Triangle_1mm.uasset" 439
"../../../Engine/Plugins/Animation/ControlRig/Content/Controls/ControlRig_Triangle_1mm.uexp" 440
"../../../Engine/Plugins/Animation/ControlRig/Content/Controls/ControlRig_Triangle_3mm.ubulk" 441
"../../../Engine/Plugins/Animation/ControlRig/Content/Controls/ControlRig_Triangle_3mm.uasset" 442
"../../../Engine/Plugins/Animation/ControlRig/Content/Controls/ControlRig_Triangle_3mm.uexp" 443
"../../../Engine/Plugins/Animation/ControlRig/Content/Controls/ControlRig_Triangle_solid.ubulk" 444
"../../../Engine/Plugins/Animation/ControlRig/Content/Controls/ControlRig_Triangle_solid.uasset" 445
"../../../Engine/Plugins/Animation/ControlRig/Content/Controls/ControlRig_Triangle_solid.uexp" 446
"../../../Engine/Plugins/Animation/ControlRig/Content/Controls/ControlRig_Wedge_1mm.ubulk" 447
"../../../Engine/Plugins/Animation/ControlRig/Content/Controls/ControlRig_Wedge_1mm.uasset" 448
"../../../Engine/Plugins/Animation/ControlRig/Content/Controls/ControlRig_Wedge_1mm.uexp" 449
"../../../Engine/Plugins/Animation/ControlRig/Content/Controls/ControlRig_Wedge_3mm.ubulk" 450
"../../../Engine/Plugins/Animation/ControlRig/Content/Controls/ControlRig_Wedge_3mm.uasset" 451
"../../../Engine/Plugins/Animation/ControlRig/Content/Controls/ControlRig_Wedge_3mm.uexp" 452
"../../../Engine/Plugins/Animation/ControlRig/Content/Controls/ControlRig_Wedge_solid.ubulk" 453
"../../../Engine/Plugins/Animation/ControlRig/Content/Controls/ControlRig_Wedge_solid.uasset" 454
"../../../Engine/Plugins/Animation/ControlRig/Content/Controls/ControlRig_Wedge_solid.uexp" 455
"../../../Engine/Content/Functions/Engine_MaterialFunctions01/Texturing/FlattenNormal.uasset" 456
"../../../Engine/Content/Functions/Engine_MaterialFunctions01/Texturing/FlattenNormal.uexp" 457
"../../../Engine/Plugins/Interchange/Assets/Content/Utilities/New_LUT.uasset" 458
"../../../Engine/Plugins/Interchange/Assets/Content/Utilities/New_LUT.uexp" 459
"../../../Engine/Content/Functions/Engine_MaterialFunctions03/Math/RemapValueRange.uasset" 460
"../../../Engine/Content/Functions/Engine_MaterialFunctions03/Math/RemapValueRange.uexp" 461
"../../../Engine/Plugins/Interchange/Assets/Content/Functions/MF_Iridescence.uasset" 462
"../../../Engine/Plugins/Interchange/Assets/Content/Functions/MF_Iridescence.uexp" 463
"../../../Engine/Plugins/Interchange/Assets/Content/gltf/Textures/T_White_srgb.uasset" 464
"../../../Engine/Plugins/Interchange/Assets/Content/gltf/Textures/T_White_srgb.uexp" 465
"../../../Engine/Plugins/Interchange/Assets/Content/gltf/MaterialFunctions/MF_BaseColor.uasset" 466
"../../../Engine/Plugins/Interchange/Assets/Content/gltf/MaterialFunctions/MF_BaseColor.uexp" 467
"../../../Engine/Plugins/Interchange/Assets/Content/gltf/MaterialFunctions/MF_RotateNormals_TS.uasset" 468
"../../../Engine/Plugins/Interchange/Assets/Content/gltf/MaterialFunctions/MF_RotateNormals_TS.uexp" 469
"../../../Engine/Plugins/Interchange/Assets/Content/gltf/Textures/T_Generic_N.uasset" 470
"../../../Engine/Plugins/Interchange/Assets/Content/gltf/Textures/T_Generic_N.uexp" 471
"../../../Engine/Plugins/Interchange/Assets/Content/gltf/Textures/T_White_Linear.uasset" 472
"../../../Engine/Plugins/Interchange/Assets/Content/gltf/Textures/T_White_Linear.uexp" 473
"../../../Engine/Plugins/Interchange/Assets/Content/gltf/MaterialFunctions/MF_Clearcoat.uasset" 474
"../../../Engine/Plugins/Interchange/Assets/Content/gltf/MaterialFunctions/MF_Clearcoat.uexp" 475
"../../../Engine/Plugins/Interchange/Assets/Content/gltf/MaterialFunctions/MF_Emissive.uasset" 476
"../../../Engine/Plugins/Interchange/Assets/Content/gltf/MaterialFunctions/MF_Emissive.uexp" 477
"../../../Engine/Plugins/Interchange/Assets/Content/gltf/MaterialFunctions/MF_IOR.uasset" 478
"../../../Engine/Plugins/Interchange/Assets/Content/gltf/MaterialFunctions/MF_IOR.uexp" 479
"../../../Engine/Plugins/Interchange/Assets/Content/gltf/MaterialFunctions/MF_Iridescence.uasset" 480
"../../../Engine/Plugins/Interchange/Assets/Content/gltf/MaterialFunctions/MF_Iridescence.uexp" 481
"../../../Engine/Plugins/Interchange/Assets/Content/gltf/MaterialFunctions/MF_MetallicRoughness.uasset" 482
"../../../Engine/Plugins/Interchange/Assets/Content/gltf/MaterialFunctions/MF_MetallicRoughness.uexp" 483
"../../../Engine/Plugins/Interchange/Assets/Content/gltf/MaterialFunctions/MF_ScaleNormal.uasset" 484
"../../../Engine/Plugins/Interchange/Assets/Content/gltf/MaterialFunctions/MF_ScaleNormal.uexp" 485
"../../../Engine/Plugins/Interchange/Assets/Content/gltf/MaterialFunctions/MF_Normals.uasset" 486
"../../../Engine/Plugins/Interchange/Assets/Content/gltf/MaterialFunctions/MF_Normals.uexp" 487
"../../../Engine/Plugins/Interchange/Assets/Content/gltf/MaterialFunctions/MF_Occlusion.uasset" 488
"../../../Engine/Plugins/Interchange/Assets/Content/gltf/MaterialFunctions/MF_Occlusion.uexp" 489
"../../../Engine/Plugins/Interchange/Assets/Content/gltf/MaterialFunctions/MF_Specular.uasset" 490
"../../../Engine/Plugins/Interchange/Assets/Content/gltf/MaterialFunctions/MF_Specular.uexp" 491
"../../../Engine/Plugins/Interchange/Assets/Content/gltf/Textures/T_Anisotropy_Direction_Linear.uasset" 492
"../../../Engine/Plugins/Interchange/Assets/Content/gltf/Textures/T_Anisotropy_Direction_Linear.uexp" 493
"../../../Engine/Plugins/Interchange/Assets/Content/gltf/MaterialFunctions/MF_SpecularAnisotropy.uasset" 494
"../../../Engine/Plugins/Interchange/Assets/Content/gltf/MaterialFunctions/MF_SpecularAnisotropy.uexp" 495
"../../../Engine/Plugins/Interchange/Assets/Content/gltf/MaterialFunctions/MF_RotateV2.uasset" 496
"../../../Engine/Plugins/Interchange/Assets/Content/gltf/MaterialFunctions/MF_RotateV2.uexp" 497
"../../../Engine/Plugins/Interchange/Assets/Content/gltf/MaterialFunctions/MF_TransformUVs.uasset" 498
"../../../Engine/Plugins/Interchange/Assets/Content/gltf/MaterialFunctions/MF_TransformUVs.uexp" 499
"../../../Engine/Plugins/Interchange/Assets/Content/gltf/MaterialBodies/MF_ClearCoat_Body.uasset" 500
"../../../Engine/Plugins/Interchange/Assets/Content/gltf/MaterialBodies/MF_ClearCoat_Body.uexp" 501
"../../../Engine/Plugins/Interchange/Assets/Content/gltf/M_ClearCoat.uasset" 502
"../../../Engine/Plugins/Interchange/Assets/Content/gltf/M_ClearCoat.uexp" 503
"../../../Engine/Plugins/Interchange/Assets/Content/gltf/MaterialInstances/MI_ClearCoat_Blend.uasset" 504
"../../../Engine/Plugins/Interchange/Assets/Content/gltf/MaterialInstances/MI_ClearCoat_Blend.uexp" 505
"../../../Engine/Plugins/Interchange/Assets/Content/gltf/MaterialInstances/MI_ClearCoat_Blend_DS.uasset" 506
"../../../Engine/Plugins/Interchange/Assets/Content/gltf/MaterialInstances/MI_ClearCoat_Blend_DS.uexp" 507
"../../../Engine/Plugins/Interchange/Assets/Content/gltf/MaterialInstances/MI_ClearCoat_Mask.uasset" 508
"../../../Engine/Plugins/Interchange/Assets/Content/gltf/MaterialInstances/MI_ClearCoat_Mask.uexp" 509
"../../../Engine/Plugins/Interchange/Assets/Content/gltf/MaterialInstances/MI_ClearCoat_Mask_DS.uasset" 510
"../../../Engine/Plugins/Interchange/Assets/Content/gltf/MaterialInstances/MI_ClearCoat_Mask_DS.uexp" 511
"../../../Engine/Plugins/Interchange/Assets/Content/gltf/MaterialInstances/MI_ClearCoat_Opaque.uasset" 512
"../../../Engine/Plugins/Interchange/Assets/Content/gltf/MaterialInstances/MI_ClearCoat_Opaque.uexp" 513
"../../../Engine/Plugins/Interchange/Assets/Content/gltf/MaterialInstances/MI_ClearCoat_Opaque_DS.uasset" 514
"../../../Engine/Plugins/Interchange/Assets/Content/gltf/MaterialInstances/MI_ClearCoat_Opaque_DS.uexp" 515
"../../../Engine/Plugins/Interchange/Assets/Content/gltf/MaterialBodies/MF_Default_Body.uasset" 516
"../../../Engine/Plugins/Interchange/Assets/Content/gltf/MaterialBodies/MF_Default_Body.uexp" 517
"../../../Engine/Plugins/Interchange/Assets/Content/gltf/M_Default.uasset" 518
"../../../Engine/Plugins/Interchange/Assets/Content/gltf/M_Default.uexp" 519
"../../../Engine/Plugins/Interchange/Assets/Content/gltf/MaterialInstances/MI_Default_Blend.uasset" 520
"../../../Engine/Plugins/Interchange/Assets/Content/gltf/MaterialInstances/MI_Default_Blend.uexp" 521
"../../../Engine/Plugins/Interchange/Assets/Content/gltf/MaterialInstances/MI_Default_Blend_DS.uasset" 522
"../../../Engine/Plugins/Interchange/Assets/Content/gltf/MaterialInstances/MI_Default_Blend_DS.uexp" 523
"../../../Engine/Plugins/Interchange/Assets/Content/gltf/MaterialInstances/MI_Default_Mask.uasset" 524
"../../../Engine/Plugins/Interchange/Assets/Content/gltf/MaterialInstances/MI_Default_Mask.uexp" 525
"../../../Engine/Plugins/Interchange/Assets/Content/gltf/MaterialInstances/MI_Default_Mask_DS.uasset" 526
"../../../Engine/Plugins/Interchange/Assets/Content/gltf/MaterialInstances/MI_Default_Mask_DS.uexp" 527
"../../../Engine/Plugins/Interchange/Assets/Content/gltf/MaterialInstances/MI_Default_Opaque.uasset" 528
"../../../Engine/Plugins/Interchange/Assets/Content/gltf/MaterialInstances/MI_Default_Opaque.uexp" 529
"../../../Engine/Plugins/Interchange/Assets/Content/gltf/MaterialInstances/MI_Default_Opaque_DS.uasset" 530
"../../../Engine/Plugins/Interchange/Assets/Content/gltf/MaterialInstances/MI_Default_Opaque_DS.uexp" 531
"../../../Engine/Plugins/Interchange/Assets/Content/gltf/MaterialFunctions/MF_Sheen.uasset" 532
"../../../Engine/Plugins/Interchange/Assets/Content/gltf/MaterialFunctions/MF_Sheen.uexp" 533
"../../../Engine/Plugins/Interchange/Assets/Content/gltf/MaterialBodies/MF_Sheen_Body.uasset" 534
"../../../Engine/Plugins/Interchange/Assets/Content/gltf/MaterialBodies/MF_Sheen_Body.uexp" 535
"../../../Engine/Plugins/Interchange/Assets/Content/gltf/M_Sheen.uasset" 536
"../../../Engine/Plugins/Interchange/Assets/Content/gltf/M_Sheen.uexp" 537
"../../../Engine/Plugins/Interchange/Assets/Content/gltf/MaterialInstances/MI_Sheen_Blend.uasset" 538
"../../../Engine/Plugins/Interchange/Assets/Content/gltf/MaterialInstances/MI_Sheen_Blend.uexp" 539
"../../../Engine/Plugins/Interchange/Assets/Content/gltf/MaterialInstances/MI_Sheen_Blend_DS.uasset" 540
"../../../Engine/Plugins/Interchange/Assets/Content/gltf/MaterialInstances/MI_Sheen_Blend_DS.uexp" 541
"../../../Engine/Plugins/Interchange/Assets/Content/gltf/MaterialInstances/MI_Sheen_Mask.uasset" 542
"../../../Engine/Plugins/Interchange/Assets/Content/gltf/MaterialInstances/MI_Sheen_Mask.uexp" 543
"../../../Engine/Plugins/Interchange/Assets/Content/gltf/MaterialInstances/MI_Sheen_Mask_DS.uasset" 544
"../../../Engine/Plugins/Interchange/Assets/Content/gltf/MaterialInstances/MI_Sheen_Mask_DS.uexp" 545
"../../../Engine/Plugins/Interchange/Assets/Content/gltf/MaterialInstances/MI_Sheen_Opaque.uasset" 546
"../../../Engine/Plugins/Interchange/Assets/Content/gltf/MaterialInstances/MI_Sheen_Opaque.uexp" 547
"../../../Engine/Plugins/Interchange/Assets/Content/gltf/MaterialInstances/MI_Sheen_Opaque_DS.uasset" 548
"../../../Engine/Plugins/Interchange/Assets/Content/gltf/MaterialInstances/MI_Sheen_Opaque_DS.uexp" 549
"../../../Engine/Plugins/Interchange/Assets/Content/gltf/MaterialFunctions/MF_DiffuseSpecGloss.uasset" 550
"../../../Engine/Plugins/Interchange/Assets/Content/gltf/MaterialFunctions/MF_DiffuseSpecGloss.uexp" 551
"../../../Engine/Plugins/Interchange/Assets/Content/gltf/MaterialFunctions/MF_MaxComponentValue.uasset" 552
"../../../Engine/Plugins/Interchange/Assets/Content/gltf/MaterialFunctions/MF_MaxComponentValue.uexp" 553
"../../../Engine/Content/Functions/Engine_MaterialFunctions02/Math/AddComponents.uasset" 554
"../../../Engine/Content/Functions/Engine_MaterialFunctions02/Math/AddComponents.uexp" 555
"../../../Engine/Plugins/Interchange/Assets/Content/gltf/MaterialFunctions/MF_PerceivedBrightness.uasset" 556
"../../../Engine/Plugins/Interchange/Assets/Content/gltf/MaterialFunctions/MF_PerceivedBrightness.uexp" 557
"../../../Engine/Plugins/Interchange/Assets/Content/gltf/MaterialFunctions/MF_SpecGlossToMetalRoughness.uasset" 558
"../../../Engine/Plugins/Interchange/Assets/Content/gltf/MaterialFunctions/MF_SpecGlossToMetalRoughness.uexp" 559
"../../../Engine/Plugins/Interchange/Assets/Content/gltf/MaterialBodies/MF_SpecularGlossiness_Body.uasset" 560
"../../../Engine/Plugins/Interchange/Assets/Content/gltf/MaterialBodies/MF_SpecularGlossiness_Body.uexp" 561
"../../../Engine/Plugins/Interchange/Assets/Content/gltf/M_SpecularGlossiness.uasset" 562
"../../../Engine/Plugins/Interchange/Assets/Content/gltf/M_SpecularGlossiness.uexp" 563
"../../../Engine/Plugins/Interchange/Assets/Content/gltf/MaterialInstances/MI_SpecularGlossiness_Blend.uasset" 564
"../../../Engine/Plugins/Interchange/Assets/Content/gltf/MaterialInstances/MI_SpecularGlossiness_Blend.uexp" 565
"../../../Engine/Plugins/Interchange/Assets/Content/gltf/MaterialInstances/MI_SpecularGlossiness_Blend_DS.uasset" 566
"../../../Engine/Plugins/Interchange/Assets/Content/gltf/MaterialInstances/MI_SpecularGlossiness_Blend_DS.uexp" 567
"../../../Engine/Plugins/Interchange/Assets/Content/gltf/MaterialInstances/MI_SpecularGlossiness_Mask.uasset" 568
"../../../Engine/Plugins/Interchange/Assets/Content/gltf/MaterialInstances/MI_SpecularGlossiness_Mask.uexp" 569
"../../../Engine/Plugins/Interchange/Assets/Content/gltf/MaterialInstances/MI_SpecularGlossiness_Mask_DS.uasset" 570
"../../../Engine/Plugins/Interchange/Assets/Content/gltf/MaterialInstances/MI_SpecularGlossiness_Mask_DS.uexp" 571
"../../../Engine/Plugins/Interchange/Assets/Content/gltf/MaterialInstances/MI_SpecularGlossiness_Opaque.uasset" 572
"../../../Engine/Plugins/Interchange/Assets/Content/gltf/MaterialInstances/MI_SpecularGlossiness_Opaque.uexp" 573
"../../../Engine/Plugins/Interchange/Assets/Content/gltf/MaterialInstances/MI_SpecularGlossiness_Opaque_DS.uasset" 574
"../../../Engine/Plugins/Interchange/Assets/Content/gltf/MaterialInstances/MI_SpecularGlossiness_Opaque_DS.uexp" 575
"../../../Engine/Content/EngineMaterials/Good64x64TilingNoiseHighFreq.uasset" 576
"../../../Engine/Content/EngineMaterials/Good64x64TilingNoiseHighFreq.uexp" 577
"../../../Engine/Content/Functions/Engine_MaterialFunctions02/Texturing/ScreenAlignedPixelToPixelUVs.uasset" 578
"../../../Engine/Content/Functions/Engine_MaterialFunctions02/Texturing/ScreenAlignedPixelToPixelUVs.uexp" 579
"../../../Engine/Plugins/Interchange/Assets/Content/gltf/MaterialFunctions/MF_Fresnel_DS.uasset" 580
"../../../Engine/Plugins/Interchange/Assets/Content/gltf/MaterialFunctions/MF_Fresnel_DS.uexp" 581
"../../../Engine/Plugins/Interchange/Assets/Content/gltf/MaterialFunctions/MF_Temporal_Blur.uasset" 582
"../../../Engine/Plugins/Interchange/Assets/Content/gltf/MaterialFunctions/MF_Temporal_Blur.uexp" 583
"../../../Engine/Plugins/Interchange/Assets/Content/gltf/MaterialFunctions/MF_Transmission.uasset" 584
"../../../Engine/Plugins/Interchange/Assets/Content/gltf/MaterialFunctions/MF_Transmission.uexp" 585
"../../../Engine/Plugins/Interchange/Assets/Content/gltf/MaterialBodies/MF_Transmission_Body.uasset" 586
"../../../Engine/Plugins/Interchange/Assets/Content/gltf/MaterialBodies/MF_Transmission_Body.uexp" 587
"../../../Engine/Plugins/Interchange/Assets/Content/gltf/M_Transmission.uasset" 588
"../../../Engine/Plugins/Interchange/Assets/Content/gltf/M_Transmission.uexp" 589
"../../../Engine/Plugins/Interchange/Assets/Content/gltf/MaterialInstances/MI_Transmission.uasset" 590
"../../../Engine/Plugins/Interchange/Assets/Content/gltf/MaterialInstances/MI_Transmission.uexp" 591
"../../../Engine/Plugins/Interchange/Assets/Content/gltf/MaterialInstances/MI_Transmission_DS.uasset" 592
"../../../Engine/Plugins/Interchange/Assets/Content/gltf/MaterialInstances/MI_Transmission_DS.uexp" 593
"../../../Engine/Plugins/Interchange/Assets/Content/gltf/MaterialBodies/MF_Unlit_Body.uasset" 594
"../../../Engine/Plugins/Interchange/Assets/Content/gltf/MaterialBodies/MF_Unlit_Body.uexp" 595
"../../../Engine/Plugins/Interchange/Assets/Content/gltf/M_Unlit.uasset" 596
"../../../Engine/Plugins/Interchange/Assets/Content/gltf/M_Unlit.uexp" 597
"../../../Engine/Plugins/Interchange/Assets/Content/gltf/MaterialInstances/MI_Unlit_Blend.uasset" 598
"../../../Engine/Plugins/Interchange/Assets/Content/gltf/MaterialInstances/MI_Unlit_Blend.uexp" 599
"../../../Engine/Plugins/Interchange/Assets/Content/gltf/MaterialInstances/MI_Unlit_Blend_DS.uasset" 600
"../../../Engine/Plugins/Interchange/Assets/Content/gltf/MaterialInstances/MI_Unlit_Blend_DS.uexp" 601
"../../../Engine/Plugins/Interchange/Assets/Content/gltf/MaterialInstances/MI_Unlit_Mask.uasset" 602
"../../../Engine/Plugins/Interchange/Assets/Content/gltf/MaterialInstances/MI_Unlit_Mask.uexp" 603
"../../../Engine/Plugins/Interchange/Assets/Content/gltf/MaterialInstances/MI_Unlit_Mask_DS.uasset" 604
"../../../Engine/Plugins/Interchange/Assets/Content/gltf/MaterialInstances/MI_Unlit_Mask_DS.uexp" 605
"../../../Engine/Plugins/Interchange/Assets/Content/gltf/MaterialInstances/MI_Unlit_Opaque.uasset" 606
"../../../Engine/Plugins/Interchange/Assets/Content/gltf/MaterialInstances/MI_Unlit_Opaque.uexp" 607
"../../../Engine/Plugins/Interchange/Assets/Content/gltf/MaterialInstances/MI_Unlit_Opaque_DS.uasset" 608
"../../../Engine/Plugins/Interchange/Assets/Content/gltf/MaterialInstances/MI_Unlit_Opaque_DS.uexp" 609
"../../../Engine/Plugins/Animation/DeformerGraph/Content/DeformerFunctions/DG_Function_LinearBlendSkin_Morph_Cloth.uasset" 610
"../../../Engine/Plugins/Animation/DeformerGraph/Content/DeformerFunctions/DG_Function_LinearBlendSkin_Morph_Cloth.uexp" 611
"../../../Engine/Plugins/Animation/DeformerGraph/Content/Deformers/DG_LinearBlendSkin_Morph_Cloth.uasset" 612
"../../../Engine/Plugins/Animation/DeformerGraph/Content/Deformers/DG_LinearBlendSkin_Morph_Cloth.uexp" 613
"../../../Engine/Plugins/Animation/DeformerGraph/Content/DeformerFunctions/DG_Function_ComputeNormalsTangents.uasset" 614
"../../../Engine/Plugins/Animation/DeformerGraph/Content/DeformerFunctions/DG_Function_ComputeNormalsTangents.uexp" 615
"../../../Engine/Plugins/Animation/DeformerGraph/Content/DeformerFunctions/DG_Function_LinearBlendSkin_Morph_Cloth_PositionOnly.uasset" 616
"../../../Engine/Plugins/Animation/DeformerGraph/Content/DeformerFunctions/DG_Function_LinearBlendSkin_Morph_Cloth_PositionOnly.uexp" 617
"../../../Engine/Plugins/Animation/DeformerGraph/Content/Deformers/DG_LinearBlendSkin_Morph_Cloth_RecomputeNormals.uasset" 618
"../../../Engine/Plugins/Animation/DeformerGraph/Content/Deformers/DG_LinearBlendSkin_Morph_Cloth_RecomputeNormals.uexp" 619
"../../../Engine/Content/Functions/Engine_MaterialFunctions02/Utility/VectorLength.uasset" 620
"../../../Engine/Content/Functions/Engine_MaterialFunctions02/Utility/VectorLength.uexp" 621
"../../../Engine/Content/Functions/Engine_MaterialFunctions02/WorldPositionOffset/ObjectScale.uasset" 622
"../../../Engine/Content/Functions/Engine_MaterialFunctions02/WorldPositionOffset/ObjectScale.uexp" 623
"../../../Engine/Plugins/Editor/SpeedTreeImporter/Content/SpeedTree9/Empty.uasset" 624
"../../../Engine/Plugins/Editor/SpeedTreeImporter/Content/SpeedTree9/Empty.uexp" 625
"../../../Engine/Plugins/Editor/SpeedTreeImporter/Content/SpeedTree9/EmptyNormal.uasset" 626
"../../../Engine/Plugins/Editor/SpeedTreeImporter/Content/SpeedTree9/EmptyNormal.uexp" 627
"../../../Engine/Plugins/Editor/SpeedTreeImporter/Content/SpeedTree9/game_wind_noise.ubulk" 628
"../../../Engine/Plugins/Editor/SpeedTreeImporter/Content/SpeedTree9/game_wind_noise.uasset" 629
"../../../Engine/Plugins/Editor/SpeedTreeImporter/Content/SpeedTree9/game_wind_noise.uexp" 630
"../../../Engine/Plugins/Editor/SpeedTreeImporter/Content/SpeedTree9/SpeedTreeBillboard.uasset" 631
"../../../Engine/Plugins/Editor/SpeedTreeImporter/Content/SpeedTree9/SpeedTreeBillboard.uexp" 632
"../../../Engine/Content/Functions/Engine_MaterialFunctions02/SafeNormalize.uasset" 633
"../../../Engine/Content/Functions/Engine_MaterialFunctions02/SafeNormalize.uexp" 634
"../../../Engine/Plugins/Editor/SpeedTreeImporter/Content/SpeedTree9/SpeedTreeWindMotion.uasset" 635
"../../../Engine/Plugins/Editor/SpeedTreeImporter/Content/SpeedTree9/SpeedTreeWindMotion.uexp" 636
"../../../Engine/Plugins/Editor/SpeedTreeImporter/Content/SpeedTree9/UnpackDirection.uasset" 637
"../../../Engine/Plugins/Editor/SpeedTreeImporter/Content/SpeedTree9/UnpackDirection.uexp" 638
"../../../Engine/Plugins/Editor/SpeedTreeImporter/Content/SpeedTree9/UnpackInteger3.uasset" 639
"../../../Engine/Plugins/Editor/SpeedTreeImporter/Content/SpeedTree9/UnpackInteger3.uexp" 640
"../../../Engine/Plugins/Editor/SpeedTreeImporter/Content/SpeedTree9/SpeedTreeBranchMotion.uasset" 641
"../../../Engine/Plugins/Editor/SpeedTreeImporter/Content/SpeedTree9/SpeedTreeBranchMotion.uexp" 642
"../../../Engine/Content/Functions/Engine_MaterialFunctions02/ObjectLocalBounds.uasset" 643
"../../../Engine/Content/Functions/Engine_MaterialFunctions02/ObjectLocalBounds.uexp" 644
"../../../Engine/Content/Functions/Engine_MaterialFunctions02/UVs/BoundingBoxBased_0-1_UVW.uasset" 645
"../../../Engine/Content/Functions/Engine_MaterialFunctions02/UVs/BoundingBoxBased_0-1_UVW.uexp" 646
"../../../Engine/Plugins/Editor/SpeedTreeImporter/Content/SpeedTree9/SpeedTreeWind.uasset" 647
"../../../Engine/Plugins/Editor/SpeedTreeImporter/Content/SpeedTree9/SpeedTreeWind.uexp" 648
"../../../Engine/Plugins/Editor/SpeedTreeImporter/Content/SpeedTree9/SpeedTreeBillboardMaster.uasset" 649
"../../../Engine/Plugins/Editor/SpeedTreeImporter/Content/SpeedTree9/SpeedTreeBillboardMaster.uexp" 650
"../../../Engine/Plugins/Editor/SpeedTreeImporter/Content/SpeedTree9/SpeedTreeCameraFacing.uasset" 651
"../../../Engine/Plugins/Editor/SpeedTreeImporter/Content/SpeedTree9/SpeedTreeCameraFacing.uexp" 652
"../../../Engine/Plugins/Editor/SpeedTreeImporter/Content/SpeedTree9/SpeedTreeMaster.uasset" 653
"../../../Engine/Plugins/Editor/SpeedTreeImporter/Content/SpeedTree9/SpeedTreeMaster.uexp" 654
"../../../Engine/Content/ArtTools/RenderToTexture/Meshes/S_1_Unit_Plane.ubulk" 655
"../../../Engine/Content/ArtTools/RenderToTexture/Meshes/S_1_Unit_Plane.uasset" 656
"../../../Engine/Content/ArtTools/RenderToTexture/Meshes/S_1_Unit_Plane.uexp" 657
"../../../Engine/Content/EngineMaterials/Substrate/GLints/AGlintTex2dArray.uasset" 658
"../../../Engine/Content/EngineMaterials/Substrate/GLints/AGlintTex2dArray.uexp" 659
"../../../Engine/Content/EngineMaterials/Substrate/Glints2/AGlintTex2dArray2.uasset" 660
"../../../Engine/Content/EngineMaterials/Substrate/Glints2/AGlintTex2dArray2.uexp" 661
"../../../Engine/Plugins/2D/Paper2D/Content/DefaultSpriteMaterial.uasset" 662
"../../../Engine/Plugins/2D/Paper2D/Content/DefaultSpriteMaterial.uexp" 663
"../../../Engine/Plugins/2D/Paper2D/Content/MaskedUnlitSpriteMaterial.uasset" 664
"../../../Engine/Plugins/2D/Paper2D/Content/MaskedUnlitSpriteMaterial.uexp" 665
"../../../Engine/Plugins/2D/Paper2D/Content/OpaqueUnlitSpriteMaterial.uasset" 666
"../../../Engine/Plugins/2D/Paper2D/Content/OpaqueUnlitSpriteMaterial.uexp" 667
"../../../Engine/Content/EngineMaterials/Substrate/Volume/SubstrateSimpleVolumeEnvLUT3D.uasset" 668
"../../../Engine/Content/EngineMaterials/Substrate/Volume/SubstrateSimpleVolumeEnvLUT3D.uexp" 669
"../../../Engine/Content/EngineMaterials/Substrate/Volume/SubstrateSimpleVolumeLUT3D.uasset" 670
"../../../Engine/Content/EngineMaterials/Substrate/Volume/SubstrateSimpleVolumeLUT3D.uexp" 671
"C:/Users/symig/Documents/GitHub/ARPG_5.7/Content/CityofBrass_Enemies/Textures/Corpse_Sword_Body_Low_green_BaseColor.ubulk" 672
"C:/Users/symig/Documents/GitHub/ARPG_5.7/Content/CityofBrass_Enemies/Textures/Corpse_Sword_Body_Low_green_BaseColor.uasset" 673
"C:/Users/symig/Documents/GitHub/ARPG_5.7/Content/CityofBrass_Enemies/Textures/Corpse_Sword_Body_Low_green_BaseColor.uexp" 674
"C:/Users/symig/Documents/GitHub/ARPG_5.7/Content/CityofBrass_Enemies/Textures/Corpse_Sword_Body_Low_green_Normal.ubulk" 675
"C:/Users/symig/Documents/GitHub/ARPG_5.7/Content/CityofBrass_Enemies/Textures/Corpse_Sword_Body_Low_green_Normal.uasset" 676
"C:/Users/symig/Documents/GitHub/ARPG_5.7/Content/CityofBrass_Enemies/Textures/Corpse_Sword_Body_Low_green_Normal.uexp" 677
"C:/Users/symig/Documents/GitHub/ARPG_5.7/Content/CityofBrass_Enemies/Textures/Corpse_Sword_Body_Low_green_OcclusionRoughnessMetallic.ubulk" 678
"C:/Users/symig/Documents/GitHub/ARPG_5.7/Content/CityofBrass_Enemies/Textures/Corpse_Sword_Body_Low_green_OcclusionRoughnessMetallic.uasset" 679
"C:/Users/symig/Documents/GitHub/ARPG_5.7/Content/CityofBrass_Enemies/Textures/Corpse_Sword_Body_Low_green_OcclusionRoughnessMetallic.uexp" 680
"../../../Engine/Content/Functions/Engine_MaterialFunctions01/Shading/ConvertFromDiffSpec.uasset" 681
"../../../Engine/Content/Functions/Engine_MaterialFunctions01/Shading/ConvertFromDiffSpec.uexp" 682
"../../../Engine/Content/Functions/Engine_MaterialFunctions01/Shading/PowerToRoughness.uasset" 683
"../../../Engine/Content/Functions/Engine_MaterialFunctions01/Shading/PowerToRoughness.uexp" 684
"C:/Users/symig/Documents/GitHub/ARPG_5.7/Content/TopDown/Data/firstBody.ubulk" 685
"C:/Users/symig/Documents/GitHub/ARPG_5.7/Content/TopDown/Data/firstBody.uasset" 686
"C:/Users/symig/Documents/GitHub/ARPG_5.7/Content/TopDown/Data/firstBody.uexp" 687
"C:/Users/symig/Documents/GitHub/ARPG_5.7/Content/TopDown/Data/firstBoots.ubulk" 688
"C:/Users/symig/Documents/GitHub/ARPG_5.7/Content/TopDown/Data/firstBoots.uasset" 689
"C:/Users/symig/Documents/GitHub/ARPG_5.7/Content/TopDown/Data/firstBoots.uexp" 690
"C:/Users/symig/Documents/GitHub/ARPG_5.7/Content/Characters/Mannequins/Meshes/SK_Mannequin.uasset" 691
"C:/Users/symig/Documents/GitHub/ARPG_5.7/Content/Characters/Mannequins/Meshes/SK_Mannequin.uexp" 692
"../../../Engine/Plugins/Animation/ControlRig/Content/Controls/DefaultGizmoLibrary.uasset" 693
"../../../Engine/Plugins/Animation/ControlRig/Content/Controls/DefaultGizmoLibrary.uexp" 694
"C:/Users/symig/Documents/GitHub/ARPG_5.7/Content/Characters/Mannequins/Rigs/CR_Mannequin_Procedural.uasset" 695
"C:/Users/symig/Documents/GitHub/ARPG_5.7/Content/Characters/Mannequins/Rigs/CR_Mannequin_Procedural.uexp" 696
"C:/Users/symig/Documents/GitHub/ARPG_5.7/Content/Characters/Mannequins/Rigs/Poses/Manny/Manny_calf_l_pose.uasset" 697
"C:/Users/symig/Documents/GitHub/ARPG_5.7/Content/Characters/Mannequins/Rigs/Poses/Manny/Manny_calf_l_pose.uexp" 698
"C:/Users/symig/Documents/GitHub/ARPG_5.7/Content/Characters/Mannequins/Rigs/Poses/Manny/Manny_calf_r_pose.uasset" 699
"C:/Users/symig/Documents/GitHub/ARPG_5.7/Content/Characters/Mannequins/Rigs/Poses/Manny/Manny_calf_r_pose.uexp" 700
"C:/Users/symig/Documents/GitHub/ARPG_5.7/Content/Characters/Mannequins/Rigs/Poses/Manny/Manny_clavicle_l_pose.uasset" 701
"C:/Users/symig/Documents/GitHub/ARPG_5.7/Content/Characters/Mannequins/Rigs/Poses/Manny/Manny_clavicle_l_pose.uexp" 702
"C:/Users/symig/Documents/GitHub/ARPG_5.7/Content/Characters/Mannequins/Rigs/Poses/Manny/Manny_clavicle_r_pose.uasset" 703
"C:/Users/symig/Documents/GitHub/ARPG_5.7/Content/Characters/Mannequins/Rigs/Poses/Manny/Manny_clavicle_r_pose.uexp" 704
"C:/Users/symig/Documents/GitHub/ARPG_5.7/Content/Characters/Mannequins/Rigs/Poses/Manny/Manny_foot_l_pose.uasset" 705
"C:/Users/symig/Documents/GitHub/ARPG_5.7/Content/Characters/Mannequins/Rigs/Poses/Manny/Manny_foot_l_pose.uexp" 706
"C:/Users/symig/Documents/GitHub/ARPG_5.7/Content/Characters/Mannequins/Rigs/Poses/Manny/Manny_foot_r_pose.uasset" 707
"C:/Users/symig/Documents/GitHub/ARPG_5.7/Content/Characters/Mannequins/Rigs/Poses/Manny/Manny_foot_r_pose.uexp" 708
"C:/Users/symig/Documents/GitHub/ARPG_5.7/Content/Characters/Mannequins/Rigs/Poses/Manny/Manny_hand_l_pose.uasset" 709
"C:/Users/symig/Documents/GitHub/ARPG_5.7/Content/Characters/Mannequins/Rigs/Poses/Manny/Manny_hand_l_pose.uexp" 710
"C:/Users/symig/Documents/GitHub/ARPG_5.7/Content/Characters/Mannequins/Rigs/Poses/Manny/Manny_hand_r_pose.uasset" 711
"C:/Users/symig/Documents/GitHub/ARPG_5.7/Content/Characters/Mannequins/Rigs/Poses/Manny/Manny_hand_r_pose.uexp" 712
"C:/Users/symig/Documents/GitHub/ARPG_5.7/Content/Characters/Mannequins/Rigs/Poses/Manny/Manny_lowerarm_l_pose.uasset" 713
"C:/Users/symig/Documents/GitHub/ARPG_5.7/Content/Characters/Mannequins/Rigs/Poses/Manny/Manny_lowerarm_l_pose.uexp" 714
"C:/Users/symig/Documents/GitHub/ARPG_5.7/Content/Characters/Mannequins/Rigs/Poses/Manny/Manny_lowerarm_r_pose.uasset" 715
"C:/Users/symig/Documents/GitHub/ARPG_5.7/Content/Characters/Mannequins/Rigs/Poses/Manny/Manny_lowerarm_r_pose.uexp" 716
"C:/Users/symig/Documents/GitHub/ARPG_5.7/Content/Characters/Mannequins/Rigs/Poses/Manny/Manny_thigh_l_pose.uasset" 717
"C:/Users/symig/Documents/GitHub/ARPG_5.7/Content/Characters/Mannequins/Rigs/Poses/Manny/Manny_thigh_l_pose.uexp" 718
"C:/Users/symig/Documents/GitHub/ARPG_5.7/Content/Characters/Mannequins/Rigs/Poses/Manny/Manny_thigh_r_pose.uasset" 719
"C:/Users/symig/Documents/GitHub/ARPG_5.7/Content/Characters/Mannequins/Rigs/Poses/Manny/Manny_thigh_r_pose.uexp" 720
"C:/Users/symig/Documents/GitHub/ARPG_5.7/Content/Characters/Mannequins/Rigs/Poses/Manny/Manny_upperarm_l_pose.uasset" 721
"C:/Users/symig/Documents/GitHub/ARPG_5.7/Content/Characters/Mannequins/Rigs/Poses/Manny/Manny_upperarm_l_pose.uexp" 722
"C:/Users/symig/Documents/GitHub/ARPG_5.7/Content/Characters/Mannequins/Rigs/Poses/Manny/Manny_upperarm_r_pose.uasset" 723
"C:/Users/symig/Documents/GitHub/ARPG_5.7/Content/Characters/Mannequins/Rigs/Poses/Manny/Manny_upperarm_r_pose.uexp" 724
"C:/Users/symig/Documents/GitHub/ARPG_5.7/Content/Characters/Mannequins/Rigs/ABP_Manny_PostProcess.uasset" 725
"C:/Users/symig/Documents/GitHub/ARPG_5.7/Content/Characters/Mannequins/Rigs/ABP_Manny_PostProcess.uexp" 726
"C:/Users/symig/Documents/GitHub/ARPG_5.7/Content/Characters/Mannequins/Rigs/PA_Mannequin.uasset" 727
"C:/Users/symig/Documents/GitHub/ARPG_5.7/Content/Characters/Mannequins/Rigs/PA_Mannequin.uexp" 728
"C:/Users/symig/Documents/GitHub/ARPG_5.7/Content/Characters/Mannequins/Materials/Functions/ChromaticCurve.uasset" 729
"C:/Users/symig/Documents/GitHub/ARPG_5.7/Content/Characters/Mannequins/Materials/Functions/ChromaticCurve.uexp" 730
"C:/Users/symig/Documents/GitHub/ARPG_5.7/Content/Characters/Mannequins/Materials/Functions/CA_Mannequin.uasset" 731
"C:/Users/symig/Documents/GitHub/ARPG_5.7/Content/Characters/Mannequins/Materials/Functions/CA_Mannequin.uexp" 732
"C:/Users/symig/Documents/GitHub/ARPG_5.7/Content/Characters/Mannequins/Materials/Functions/MF_Diffraction.uasset" 733
"C:/Users/symig/Documents/GitHub/ARPG_5.7/Content/Characters/Mannequins/Materials/Functions/MF_Diffraction.uexp" 734
"C:/Users/symig/Documents/GitHub/ARPG_5.7/Content/Characters/Mannequins/Textures/Shared/T_UE_Logo_M.uasset" 735
"C:/Users/symig/Documents/GitHub/ARPG_5.7/Content/Characters/Mannequins/Textures/Shared/T_UE_Logo_M.uexp" 736
"C:/Users/symig/Documents/GitHub/ARPG_5.7/Content/Characters/Mannequins/Materials/Functions/MF_logo3layers.uasset" 737
"C:/Users/symig/Documents/GitHub/ARPG_5.7/Content/Characters/Mannequins/Materials/Functions/MF_logo3layers.uexp" 738
"C:/Users/symig/Documents/GitHub/ARPG_5.7/Content/Characters/Mannequins/Materials/Functions/ML_BaseColorFallOff.uasset" 739
"C:/Users/symig/Documents/GitHub/ARPG_5.7/Content/Characters/Mannequins/Materials/Functions/ML_BaseColorFallOff.uexp" 740
"C:/Users/symig/Documents/GitHub/ARPG_5.7/Content/Characters/Mannequins/Textures/Manny/T_Manny_01_ASAOPMASK_MSK.ubulk" 741
"C:/Users/symig/Documents/GitHub/ARPG_5.7/Content/Characters/Mannequins/Textures/Manny/T_Manny_01_ASAOPMASK_MSK.uasset" 742
"C:/Users/symig/Documents/GitHub/ARPG_5.7/Content/Characters/Mannequins/Textures/Manny/T_Manny_01_ASAOPMASK_MSK.uexp" 743
"C:/Users/symig/Documents/GitHub/ARPG_5.7/Content/Characters/Mannequins/Textures/Manny/T_Manny_01_BN.ubulk" 744
"C:/Users/symig/Documents/GitHub/ARPG_5.7/Content/Characters/Mannequins/Textures/Manny/T_Manny_01_BN.uasset" 745
"C:/Users/symig/Documents/GitHub/ARPG_5.7/Content/Characters/Mannequins/Textures/Manny/T_Manny_01_BN.uexp" 746
"C:/Users/symig/Documents/GitHub/ARPG_5.7/Content/Characters/Mannequins/Textures/Manny/T_Manny_01_CCRCCPlastic_MSK.ubulk" 747
"C:/Users/symig/Documents/GitHub/ARPG_5.7/Content/Characters/Mannequins/Textures/Manny/T_Manny_01_CCRCCPlastic_MSK.uasset" 748
"C:/Users/symig/Documents/GitHub/ARPG_5.7/Content/Characters/Mannequins/Textures/Manny/T_Manny_01_CCRCCPlastic_MSK.uexp" 749
"C:/Users/symig/Documents/GitHub/ARPG_5.7/Content/Characters/Mannequins/Textures/Manny/T_Manny_01_D.ubulk" 750
"C:/Users/symig/Documents/GitHub/ARPG_5.7/Content/Characters/Mannequins/Textures/Manny/T_Manny_01_D.uasset" 751
"C:/Users/symig/Documents/GitHub/ARPG_5.7/Content/Characters/Mannequins/Textures/Manny/T_Manny_01_D.uexp" 752
"C:/Users/symig/Documents/GitHub/ARPG_5.7/Content/Characters/Mannequins/Textures/Manny/T_Manny_01_MSR_MSK.ubulk" 753
"C:/Users/symig/Documents/GitHub/ARPG_5.7/Content/Characters/Mannequins/Textures/Manny/T_Manny_01_MSR_MSK.uasset" 754
"C:/Users/symig/Documents/GitHub/ARPG_5.7/Content/Characters/Mannequins/Textures/Manny/T_Manny_01_MSR_MSK.uexp" 755
"C:/Users/symig/Documents/GitHub/ARPG_5.7/Content/Characters/Mannequins/Textures/Manny/T_Manny_01_N.ubulk" 756
"C:/Users/symig/Documents/GitHub/ARPG_5.7/Content/Characters/Mannequins/Textures/Manny/T_Manny_01_N.uasset" 757
"C:/Users/symig/Documents/GitHub/ARPG_5.7/Content/Characters/Mannequins/Textures/Manny/T_Manny_01_N.uexp" 758
"C:/Users/symig/Documents/GitHub/ARPG_5.7/Content/Characters/Mannequins/Textures/Manny/T_Manny_01_Tan.ubulk" 759
"C:/Users/symig/Documents/GitHub/ARPG_5.7/Content/Characters/Mannequins/Textures/Manny/T_Manny_01_Tan.uasset" 760
"C:/Users/symig/Documents/GitHub/ARPG_5.7/Content/Characters/Mannequins/Textures/Manny/T_Manny_01_Tan.uexp" 761
"C:/Users/symig/Documents/GitHub/ARPG_5.7/Content/Characters/Mannequins/Materials/M_Mannequin.uasset" 762
"C:/Users/symig/Documents/GitHub/ARPG_5.7/Content/Characters/Mannequins/Materials/M_Mannequin.uexp" 763
"C:/Users/symig/Documents/GitHub/ARPG_5.7/Content/Characters/Mannequins/Materials/Instances/Manny/MI_Manny_01.uasset" 764
"C:/Users/symig/Documents/GitHub/ARPG_5.7/Content/Characters/Mannequins/Materials/Instances/Manny/MI_Manny_01.uexp" 765
"C:/Users/symig/Documents/GitHub/ARPG_5.7/Content/Characters/Mannequins/Textures/Manny/T_Manny_02_ASAOPMASK_MSK.ubulk" 766
"C:/Users/symig/Documents/GitHub/ARPG_5.7/Content/Characters/Mannequins/Textures/Manny/T_Manny_02_ASAOPMASK_MSK.uasset" 767
"C:/Users/symig/Documents/GitHub/ARPG_5.7/Content/Characters/Mannequins/Textures/Manny/T_Manny_02_ASAOPMASK_MSK.uexp" 768
"C:/Users/symig/Documents/GitHub/ARPG_5.7/Content/Characters/Mannequins/Textures/Manny/T_Manny_02_BN.ubulk" 769
"C:/Users/symig/Documents/GitHub/ARPG_5.7/Content/Characters/Mannequins/Textures/Manny/T_Manny_02_BN.uasset" 770
"C:/Users/symig/Documents/GitHub/ARPG_5.7/Content/Characters/Mannequins/Textures/Manny/T_Manny_02_BN.uexp" 771
"C:/Users/symig/Documents/GitHub/ARPG_5.7/Content/Characters/Mannequins/Textures/Manny/T_Manny_02_CCRCCPlastic_MSK.ubulk" 772
"C:/Users/symig/Documents/GitHub/ARPG_5.7/Content/Characters/Mannequins/Textures/Manny/T_Manny_02_CCRCCPlastic_MSK.uasset" 773
"C:/Users/symig/Documents/GitHub/ARPG_5.7/Content/Characters/Mannequins/Textures/Manny/T_Manny_02_CCRCCPlastic_MSK.uexp" 774
"C:/Users/symig/Documents/GitHub/ARPG_5.7/Content/Characters/Mannequins/Textures/Manny/T_Manny_02_D.ubulk" 775
"C:/Users/symig/Documents/GitHub/ARPG_5.7/Content/Characters/Mannequins/Textures/Manny/T_Manny_02_D.uasset" 776
"C:/Users/symig/Documents/GitHub/ARPG_5.7/Content/Characters/Mannequins/Textures/Manny/T_Manny_02_D.uexp" 777
"C:/Users/symig/Documents/GitHub/ARPG_5.7/Content/Characters/Mannequins/Textures/Manny/T_Manny_02_MSR_MSK.ubulk" 778
"C:/Users/symig/Documents/GitHub/ARPG_5.7/Content/Characters/Mannequins/Textures/Manny/T_Manny_02_MSR_MSK.uasset" 779
"C:/Users/symig/Documents/GitHub/ARPG_5.7/Content/Characters/Mannequins/Textures/Manny/T_Manny_02_MSR_MSK.uexp" 780
"C:/Users/symig/Documents/GitHub/ARPG_5.7/Content/Characters/Mannequins/Textures/Manny/T_Manny_02_N.ubulk" 781
"C:/Users/symig/Documents/GitHub/ARPG_5.7/Content/Characters/Mannequins/Textures/Manny/T_Manny_02_N.uasset" 782
"C:/Users/symig/Documents/GitHub/ARPG_5.7/Content/Characters/Mannequins/Textures/Manny/T_Manny_02_N.uexp" 783
"C:/Users/symig/Documents/GitHub/ARPG_5.7/Content/Characters/Mannequins/Textures/Manny/T_Manny_02_Tan.ubulk" 784
"C:/Users/symig/Documents/GitHub/ARPG_5.7/Content/Characters/Mannequins/Textures/Manny/T_Manny_02_Tan.uasset" 785
"C:/Users/symig/Documents/GitHub/ARPG_5.7/Content/Characters/Mannequins/Textures/Manny/T_Manny_02_Tan.uexp" 786
"C:/Users/symig/Documents/GitHub/ARPG_5.7/Content/Characters/Mannequins/Materials/Instances/Manny/MI_Manny_02.uasset" 787
"C:/Users/symig/Documents/GitHub/ARPG_5.7/Content/Characters/Mannequins/Materials/Instances/Manny/MI_Manny_02.uexp" 788
"C:/Users/symig/Documents/GitHub/ARPG_5.7/Content/Characters/Mannequins/Meshes/SKM_Manny.uasset" 789
"C:/Users/symig/Documents/GitHub/ARPG_5.7/Content/Characters/Mannequins/Meshes/SKM_Manny.uexp" 790
"C:/Users/symig/Documents/GitHub/ARPG_5.7/Content/Characters/Mannequins/Rigs/Poses/Quinn/Quinn_calf_l_pose.uasset" 791
"C:/Users/symig/Documents/GitHub/ARPG_5.7/Content/Characters/Mannequins/Rigs/Poses/Quinn/Quinn_calf_l_pose.uexp" 792
"C:/Users/symig/Documents/GitHub/ARPG_5.7/Content/Characters/Mannequins/Rigs/Poses/Quinn/Quinn_calf_r_pose.uasset" 793
"C:/Users/symig/Documents/GitHub/ARPG_5.7/Content/Characters/Mannequins/Rigs/Poses/Quinn/Quinn_calf_r_pose.uexp" 794
"C:/Users/symig/Documents/GitHub/ARPG_5.7/Content/Characters/Mannequins/Rigs/Poses/Quinn/Quinn_clavicle_l_pose.uasset" 795
"C:/Users/symig/Documents/GitHub/ARPG_5.7/Content/Characters/Mannequins/Rigs/Poses/Quinn/Quinn_clavicle_l_pose.uexp" 796
"C:/Users/symig/Documents/GitHub/ARPG_5.7/Content/Characters/Mannequins/Rigs/Poses/Quinn/Quinn_clavicle_r_pose.uasset" 797
"C:/Users/symig/Documents/GitHub/ARPG_5.7/Content/Characters/Mannequins/Rigs/Poses/Quinn/Quinn_clavicle_r_pose.uexp" 798
"C:/Users/symig/Documents/GitHub/ARPG_5.7/Content/Characters/Mannequins/Rigs/Poses/Quinn/Quinn_foot_l_pose.uasset" 799
"C:/Users/symig/Documents/GitHub/ARPG_5.7/Content/Characters/Mannequins/Rigs/Poses/Quinn/Quinn_foot_l_pose.uexp" 800
"C:/Users/symig/Documents/GitHub/ARPG_5.7/Content/Characters/Mannequins/Rigs/Poses/Quinn/Quinn_foot_r_pose.uasset" 801
"C:/Users/symig/Documents/GitHub/ARPG_5.7/Content/Characters/Mannequins/Rigs/Poses/Quinn/Quinn_foot_r_pose.uexp" 802
"C:/Users/symig/Documents/GitHub/ARPG_5.7/Content/Characters/Mannequins/Rigs/Poses/Quinn/Quinn_hand_l_pose.uasset" 803
"C:/Users/symig/Documents/GitHub/ARPG_5.7/Content/Characters/Mannequins/Rigs/Poses/Quinn/Quinn_hand_l_pose.uexp" 804
"C:/Users/symig/Documents/GitHub/ARPG_5.7/Content/Characters/Mannequins/Rigs/Poses/Quinn/Quinn_hand_r_pose.uasset" 805
"C:/Users/symig/Documents/GitHub/ARPG_5.7/Content/Characters/Mannequins/Rigs/Poses/Quinn/Quinn_hand_r_pose.uexp" 806
"C:/Users/symig/Documents/GitHub/ARPG_5.7/Content/Characters/Mannequins/Rigs/Poses/Quinn/Quinn_lowerarm_l_pose.uasset" 807
"C:/Users/symig/Documents/GitHub/ARPG_5.7/Content/Characters/Mannequins/Rigs/Poses/Quinn/Quinn_lowerarm_l_pose.uexp" 808
"C:/Users/symig/Documents/GitHub/ARPG_5.7/Content/Characters/Mannequins/Rigs/Poses/Quinn/Quinn_lowerarm_r_pose.uasset" 809
"C:/Users/symig/Documents/GitHub/ARPG_5.7/Content/Characters/Mannequins/Rigs/Poses/Quinn/Quinn_lowerarm_r_pose.uexp" 810
"C:/Users/symig/Documents/GitHub/ARPG_5.7/Content/Characters/Mannequins/Rigs/Poses/Quinn/Quinn_thigh_l_pose.uasset" 811
"C:/Users/symig/Documents/GitHub/ARPG_5.7/Content/Characters/Mannequins/Rigs/Poses/Quinn/Quinn_thigh_l_pose.uexp" 812
"C:/Users/symig/Documents/GitHub/ARPG_5.7/Content/Characters/Mannequins/Rigs/Poses/Quinn/Quinn_thigh_r_pose.uasset" 813
"C:/Users/symig/Documents/GitHub/ARPG_5.7/Content/Characters/Mannequins/Rigs/Poses/Quinn/Quinn_thigh_r_pose.uexp" 814
"C:/Users/symig/Documents/GitHub/ARPG_5.7/Content/Characters/Mannequins/Rigs/Poses/Quinn/Quinn_upperarm_l_pose.uasset" 815
"C:/Users/symig/Documents/GitHub/ARPG_5.7/Content/Characters/Mannequins/Rigs/Poses/Quinn/Quinn_upperarm_l_pose.uexp" 816
"C:/Users/symig/Documents/GitHub/ARPG_5.7/Content/Characters/Mannequins/Rigs/Poses/Quinn/Quinn_upperarm_r_pose.uasset" 817
"C:/Users/symig/Documents/GitHub/ARPG_5.7/Content/Characters/Mannequins/Rigs/Poses/Quinn/Quinn_upperarm_r_pose.uexp" 818
"C:/Users/symig/Documents/GitHub/ARPG_5.7/Content/Characters/Mannequins/Rigs/ABP_Quinn_PostProcess.uasset" 819
"C:/Users/symig/Documents/GitHub/ARPG_5.7/Content/Characters/Mannequins/Rigs/ABP_Quinn_PostProcess.uexp" 820
"C:/Users/symig/Documents/GitHub/ARPG_5.7/Content/Characters/Mannequins/Textures/Quinn/T_Quinn_01ID_BN.ubulk" 821
"C:/Users/symig/Documents/GitHub/ARPG_5.7/Content/Characters/Mannequins/Textures/Quinn/T_Quinn_01ID_BN.uasset" 822
"C:/Users/symig/Documents/GitHub/ARPG_5.7/Content/Characters/Mannequins/Textures/Quinn/T_Quinn_01ID_BN.uexp" 823
"C:/Users/symig/Documents/GitHub/ARPG_5.7/Content/Characters/Mannequins/Textures/Quinn/T_Quinn_01ID_D.ubulk" 824
"C:/Users/symig/Documents/GitHub/ARPG_5.7/Content/Characters/Mannequins/Textures/Quinn/T_Quinn_01ID_D.uasset" 825
"C:/Users/symig/Documents/GitHub/ARPG_5.7/Content/Characters/Mannequins/Textures/Quinn/T_Quinn_01ID_D.uexp" 826
"C:/Users/symig/Documents/GitHub/ARPG_5.7/Content/Characters/Mannequins/Textures/Quinn/T_Quinn_01ID_MSR_MSK.ubulk" 827
"C:/Users/symig/Documents/GitHub/ARPG_5.7/Content/Characters/Mannequins/Textures/Quinn/T_Quinn_01ID_MSR_MSK.uasset" 828
"C:/Users/symig/Documents/GitHub/ARPG_5.7/Content/Characters/Mannequins/Textures/Quinn/T_Quinn_01ID_MSR_MSK.uexp" 829
"C:/Users/symig/Documents/GitHub/ARPG_5.7/Content/Characters/Mannequins/Textures/Quinn/T_Quinn_01ID_N.ubulk" 830
"C:/Users/symig/Documents/GitHub/ARPG_5.7/Content/Characters/Mannequins/Textures/Quinn/T_Quinn_01ID_N.uasset" 831
"C:/Users/symig/Documents/GitHub/ARPG_5.7/Content/Characters/Mannequins/Textures/Quinn/T_Quinn_01ID_N.uexp" 832
"C:/Users/symig/Documents/GitHub/ARPG_5.7/Content/Characters/Mannequins/Textures/Quinn/T_Quinn_01ID_Tan.ubulk" 833
"C:/Users/symig/Documents/GitHub/ARPG_5.7/Content/Characters/Mannequins/Textures/Quinn/T_Quinn_01ID_Tan.uasset" 834
"C:/Users/symig/Documents/GitHub/ARPG_5.7/Content/Characters/Mannequins/Textures/Quinn/T_Quinn_01ID_Tan.uexp" 835
"C:/Users/symig/Documents/GitHub/ARPG_5.7/Content/Characters/Mannequins/Textures/Quinn/T_Quinn_01_ASAOMASK_MSK.ubulk" 836
"C:/Users/symig/Documents/GitHub/ARPG_5.7/Content/Characters/Mannequins/Textures/Quinn/T_Quinn_01_ASAOMASK_MSK.uasset" 837
"C:/Users/symig/Documents/GitHub/ARPG_5.7/Content/Characters/Mannequins/Textures/Quinn/T_Quinn_01_ASAOMASK_MSK.uexp" 838
"C:/Users/symig/Documents/GitHub/ARPG_5.7/Content/Characters/Mannequins/Textures/Quinn/T_Quinn_01_CCRCCPlastic_MSK.ubulk" 839
"C:/Users/symig/Documents/GitHub/ARPG_5.7/Content/Characters/Mannequins/Textures/Quinn/T_Quinn_01_CCRCCPlastic_MSK.uasset" 840
"C:/Users/symig/Documents/GitHub/ARPG_5.7/Content/Characters/Mannequins/Textures/Quinn/T_Quinn_01_CCRCCPlastic_MSK.uexp" 841
"C:/Users/symig/Documents/GitHub/ARPG_5.7/Content/Characters/Mannequins/Materials/Instances/Quinn/MI_Quinn_01.uasset" 842
"C:/Users/symig/Documents/GitHub/ARPG_5.7/Content/Characters/Mannequins/Materials/Instances/Quinn/MI_Quinn_01.uexp" 843
"C:/Users/symig/Documents/GitHub/ARPG_5.7/Content/Characters/Mannequins/Textures/Quinn/T_Quinn_02ID_BN.ubulk" 844
"C:/Users/symig/Documents/GitHub/ARPG_5.7/Content/Characters/Mannequins/Textures/Quinn/T_Quinn_02ID_BN.uasset" 845
"C:/Users/symig/Documents/GitHub/ARPG_5.7/Content/Characters/Mannequins/Textures/Quinn/T_Quinn_02ID_BN.uexp" 846
"C:/Users/symig/Documents/GitHub/ARPG_5.7/Content/Characters/Mannequins/Textures/Quinn/T_Quinn_02ID_D.ubulk" 847
"C:/Users/symig/Documents/GitHub/ARPG_5.7/Content/Characters/Mannequins/Textures/Quinn/T_Quinn_02ID_D.uasset" 848
"C:/Users/symig/Documents/GitHub/ARPG_5.7/Content/Characters/Mannequins/Textures/Quinn/T_Quinn_02ID_D.uexp" 849
"C:/Users/symig/Documents/GitHub/ARPG_5.7/Content/Characters/Mannequins/Textures/Quinn/T_Quinn_02ID_MSR_MSK.ubulk" 850
"C:/Users/symig/Documents/GitHub/ARPG_5.7/Content/Characters/Mannequins/Textures/Quinn/T_Quinn_02ID_MSR_MSK.uasset" 851
"C:/Users/symig/Documents/GitHub/ARPG_5.7/Content/Characters/Mannequins/Textures/Quinn/T_Quinn_02ID_MSR_MSK.uexp" 852
"C:/Users/symig/Documents/GitHub/ARPG_5.7/Content/Characters/Mannequins/Textures/Quinn/T_Quinn_02ID_N.ubulk" 853
"C:/Users/symig/Documents/GitHub/ARPG_5.7/Content/Characters/Mannequins/Textures/Quinn/T_Quinn_02ID_N.uasset" 854
"C:/Users/symig/Documents/GitHub/ARPG_5.7/Content/Characters/Mannequins/Textures/Quinn/T_Quinn_02ID_N.uexp" 855
"C:/Users/symig/Documents/GitHub/ARPG_5.7/Content/Characters/Mannequins/Textures/Quinn/T_Quinn_02ID_Tan.ubulk" 856
"C:/Users/symig/Documents/GitHub/ARPG_5.7/Content/Characters/Mannequins/Textures/Quinn/T_Quinn_02ID_Tan.uasset" 857
"C:/Users/symig/Documents/GitHub/ARPG_5.7/Content/Characters/Mannequins/Textures/Quinn/T_Quinn_02ID_Tan.uexp" 858
"C:/Users/symig/Documents/GitHub/ARPG_5.7/Content/Characters/Mannequins/Textures/Quinn/T_Quinn_02_ASAOMASK_MSK.ubulk" 859
"C:/Users/symig/Documents/GitHub/ARPG_5.7/Content/Characters/Mannequins/Textures/Quinn/T_Quinn_02_ASAOMASK_MSK.uasset" 860
"C:/Users/symig/Documents/GitHub/ARPG_5.7/Content/Characters/Mannequins/Textures/Quinn/T_Quinn_02_ASAOMASK_MSK.uexp" 861
"C:/Users/symig/Documents/GitHub/ARPG_5.7/Content/Characters/Mannequins/Textures/Quinn/T_Quinn_02_CCRCCPlastic_MSK.ubulk" 862
"C:/Users/symig/Documents/GitHub/ARPG_5.7/Content/Characters/Mannequins/Textures/Quinn/T_Quinn_02_CCRCCPlastic_MSK.uasset" 863
"C:/Users/symig/Documents/GitHub/ARPG_5.7/Content/Characters/Mannequins/Textures/Quinn/T_Quinn_02_CCRCCPlastic_MSK.uexp" 864
"C:/Users/symig/Documents/GitHub/ARPG_5.7/Content/Characters/Mannequins/Materials/Instances/Quinn/MI_Quinn_02.uasset" 865
"C:/Users/symig/Documents/GitHub/ARPG_5.7/Content/Characters/Mannequins/Materials/Instances/Quinn/MI_Quinn_02.uexp" 866
"C:/Users/symig/Documents/GitHub/ARPG_5.7/Content/Characters/Mannequins/Meshes/SKM_Quinn.uasset" 867
"C:/Users/symig/Documents/GitHub/ARPG_5.7/Content/Characters/Mannequins/Meshes/SKM_Quinn.uexp" 868
"C:/Users/symig/Documents/GitHub/ARPG_5.7/Content/TopDown/Blueprints/HUD/IHud.uasset" 869
"C:/Users/symig/Documents/GitHub/ARPG_5.7/Content/TopDown/Blueprints/HUD/IHud.uexp" 870
"C:/Users/symig/Documents/GitHub/ARPG_5.7/Content/TopDown/Blueprints/GlobalFunctions.uasset" 871
"C:/Users/symig/Documents/GitHub/ARPG_5.7/Content/TopDown/Blueprints/GlobalFunctions.uexp" 872
"C:/Users/symig/Documents/GitHub/ARPG_5.7/Content/TopDown/Blueprints/GameStart/Saving/ESaveGameSlot.uasset" 873
"C:/Users/symig/Documents/GitHub/ARPG_5.7/Content/TopDown/Blueprints/GameStart/Saving/ESaveGameSlot.uexp" 874
"C:/Users/symig/Documents/GitHub/ARPG_5.7/Content/TopDown/Blueprints/ItemsSystem/FDataItem.uasset" 875
"C:/Users/symig/Documents/GitHub/ARPG_5.7/Content/TopDown/Blueprints/ItemsSystem/FDataItem.uexp" 876
"C:/Users/symig/Documents/GitHub/ARPG_5.7/Content/TopDown/Blueprints/CardsSystem/FStoredCardNew.uasset" 877
"C:/Users/symig/Documents/GitHub/ARPG_5.7/Content/TopDown/Blueprints/CardsSystem/FStoredCardNew.uexp" 878
"C:/Users/symig/Documents/GitHub/ARPG_5.7/Content/TopDown/Blueprints/CardsSystem/FCardDto.uasset" 879
"C:/Users/symig/Documents/GitHub/ARPG_5.7/Content/TopDown/Blueprints/CardsSystem/FCardDto.uexp" 880
"C:/Users/symig/Documents/GitHub/ARPG_5.7/Content/TopDown/Blueprints/IGlobals.uasset" 881
"C:/Users/symig/Documents/GitHub/ARPG_5.7/Content/TopDown/Blueprints/IGlobals.uexp" 882
"C:/Users/symig/Documents/GitHub/ARPG_5.7/Content/TopDown/Blueprints/GameStart/Saving/ISaveable.uasset" 883
"C:/Users/symig/Documents/GitHub/ARPG_5.7/Content/TopDown/Blueprints/GameStart/Saving/ISaveable.uexp" 884
"C:/Users/symig/Documents/GitHub/ARPG_5.7/Content/TopDown/Blueprints/GameStart/Saving/SaveGame_Characters.uasset" 885
"C:/Users/symig/Documents/GitHub/ARPG_5.7/Content/TopDown/Blueprints/GameStart/Saving/SaveGame_Characters.uexp" 886
"C:/Users/symig/Documents/GitHub/ARPG_5.7/Content/TopDown/Blueprints/StatModifiers/IUpgradeHandler.uasset" 887
"C:/Users/symig/Documents/GitHub/ARPG_5.7/Content/TopDown/Blueprints/StatModifiers/IUpgradeHandler.uexp" 888
"C:/Users/symig/Documents/GitHub/ARPG_5.7/Content/TopDown/Blueprints/IDataExtractor.uasset" 889
"C:/Users/symig/Documents/GitHub/ARPG_5.7/Content/TopDown/Blueprints/IDataExtractor.uexp" 890
"C:/Users/symig/Documents/GitHub/ARPG_5.7/Content/TopDown/Blueprints/EnemiesSystem/EEnemyRarity.uasset" 891
"C:/Users/symig/Documents/GitHub/ARPG_5.7/Content/TopDown/Blueprints/EnemiesSystem/EEnemyRarity.uexp" 892
"C:/Users/symig/Documents/GitHub/ARPG_5.7/Content/TopDown/Blueprints/DropsSystem/EDropType.uasset" 893
"C:/Users/symig/Documents/GitHub/ARPG_5.7/Content/TopDown/Blueprints/DropsSystem/EDropType.uexp" 894
"C:/Users/symig/Documents/GitHub/ARPG_5.7/Content/TopDown/Blueprints/DropsSystem/ERarity.uasset" 895
"C:/Users/symig/Documents/GitHub/ARPG_5.7/Content/TopDown/Blueprints/DropsSystem/ERarity.uexp" 896
"C:/Users/symig/Documents/GitHub/ARPG_5.7/Content/TopDown/Blueprints/InventorySystem/ESlottableResponse.uasset" 897
"C:/Users/symig/Documents/GitHub/ARPG_5.7/Content/TopDown/Blueprints/InventorySystem/ESlottableResponse.uexp" 898
"C:/Users/symig/Documents/GitHub/ARPG_5.7/Content/TopDown/Blueprints/InventorySystem/Tooltips/ELoreQuotes.uasset" 899
"C:/Users/symig/Documents/GitHub/ARPG_5.7/Content/TopDown/Blueprints/InventorySystem/Tooltips/ELoreQuotes.uexp" 900
"C:/Users/symig/Documents/GitHub/ARPG_5.7/Content/TopDown/Blueprints/InventorySystem/Tooltips/ETooltipTypes.uasset" 901
"C:/Users/symig/Documents/GitHub/ARPG_5.7/Content/TopDown/Blueprints/InventorySystem/Tooltips/ETooltipTypes.uexp" 902
"C:/Users/symig/Documents/GitHub/ARPG_5.7/Content/TopDown/Blueprints/InventorySystem/Tooltips/EModifierCategory.uasset" 903
"C:/Users/symig/Documents/GitHub/ARPG_5.7/Content/TopDown/Blueprints/InventorySystem/Tooltips/EModifierCategory.uexp" 904
"C:/Users/symig/Documents/GitHub/ARPG_5.7/Content/TopDown/Blueprints/InventorySystem/Tooltips/FModCategory.uasset" 905
"C:/Users/symig/Documents/GitHub/ARPG_5.7/Content/TopDown/Blueprints/InventorySystem/Tooltips/FModCategory.uexp" 906
"C:/Users/symig/Documents/GitHub/ARPG_5.7/Content/TopDown/Blueprints/InventorySystem/Tooltips/FItemTooltip.uasset" 907
"C:/Users/symig/Documents/GitHub/ARPG_5.7/Content/TopDown/Blueprints/InventorySystem/Tooltips/FItemTooltip.uexp" 908
"C:/Users/symig/Documents/GitHub/ARPG_5.7/Content/TopDown/Blueprints/DropsSystem/IItemizable.uasset" 909
"C:/Users/symig/Documents/GitHub/ARPG_5.7/Content/TopDown/Blueprints/DropsSystem/IItemizable.uexp" 910
"C:/Users/symig/Documents/GitHub/ARPG_5.7/Content/TopDown/Blueprints/DropsSystem/ICardBiaser.uasset" 911
"C:/Users/symig/Documents/GitHub/ARPG_5.7/Content/TopDown/Blueprints/DropsSystem/ICardBiaser.uexp" 912
"C:/Users/symig/Documents/GitHub/ARPG_5.7/Content/TopDown/Blueprints/CardsSystem/IDeckManager.uasset" 913
"C:/Users/symig/Documents/GitHub/ARPG_5.7/Content/TopDown/Blueprints/CardsSystem/IDeckManager.uexp" 914
"C:/Users/symig/Documents/GitHub/ARPG_5.7/Content/TopDown/Data/CardBackground.uasset" 915
"C:/Users/symig/Documents/GitHub/ARPG_5.7/Content/TopDown/Data/CardBackground.uexp" 916
"C:/Users/symig/Documents/GitHub/ARPG_5.7/Content/TopDown/Materials/M_CardBackground2d.uasset" 917
"C:/Users/symig/Documents/GitHub/ARPG_5.7/Content/TopDown/Materials/M_CardBackground2d.uexp" 918
"C:/Users/symig/Documents/GitHub/ARPG_5.7/Content/TopDown/Data/SM_Card.ubulk" 919
"C:/Users/symig/Documents/GitHub/ARPG_5.7/Content/TopDown/Data/SM_Card.uasset" 920
"C:/Users/symig/Documents/GitHub/ARPG_5.7/Content/TopDown/Data/SM_Card.uexp" 921
"C:/Users/symig/Documents/GitHub/ARPG_5.7/Content/TopDown/Blueprints/CardsSystem/IDeckOwner.uasset" 922
"C:/Users/symig/Documents/GitHub/ARPG_5.7/Content/TopDown/Blueprints/CardsSystem/IDeckOwner.uexp" 923
"C:/Users/symig/Documents/GitHub/ARPG_5.7/Content/TopDown/Blueprints/IGameMode.uasset" 924
"C:/Users/symig/Documents/GitHub/ARPG_5.7/Content/TopDown/Blueprints/IGameMode.uexp" 925
"C:/Users/symig/Documents/GitHub/ARPG_5.7/Content/TopDown/Blueprints/IInteractable.uasset" 926
"C:/Users/symig/Documents/GitHub/ARPG_5.7/Content/TopDown/Blueprints/IInteractable.uexp" 927
"C:/Users/symig/Documents/GitHub/ARPG_5.7/Content/TopDown/Blueprints/DropsSystem/IDroppable.uasset" 928
"C:/Users/symig/Documents/GitHub/ARPG_5.7/Content/TopDown/Blueprints/DropsSystem/IDroppable.uexp" 929
"C:/Users/symig/Documents/GitHub/ARPG_5.7/Content/TopDown/Blueprints/InventorySystem/IInventory.uasset" 930
"C:/Users/symig/Documents/GitHub/ARPG_5.7/Content/TopDown/Blueprints/InventorySystem/IInventory.uexp" 931
"C:/Users/symig/Documents/GitHub/ARPG_5.7/Content/TopDown/Blueprints/DropsSystem/BP_Drop.uasset" 932
"C:/Users/symig/Documents/GitHub/ARPG_5.7/Content/TopDown/Blueprints/DropsSystem/BP_Drop.uexp" 933
"C:/Users/symig/Documents/GitHub/ARPG_5.7/Content/TopDown/Blueprints/DropsSystem/BP_CardDrop.uasset" 934
"C:/Users/symig/Documents/GitHub/ARPG_5.7/Content/TopDown/Blueprints/DropsSystem/BP_CardDrop.uexp" 935
"C:/Users/symig/Documents/GitHub/ARPG_5.7/Content/TopDown/Blueprints/CardsSystem/ICardData.uasset" 936
"C:/Users/symig/Documents/GitHub/ARPG_5.7/Content/TopDown/Blueprints/CardsSystem/ICardData.uexp" 937
"C:/Users/symig/Documents/GitHub/ARPG_5.7/Content/TopDown/Blueprints/CardsSystem/BP_CardCollection.uasset" 938
"C:/Users/symig/Documents/GitHub/ARPG_5.7/Content/TopDown/Blueprints/CardsSystem/BP_CardCollection.uexp" 939
"C:/Users/symig/Documents/GitHub/ARPG_5.7/Content/TopDown/Animations/EAnimationOptions.uasset" 940
"C:/Users/symig/Documents/GitHub/ARPG_5.7/Content/TopDown/Animations/EAnimationOptions.uexp" 941
"C:/Users/symig/Documents/GitHub/ARPG_5.7/Content/TopDown/Blueprints/IController.uasset" 942
"C:/Users/symig/Documents/GitHub/ARPG_5.7/Content/TopDown/Blueprints/IController.uexp" 943
"C:/Users/symig/Documents/GitHub/ARPG_5.7/Content/TopDown/Blueprints/StatModifiers/IModListener.uasset" 944
"C:/Users/symig/Documents/GitHub/ARPG_5.7/Content/TopDown/Blueprints/StatModifiers/IModListener.uexp" 945
"C:/Users/symig/Documents/GitHub/ARPG_5.7/Content/TopDown/Blueprints/GameStart/Saving/FCardGuids.uasset" 946
"C:/Users/symig/Documents/GitHub/ARPG_5.7/Content/TopDown/Blueprints/GameStart/Saving/FCardGuids.uexp" 947
"C:/Users/symig/Documents/GitHub/ARPG_5.7/Content/TopDown/Blueprints/CardsSystem/IPlayableCard.uasset" 948
"C:/Users/symig/Documents/GitHub/ARPG_5.7/Content/TopDown/Blueprints/CardsSystem/IPlayableCard.uexp" 949
"C:/Users/symig/Documents/GitHub/ARPG_5.7/Content/TopDown/Blueprints/GameStart/Saving/SaveGame_Deck.uasset" 950
"C:/Users/symig/Documents/GitHub/ARPG_5.7/Content/TopDown/Blueprints/GameStart/Saving/SaveGame_Deck.uexp" 951
"C:/Users/symig/Documents/GitHub/ARPG_5.7/Content/TopDown/Blueprints/CardsSystem/CardComponents/AbstractCardComponents/ICardComponent.uasset" 952
"C:/Users/symig/Documents/GitHub/ARPG_5.7/Content/TopDown/Blueprints/CardsSystem/CardComponents/AbstractCardComponents/ICardComponent.uexp" 953
"C:/Users/symig/Documents/GitHub/ARPG_5.7/Content/TopDown/Blueprints/CardsSystem/CardComponents/AbstractCardComponents/AbstractCardComponent.uasset" 954
"C:/Users/symig/Documents/GitHub/ARPG_5.7/Content/TopDown/Blueprints/CardsSystem/CardComponents/AbstractCardComponents/AbstractCardComponent.uexp" 955
"C:/Users/symig/Documents/GitHub/ARPG_5.7/Content/TopDown/Blueprints/CardsSystem/AbstractCards/CardPhysicsComponent.uasset" 956
"C:/Users/symig/Documents/GitHub/ARPG_5.7/Content/TopDown/Blueprints/CardsSystem/AbstractCards/CardPhysicsComponent.uexp" 957
"C:/Users/symig/Documents/GitHub/ARPG_5.7/Content/TopDown/Blueprints/CardsSystem/AbstractCards/BP_Card.uasset" 958
"C:/Users/symig/Documents/GitHub/ARPG_5.7/Content/TopDown/Blueprints/CardsSystem/AbstractCards/BP_Card.uexp" 959
"C:/Users/symig/Documents/GitHub/ARPG_5.7/Content/TopDown/Blueprints/CardsSystem/FCardData.uasset" 960
"C:/Users/symig/Documents/GitHub/ARPG_5.7/Content/TopDown/Blueprints/CardsSystem/FCardData.uexp" 961
"../../../Engine/Plugins/Runtime/AudioWidgets/Content/AudioFader/AudioFader_Normal.uasset" 962
"../../../Engine/Plugins/Runtime/AudioWidgets/Content/AudioFader/AudioFader_Normal.uexp" 963
"C:/Users/symig/Documents/GitHub/ARPG_5.7/Content/PinRPG_IconSet_01_Assets/Item/T_Item_5.uasset" 964
"C:/Users/symig/Documents/GitHub/ARPG_5.7/Content/PinRPG_IconSet_01_Assets/Item/T_Item_5.uexp" 965
"C:/Users/symig/Documents/GitHub/ARPG_5.7/Content/PinRPG_IconSet_01_Assets/Item/T_Item_21.uasset" 966
"C:/Users/symig/Documents/GitHub/ARPG_5.7/Content/PinRPG_IconSet_01_Assets/Item/T_Item_21.uexp" 967
"C:/Users/symig/Documents/GitHub/ARPG_5.7/Content/PinRPG_IconSet_01_Assets/Item/T_Item_30.uasset" 968
"C:/Users/symig/Documents/GitHub/ARPG_5.7/Content/PinRPG_IconSet_01_Assets/Item/T_Item_30.uexp" 969
"C:/Users/symig/Documents/GitHub/ARPG_5.7/Content/InfinityBladeEffects/Environments/Fire/Env_Fire_Terrain2/Textures/T_Fire_Lava_2.ubulk" 970
"C:/Users/symig/Documents/GitHub/ARPG_5.7/Content/InfinityBladeEffects/Environments/Fire/Env_Fire_Terrain2/Textures/T_Fire_Lava_2.uasset" 971
"C:/Users/symig/Documents/GitHub/ARPG_5.7/Content/InfinityBladeEffects/Environments/Fire/Env_Fire_Terrain2/Textures/T_Fire_Lava_2.uexp" 972
"C:/Users/symig/Documents/GitHub/ARPG_5.7/Content/MS/textures/azul/T_azul_30_Tex.ubulk" 973
"C:/Users/symig/Documents/GitHub/ARPG_5.7/Content/MS/textures/azul/T_azul_30_Tex.uasset" 974
"C:/Users/symig/Documents/GitHub/ARPG_5.7/Content/MS/textures/azul/T_azul_30_Tex.uexp" 975
"C:/Users/symig/Documents/GitHub/ARPG_5.7/Content/TopDown/Textures/T_WaterPuddle.uasset" 976
"C:/Users/symig/Documents/GitHub/ARPG_5.7/Content/TopDown/Textures/T_WaterPuddle.uexp" 977
"C:/Users/symig/Documents/GitHub/ARPG_5.7/Content/MS/textures/azul/T_azul_10_Tex.ubulk" 978
"C:/Users/symig/Documents/GitHub/ARPG_5.7/Content/MS/textures/azul/T_azul_10_Tex.uasset" 979
"C:/Users/symig/Documents/GitHub/ARPG_5.7/Content/MS/textures/azul/T_azul_10_Tex.uexp" 980
"C:/Users/symig/Documents/GitHub/ARPG_5.7/Content/MS/textures/azul/T_azul_14_Tex.uasset" 981
"C:/Users/symig/Documents/GitHub/ARPG_5.7/Content/MS/textures/azul/T_azul_14_Tex.uexp" 982
"C:/Users/symig/Documents/GitHub/ARPG_5.7/Content/MS/textures/azul/T_azul_23_Tex.ubulk" 983
"C:/Users/symig/Documents/GitHub/ARPG_5.7/Content/MS/textures/azul/T_azul_23_Tex.uasset" 984
"C:/Users/symig/Documents/GitHub/ARPG_5.7/Content/MS/textures/azul/T_azul_23_Tex.uexp" 985
"C:/Users/symig/Documents/GitHub/ARPG_5.7/Content/MS/textures/azul/T_azul_24_Tex.ubulk" 986
"C:/Users/symig/Documents/GitHub/ARPG_5.7/Content/MS/textures/azul/T_azul_24_Tex.uasset" 987
"C:/Users/symig/Documents/GitHub/ARPG_5.7/Content/MS/textures/azul/T_azul_24_Tex.uexp" 988
"C:/Users/symig/Documents/GitHub/ARPG_5.7/Content/MS/textures/azul/T_azul_27_Tex.ubulk" 989
"C:/Users/symig/Documents/GitHub/ARPG_5.7/Content/MS/textures/azul/T_azul_27_Tex.uasset" 990
"C:/Users/symig/Documents/GitHub/ARPG_5.7/Content/MS/textures/azul/T_azul_27_Tex.uexp" 991
"C:/Users/symig/Documents/GitHub/ARPG_5.7/Content/MS/textures/azul/T_azul_46_Tex.ubulk" 992
"C:/Users/symig/Documents/GitHub/ARPG_5.7/Content/MS/textures/azul/T_azul_46_Tex.uasset" 993
"C:/Users/symig/Documents/GitHub/ARPG_5.7/Content/MS/textures/azul/T_azul_46_Tex.uexp" 994
"C:/Users/symig/Documents/GitHub/ARPG_5.7/Content/MS/textures/azul/T_azul_52_Tex.ubulk" 995
"C:/Users/symig/Documents/GitHub/ARPG_5.7/Content/MS/textures/azul/T_azul_52_Tex.uasset" 996
"C:/Users/symig/Documents/GitHub/ARPG_5.7/Content/MS/textures/azul/T_azul_52_Tex.uexp" 997
"C:/Users/symig/Documents/GitHub/ARPG_5.7/Content/MS/textures/green/T_green_1_Tex.ubulk" 998
"C:/Users/symig/Documents/GitHub/ARPG_5.7/Content/MS/textures/green/T_green_1_Tex.uasset" 999
"C:/Users/symig/Documents/GitHub/ARPG_5.7/Content/MS/textures/green/T_green_1_Tex.uexp" 1000
"C:/Users/symig/Documents/GitHub/ARPG_5.7/Content/MS/textures/green/T_green_46_Tex.ubulk" 1001
"C:/Users/symig/Documents/GitHub/ARPG_5.7/Content/MS/textures/green/T_green_46_Tex.uasset" 1002
"C:/Users/symig/Documents/GitHub/ARPG_5.7/Content/MS/textures/green/T_green_46_Tex.uexp" 1003
"C:/Users/symig/Documents/GitHub/ARPG_5.7/Content/MS/textures/green/T_green_50_Tex.ubulk" 1004
"C:/Users/symig/Documents/GitHub/ARPG_5.7/Content/MS/textures/green/T_green_50_Tex.uasset" 1005
"C:/Users/symig/Documents/GitHub/ARPG_5.7/Content/MS/textures/green/T_green_50_Tex.uexp" 1006
"C:/Users/symig/Documents/GitHub/ARPG_5.7/Content/MS/textures/red/T_red_18_Tex.ubulk" 1007
"C:/Users/symig/Documents/GitHub/ARPG_5.7/Content/MS/textures/red/T_red_18_Tex.uasset" 1008
"C:/Users/symig/Documents/GitHub/ARPG_5.7/Content/MS/textures/red/T_red_18_Tex.uexp" 1009
"C:/Users/symig/Documents/GitHub/ARPG_5.7/Content/MS/textures/red/T_red_19_Tex.ubulk" 1010
"C:/Users/symig/Documents/GitHub/ARPG_5.7/Content/MS/textures/red/T_red_19_Tex.uasset" 1011
"C:/Users/symig/Documents/GitHub/ARPG_5.7/Content/MS/textures/red/T_red_19_Tex.uexp" 1012
"C:/Users/symig/Documents/GitHub/ARPG_5.7/Content/MS/textures/red/T_red_1_Tex.ubulk" 1013
"C:/Users/symig/Documents/GitHub/ARPG_5.7/Content/MS/textures/red/T_red_1_Tex.uasset" 1014
"C:/Users/symig/Documents/GitHub/ARPG_5.7/Content/MS/textures/red/T_red_1_Tex.uexp" 1015
"C:/Users/symig/Documents/GitHub/ARPG_5.7/Content/MS/textures/red/T_red_45_Tex.ubulk" 1016
"C:/Users/symig/Documents/GitHub/ARPG_5.7/Content/MS/textures/red/T_red_45_Tex.uasset" 1017
"C:/Users/symig/Documents/GitHub/ARPG_5.7/Content/MS/textures/red/T_red_45_Tex.uexp" 1018
"C:/Users/symig/Documents/GitHub/ARPG_5.7/Content/MS/textures/yellow/T_yellow_10_Tex.ubulk" 1019
"C:/Users/symig/Documents/GitHub/ARPG_5.7/Content/MS/textures/yellow/T_yellow_10_Tex.uasset" 1020
"C:/Users/symig/Documents/GitHub/ARPG_5.7/Content/MS/textures/yellow/T_yellow_10_Tex.uexp" 1021
"C:/Users/symig/Documents/GitHub/ARPG_5.7/Content/MS/textures/yellow/T_yellow_40_Tex.ubulk" 1022
"C:/Users/symig/Documents/GitHub/ARPG_5.7/Content/MS/textures/yellow/T_yellow_40_Tex.uasset" 1023
"C:/Users/symig/Documents/GitHub/ARPG_5.7/Content/MS/textures/yellow/T_yellow_40_Tex.uexp" 1024
"C:/Users/symig/Documents/GitHub/ARPG_5.7/Content/MS/textures/yellow/T_yellow_48_Tex.ubulk" 1025
"C:/Users/symig/Documents/GitHub/ARPG_5.7/Content/MS/textures/yellow/T_yellow_48_Tex.uasset" 1026
"C:/Users/symig/Documents/GitHub/ARPG_5.7/Content/MS/textures/yellow/T_yellow_48_Tex.uexp" 1027
"C:/Users/symig/Documents/GitHub/ARPG_5.7/Content/MS/textures/yellow/T_yellow_50_Tex.ubulk" 1028
"C:/Users/symig/Documents/GitHub/ARPG_5.7/Content/MS/textures/yellow/T_yellow_50_Tex.uasset" 1029
"C:/Users/symig/Documents/GitHub/ARPG_5.7/Content/MS/textures/yellow/T_yellow_50_Tex.uexp" 1030
"C:/Users/symig/Documents/GitHub/ARPG_5.7/Content/MS/textures/yellow/T_yellow_55_Tex.ubulk" 1031
"C:/Users/symig/Documents/GitHub/ARPG_5.7/Content/MS/textures/yellow/T_yellow_55_Tex.uasset" 1032
"C:/Users/symig/Documents/GitHub/ARPG_5.7/Content/MS/textures/yellow/T_yellow_55_Tex.uexp" 1033
"C:/Users/symig/Documents/GitHub/ARPG_5.7/Content/TopDown/Blueprints/CardsSystem/Data_Cardsss.uasset" 1034
"C:/Users/symig/Documents/GitHub/ARPG_5.7/Content/TopDown/Blueprints/CardsSystem/Data_Cardsss.uexp" 1035
"C:/Users/symig/Documents/GitHub/ARPG_5.7/Content/TopDown/Blueprints/DropsSystem/FOtherDrop.uasset" 1036
"C:/Users/symig/Documents/GitHub/ARPG_5.7/Content/TopDown/Blueprints/DropsSystem/FOtherDrop.uexp" 1037
"C:/Users/symig/Documents/GitHub/ARPG_5.7/Content/TopDown/Textures/T_Chart.uasset" 1038
"C:/Users/symig/Documents/GitHub/ARPG_5.7/Content/TopDown/Textures/T_Chart.uexp" 1039
"C:/Users/symig/Documents/GitHub/ARPG_5.7/Content/TopDown/Materials/FireMaterial/T_ky_flare_a.ubulk" 1040
"C:/Users/symig/Documents/GitHub/ARPG_5.7/Content/TopDown/Materials/FireMaterial/T_ky_flare_a.uasset" 1041
"C:/Users/symig/Documents/GitHub/ARPG_5.7/Content/TopDown/Materials/FireMaterial/T_ky_flare_a.uexp" 1042
"C:/Users/symig/Documents/GitHub/ARPG_5.7/Content/TopDown/Blueprints/DropsSystem/Data_OtherDrops.uasset" 1043
"C:/Users/symig/Documents/GitHub/ARPG_5.7/Content/TopDown/Blueprints/DropsSystem/Data_OtherDrops.uexp" 1044
"C:/Users/symig/Documents/GitHub/ARPG_5.7/Content/PinRPG_IconSet_01_Assets/Item/T_Item_1.uasset" 1045
"C:/Users/symig/Documents/GitHub/ARPG_5.7/Content/PinRPG_IconSet_01_Assets/Item/T_Item_1.uexp" 1046
"C:/Users/symig/Documents/GitHub/ARPG_5.7/Content/PinRPG_IconSet_01_Assets/Item/T_Item_3.uasset" 1047
"C:/Users/symig/Documents/GitHub/ARPG_5.7/Content/PinRPG_IconSet_01_Assets/Item/T_Item_3.uexp" 1048
"C:/Users/symig/Documents/GitHub/ARPG_5.7/Content/PinRPG_IconSet_01_Assets/Ring/T_Ring_6.uasset" 1049
"C:/Users/symig/Documents/GitHub/ARPG_5.7/Content/PinRPG_IconSet_01_Assets/Ring/T_Ring_6.uexp" 1050
"C:/Users/symig/Documents/GitHub/ARPG_5.7/Content/PinRPG_IconSet_01_Assets/Ring/T_Ring_19.uasset" 1051
"C:/Users/symig/Documents/GitHub/ARPG_5.7/Content/PinRPG_IconSet_01_Assets/Ring/T_Ring_19.uexp" 1052
"C:/Users/symig/Documents/GitHub/ARPG_5.7/Content/PinRPG_IconSet_01_Assets/Sword/T_Sword_1.uasset" 1053
"C:/Users/symig/Documents/GitHub/ARPG_5.7/Content/PinRPG_IconSet_01_Assets/Sword/T_Sword_1.uexp" 1054
"C:/Users/symig/Documents/GitHub/ARPG_5.7/Content/PinRPG_IconSet_01_Assets/Sword/T_Sword_25.uasset" 1055
"C:/Users/symig/Documents/GitHub/ARPG_5.7/Content/PinRPG_IconSet_01_Assets/Sword/T_Sword_25.uexp" 1056
"C:/Users/symig/Documents/GitHub/ARPG_5.7/Content/TopDown/Textures/T_Bullseye.uasset" 1057
"C:/Users/symig/Documents/GitHub/ARPG_5.7/Content/TopDown/Textures/T_Bullseye.uexp" 1058
"C:/Users/symig/Documents/GitHub/ARPG_5.7/Content/TopDown/Blueprints/StatModifiers/Restrictions/Physical.uasset" 1059
"C:/Users/symig/Documents/GitHub/ARPG_5.7/Content/TopDown/Blueprints/StatModifiers/Restrictions/Physical.uexp" 1060
"C:/Users/symig/Documents/GitHub/ARPG_5.7/Content/TopDown/Blueprints/StatModifiers/Restrictions/Fire.uasset" 1061
"C:/Users/symig/Documents/GitHub/ARPG_5.7/Content/TopDown/Blueprints/StatModifiers/Restrictions/Fire.uexp" 1062
"C:/Users/symig/Documents/GitHub/ARPG_5.7/Content/TopDown/Textures/LoadoutTextures/T_Body.uasset" 1063
"C:/Users/symig/Documents/GitHub/ARPG_5.7/Content/TopDown/Textures/LoadoutTextures/T_Body.uexp" 1064
"C:/Users/symig/Documents/GitHub/ARPG_5.7/Content/TopDown/Textures/LoadoutTextures/T_Gloves.uasset" 1065
"C:/Users/symig/Documents/GitHub/ARPG_5.7/Content/TopDown/Textures/LoadoutTextures/T_Gloves.uexp" 1066
"C:/Users/symig/Documents/GitHub/ARPG_5.7/Content/TopDown/Textures/LoadoutTextures/T_Helmet.uasset" 1067
"C:/Users/symig/Documents/GitHub/ARPG_5.7/Content/TopDown/Textures/LoadoutTextures/T_Helmet.uexp" 1068
"C:/Users/symig/Documents/GitHub/ARPG_5.7/Content/TopDown/Blueprints/StatModifiers/Restrictions/Elemental.uasset" 1069
"C:/Users/symig/Documents/GitHub/ARPG_5.7/Content/TopDown/Blueprints/StatModifiers/Restrictions/Elemental.uexp" 1070
"C:/Users/symig/Documents/GitHub/ARPG_5.7/Content/TopDown/Blueprints/ItemsSystem/Data_GrandCharmMods.uasset" 1071
"C:/Users/symig/Documents/GitHub/ARPG_5.7/Content/TopDown/Blueprints/ItemsSystem/Data_GrandCharmMods.uexp" 1072
"C:/Users/symig/Documents/GitHub/ARPG_5.7/Content/TopDown/Blueprints/ItemsSystem/Data_LargeCharmMods.uasset" 1073
"C:/Users/symig/Documents/GitHub/ARPG_5.7/Content/TopDown/Blueprints/ItemsSystem/Data_LargeCharmMods.uexp" 1074
"C:/Users/symig/Documents/GitHub/ARPG_5.7/Content/TopDown/Blueprints/ItemsSystem/Data_Equipment.uasset" 1075
"C:/Users/symig/Documents/GitHub/ARPG_5.7/Content/TopDown/Blueprints/ItemsSystem/Data_Equipment.uexp" 1076
"C:/Users/symig/Documents/GitHub/ARPG_5.7/Content/TopDown/Blueprints/EnemiesSystem/FEnemyData.uasset" 1077
"C:/Users/symig/Documents/GitHub/ARPG_5.7/Content/TopDown/Blueprints/EnemiesSystem/FEnemyData.uexp" 1078
"C:/Users/symig/Documents/GitHub/ARPG_5.7/Content/TopDown/Blueprints/BP_GameInstance.uasset" 1079
"C:/Users/symig/Documents/GitHub/ARPG_5.7/Content/TopDown/Blueprints/BP_GameInstance.uexp" 1080
"C:/Users/symig/Documents/GitHub/ARPG_5.7/Content/TopDown/Materials/M_Gold.uasset" 1081
"C:/Users/symig/Documents/GitHub/ARPG_5.7/Content/TopDown/Materials/M_Gold.uexp" 1082
"C:/Users/symig/Documents/GitHub/ARPG_5.7/Content/TopDown/Data/SM_Ring.ubulk" 1083
"C:/Users/symig/Documents/GitHub/ARPG_5.7/Content/TopDown/Data/SM_Ring.uasset" 1084
"C:/Users/symig/Documents/GitHub/ARPG_5.7/Content/TopDown/Data/SM_Ring.uexp" 1085
"C:/Users/symig/Documents/GitHub/ARPG_5.7/Content/SKnight_modular/Skeleton_Knight_07/mesh/SK_SKnight_07_Skeleton.uasset" 1086
"C:/Users/symig/Documents/GitHub/ARPG_5.7/Content/SKnight_modular/Skeleton_Knight_07/mesh/SK_SKnight_07_Skeleton.uexp" 1087
"C:/Users/symig/Documents/GitHub/ARPG_5.7/Content/SKnight_modular/Skeleton_Knight_07/mesh/SK_SKnigh_07_PhysicsAsset.uasset" 1088
"C:/Users/symig/Documents/GitHub/ARPG_5.7/Content/SKnight_modular/Skeleton_Knight_07/mesh/SK_SKnigh_07_PhysicsAsset.uexp" 1089
"../../../Engine/Content/Functions/MaterialLayerFunctions/MatLayerBlend_BakedNormal.uasset" 1090
"../../../Engine/Content/Functions/MaterialLayerFunctions/MatLayerBlend_BakedNormal.uexp" 1091
"../../../Engine/Content/Functions/MaterialLayerFunctions/MatLayerBlend_Standard.uasset" 1092
"../../../Engine/Content/Functions/MaterialLayerFunctions/MatLayerBlend_Standard.uexp" 1093
"../../../Engine/Content/Functions/MaterialLayerFunctions/MatLayerBlend_TenLayerBlend.uasset" 1094
"../../../Engine/Content/Functions/MaterialLayerFunctions/MatLayerBlend_TenLayerBlend.uexp" 1095
"C:/Users/symig/Documents/GitHub/ARPG_5.7/Content/TopDown/Textures/armor/T_armor_7_BaseColor.ubulk" 1096
"C:/Users/symig/Documents/GitHub/ARPG_5.7/Content/TopDown/Textures/armor/T_armor_7_BaseColor.uasset" 1097
"C:/Users/symig/Documents/GitHub/ARPG_5.7/Content/TopDown/Textures/armor/T_armor_7_BaseColor.uexp" 1098
"C:/Users/symig/Documents/GitHub/ARPG_5.7/Content/TopDown/Textures/armor/T_armor_7_Normal.ubulk" 1099
"C:/Users/symig/Documents/GitHub/ARPG_5.7/Content/TopDown/Textures/armor/T_armor_7_Normal.uasset" 1100
"C:/Users/symig/Documents/GitHub/ARPG_5.7/Content/TopDown/Textures/armor/T_armor_7_Normal.uexp" 1101
"C:/Users/symig/Documents/GitHub/ARPG_5.7/Content/TopDown/Textures/armor/T_armor_7_OcclusionRoughnessMetallic.ubulk" 1102
"C:/Users/symig/Documents/GitHub/ARPG_5.7/Content/TopDown/Textures/armor/T_armor_7_OcclusionRoughnessMetallic.uasset" 1103
"C:/Users/symig/Documents/GitHub/ARPG_5.7/Content/TopDown/Textures/armor/T_armor_7_OcclusionRoughnessMetallic.uexp" 1104
"C:/Users/symig/Documents/GitHub/ARPG_5.7/Content/TopDown/Textures/armor/T_color2_color3_curva.ubulk" 1105
"C:/Users/symig/Documents/GitHub/ARPG_5.7/Content/TopDown/Textures/armor/T_color2_color3_curva.uasset" 1106
"C:/Users/symig/Documents/GitHub/ARPG_5.7/Content/TopDown/Textures/armor/T_color2_color3_curva.uexp" 1107
"C:/Users/symig/Documents/GitHub/ARPG_5.7/Content/TopDown/Textures/armor/T_curva2_belt_curvabelt.ubulk" 1108
"C:/Users/symig/Documents/GitHub/ARPG_5.7/Content/TopDown/Textures/armor/T_curva2_belt_curvabelt.uasset" 1109
"C:/Users/symig/Documents/GitHub/ARPG_5.7/Content/TopDown/Textures/armor/T_curva2_belt_curvabelt.uexp" 1110
"C:/Users/symig/Documents/GitHub/ARPG_5.7/Content/TopDown/Textures/armor/T_metal_dirt_opas.ubulk" 1111
"C:/Users/symig/Documents/GitHub/ARPG_5.7/Content/TopDown/Textures/armor/T_metal_dirt_opas.uasset" 1112
"C:/Users/symig/Documents/GitHub/ARPG_5.7/Content/TopDown/Textures/armor/T_metal_dirt_opas.uexp" 1113
"C:/Users/symig/Documents/GitHub/ARPG_5.7/Content/SKnight_modular/Skeleton_Knight_07/materials/MF/MF_armor.uasset" 1114
"C:/Users/symig/Documents/GitHub/ARPG_5.7/Content/SKnight_modular/Skeleton_Knight_07/materials/MF/MF_armor.uexp" 1115
"C:/Users/symig/Documents/GitHub/ARPG_5.7/Content/SKnight_modular/Skeleton_Knight_07/materials/MF/MF_dirt.uasset" 1116
"C:/Users/symig/Documents/GitHub/ARPG_5.7/Content/SKnight_modular/Skeleton_Knight_07/materials/MF/MF_dirt.uexp" 1117
"C:/Users/symig/Documents/GitHub/ARPG_5.7/Content/SKnight_modular/Skeleton_Knight_07/materials/MF/MF_metal.uasset" 1118
"C:/Users/symig/Documents/GitHub/ARPG_5.7/Content/SKnight_modular/Skeleton_Knight_07/materials/MF/MF_metal.uexp" 1119
"C:/Users/symig/Documents/GitHub/ARPG_5.7/Content/SKnight_modular/Skeleton_Knight_07/materials/MF/MF_opasity.uasset" 1120
"C:/Users/symig/Documents/GitHub/ARPG_5.7/Content/SKnight_modular/Skeleton_Knight_07/materials/MF/MF_opasity.uexp" 1121
"C:/Users/symig/Documents/GitHub/ARPG_5.7/Content/SKnight_modular/Skeleton_Knight_07/materials/M_SKnigh_07_armor.uasset" 1122
"C:/Users/symig/Documents/GitHub/ARPG_5.7/Content/SKnight_modular/Skeleton_Knight_07/materials/M_SKnigh_07_armor.uexp" 1123
"C:/Users/symig/Documents/GitHub/ARPG_5.7/Content/SKnight_modular/Skeleton_Knight_07/materials/MatInst/MI_SKnigh_07_armor_Inst.uasset" 1124
"C:/Users/symig/Documents/GitHub/ARPG_5.7/Content/SKnight_modular/Skeleton_Knight_07/materials/MatInst/MI_SKnigh_07_armor_Inst.uexp" 1125
"C:/Users/symig/Documents/GitHub/ARPG_5.7/Content/SKnight_modular/Skeleton_Knight_07/mesh/SK_SKnight_07_full.uasset" 1126
"C:/Users/symig/Documents/GitHub/ARPG_5.7/Content/SKnight_modular/Skeleton_Knight_07/mesh/SK_SKnight_07_full.uexp" 1127
"../../../Engine/Plugins/Animation/ACLPlugin/Content/ACLAnimBoneCompressionSettings.uasset" 1128
"../../../Engine/Plugins/Animation/ACLPlugin/Content/ACLAnimBoneCompressionSettings.uexp" 1129
"../../../Engine/Plugins/Animation/ACLPlugin/Content/ACLAnimCurveCompressionSettings.uasset" 1130
"../../../Engine/Plugins/Animation/ACLPlugin/Content/ACLAnimCurveCompressionSettings.uexp" 1131
"../../../Engine/Content/Animation/DefaultVariableFrameStrippingSettings.uasset" 1132
"../../../Engine/Content/Animation/DefaultVariableFrameStrippingSettings.uexp" 1133
"C:/Users/symig/Documents/GitHub/ARPG_5.7/Content/TopDown/Data/PlayerCharacter/SK_Mannequin.uasset" 1134
"C:/Users/symig/Documents/GitHub/ARPG_5.7/Content/TopDown/Data/PlayerCharacter/SK_Mannequin.uexp" 1135
"C:/Users/symig/Documents/GitHub/ARPG_5.7/Content/TopDown/Animations/PlayerCharacter/MediumHitToHead_UE.uasset" 1136
"C:/Users/symig/Documents/GitHub/ARPG_5.7/Content/TopDown/Animations/PlayerCharacter/MediumHitToHead_UE.uexp" 1137
"C:/Users/symig/Documents/GitHub/ARPG_5.7/Content/TopDown/Animations/PlayerCharacter/Montage_Stunned.uasset" 1138
"C:/Users/symig/Documents/GitHub/ARPG_5.7/Content/TopDown/Animations/PlayerCharacter/Montage_Stunned.uexp" 1139
"C:/Users/symig/Documents/GitHub/ARPG_5.7/Content/SKnight_modular/Skeleton_Knight_07/materials/MatInst/M_SKnigh_07_Gloves_Inst.uasset" 1140
"C:/Users/symig/Documents/GitHub/ARPG_5.7/Content/SKnight_modular/Skeleton_Knight_07/materials/MatInst/M_SKnigh_07_Gloves_Inst.uexp" 1141
"C:/Users/symig/Documents/GitHub/ARPG_5.7/Content/TopDown/Data/armor/SM_LeatherGlove_L.ubulk" 1142
"C:/Users/symig/Documents/GitHub/ARPG_5.7/Content/TopDown/Data/armor/SM_LeatherGlove_L.uasset" 1143
"C:/Users/symig/Documents/GitHub/ARPG_5.7/Content/TopDown/Data/armor/SM_LeatherGlove_L.uexp" 1144
"C:/Users/symig/Documents/GitHub/ARPG_5.7/Content/TopDown/Textures/Skeleton/T_curva_dirt_dirt2.ubulk" 1145
"C:/Users/symig/Documents/GitHub/ARPG_5.7/Content/TopDown/Textures/Skeleton/T_curva_dirt_dirt2.uasset" 1146
"C:/Users/symig/Documents/GitHub/ARPG_5.7/Content/TopDown/Textures/Skeleton/T_curva_dirt_dirt2.uexp" 1147
"C:/Users/symig/Documents/GitHub/ARPG_5.7/Content/TopDown/Textures/Skeleton/T_skeleton_BaseColor.ubulk" 1148
"C:/Users/symig/Documents/GitHub/ARPG_5.7/Content/TopDown/Textures/Skeleton/T_skeleton_BaseColor.uasset" 1149
"C:/Users/symig/Documents/GitHub/ARPG_5.7/Content/TopDown/Textures/Skeleton/T_skeleton_BaseColor.uexp" 1150
"C:/Users/symig/Documents/GitHub/ARPG_5.7/Content/TopDown/Textures/Skeleton/T_skeleton_Emissive.ubulk" 1151
"C:/Users/symig/Documents/GitHub/ARPG_5.7/Content/TopDown/Textures/Skeleton/T_skeleton_Emissive.uasset" 1152
"C:/Users/symig/Documents/GitHub/ARPG_5.7/Content/TopDown/Textures/Skeleton/T_skeleton_Emissive.uexp" 1153
"C:/Users/symig/Documents/GitHub/ARPG_5.7/Content/TopDown/Textures/Skeleton/T_skeleton_Normal.ubulk" 1154
"C:/Users/symig/Documents/GitHub/ARPG_5.7/Content/TopDown/Textures/Skeleton/T_skeleton_Normal.uasset" 1155
"C:/Users/symig/Documents/GitHub/ARPG_5.7/Content/TopDown/Textures/Skeleton/T_skeleton_Normal.uexp" 1156
"C:/Users/symig/Documents/GitHub/ARPG_5.7/Content/TopDown/Textures/Skeleton/T_skeleton_OcclusionRoughnessMetallic.ubulk" 1157
"C:/Users/symig/Documents/GitHub/ARPG_5.7/Content/TopDown/Textures/Skeleton/T_skeleton_OcclusionRoughnessMetallic.uasset" 1158
"C:/Users/symig/Documents/GitHub/ARPG_5.7/Content/TopDown/Textures/Skeleton/T_skeleton_OcclusionRoughnessMetallic.uexp" 1159
"C:/Users/symig/Documents/GitHub/ARPG_5.7/Content/TopDown/Materials/Skeleton/MF/MF_skeleton.uasset" 1160
"C:/Users/symig/Documents/GitHub/ARPG_5.7/Content/TopDown/Materials/Skeleton/MF/MF_skeleton.uexp" 1161
"C:/Users/symig/Documents/GitHub/ARPG_5.7/Content/TopDown/Materials/Skeleton/M_Skeleton.uasset" 1162
"C:/Users/symig/Documents/GitHub/ARPG_5.7/Content/TopDown/Materials/Skeleton/M_Skeleton.uexp" 1163
"C:/Users/symig/Documents/GitHub/ARPG_5.7/Content/TopDown/Materials/Skeleton/MI_Skeleton_Inst.uasset" 1164
"C:/Users/symig/Documents/GitHub/ARPG_5.7/Content/TopDown/Materials/Skeleton/MI_Skeleton_Inst.uexp" 1165
"C:/Users/symig/Documents/GitHub/ARPG_5.7/Content/SKnight_modular/Skeleton_Knight_06/mesh/SK_SKnight_06_Skeleton.uasset" 1166
"C:/Users/symig/Documents/GitHub/ARPG_5.7/Content/SKnight_modular/Skeleton_Knight_06/mesh/SK_SKnight_06_Skeleton.uexp" 1167
"C:/Users/symig/Documents/GitHub/ARPG_5.7/Content/SKnight_modular/Skeleton_Knight_06/mesh/SK_SKnigh_06_full_PhysicsAsset.uasset" 1168
"C:/Users/symig/Documents/GitHub/ARPG_5.7/Content/SKnight_modular/Skeleton_Knight_06/mesh/SK_SKnigh_06_full_PhysicsAsset.uexp" 1169
"C:/Users/symig/Documents/GitHub/ARPG_5.7/Content/TopDown/Textures/SkeletalWarrior/T_armor_6_BaseColor.ubulk" 1170
"C:/Users/symig/Documents/GitHub/ARPG_5.7/Content/TopDown/Textures/SkeletalWarrior/T_armor_6_BaseColor.uasset" 1171
"C:/Users/symig/Documents/GitHub/ARPG_5.7/Content/TopDown/Textures/SkeletalWarrior/T_armor_6_BaseColor.uexp" 1172
"C:/Users/symig/Documents/GitHub/ARPG_5.7/Content/TopDown/Textures/SkeletalWarrior/T_armor_6_Normal.ubulk" 1173
"C:/Users/symig/Documents/GitHub/ARPG_5.7/Content/TopDown/Textures/SkeletalWarrior/T_armor_6_Normal.uasset" 1174
"C:/Users/symig/Documents/GitHub/ARPG_5.7/Content/TopDown/Textures/SkeletalWarrior/T_armor_6_Normal.uexp" 1175
"C:/Users/symig/Documents/GitHub/ARPG_5.7/Content/TopDown/Textures/SkeletalWarrior/T_armor_6_OcclusionRoughnessMetallic.ubulk" 1176
"C:/Users/symig/Documents/GitHub/ARPG_5.7/Content/TopDown/Textures/SkeletalWarrior/T_armor_6_OcclusionRoughnessMetallic.uasset" 1177
"C:/Users/symig/Documents/GitHub/ARPG_5.7/Content/TopDown/Textures/SkeletalWarrior/T_armor_6_OcclusionRoughnessMetallic.uexp" 1178
"C:/Users/symig/Documents/GitHub/ARPG_5.7/Content/TopDown/Textures/SkeletalWarrior/T_color2_color3_curva.ubulk" 1179
"C:/Users/symig/Documents/GitHub/ARPG_5.7/Content/TopDown/Textures/SkeletalWarrior/T_color2_color3_curva.uasset" 1180
"C:/Users/symig/Documents/GitHub/ARPG_5.7/Content/TopDown/Textures/SkeletalWarrior/T_color2_color3_curva.uexp" 1181
"C:/Users/symig/Documents/GitHub/ARPG_5.7/Content/TopDown/Textures/SkeletalWarrior/T_curva2_belt_curvabelt.ubulk" 1182
"C:/Users/symig/Documents/GitHub/ARPG_5.7/Content/TopDown/Textures/SkeletalWarrior/T_curva2_belt_curvabelt.uasset" 1183
"C:/Users/symig/Documents/GitHub/ARPG_5.7/Content/TopDown/Textures/SkeletalWarrior/T_curva2_belt_curvabelt.uexp" 1184
"C:/Users/symig/Documents/GitHub/ARPG_5.7/Content/TopDown/Textures/SkeletalWarrior/T_metal_dirt_opas.ubulk" 1185
"C:/Users/symig/Documents/GitHub/ARPG_5.7/Content/TopDown/Textures/SkeletalWarrior/T_metal_dirt_opas.uasset" 1186
"C:/Users/symig/Documents/GitHub/ARPG_5.7/Content/TopDown/Textures/SkeletalWarrior/T_metal_dirt_opas.uexp" 1187
"C:/Users/symig/Documents/GitHub/ARPG_5.7/Content/TopDown/Materials/SkeletalWarrior/MF/MF_armor.uasset" 1188
"C:/Users/symig/Documents/GitHub/ARPG_5.7/Content/TopDown/Materials/SkeletalWarrior/MF/MF_armor.uexp" 1189
"C:/Users/symig/Documents/GitHub/ARPG_5.7/Content/TopDown/Materials/SkeletalWarrior/MF/MF_dirt.uasset" 1190
"C:/Users/symig/Documents/GitHub/ARPG_5.7/Content/TopDown/Materials/SkeletalWarrior/MF/MF_dirt.uexp" 1191
"C:/Users/symig/Documents/GitHub/ARPG_5.7/Content/TopDown/Materials/SkeletalWarrior/MF/MF_opasity.uasset" 1192
"C:/Users/symig/Documents/GitHub/ARPG_5.7/Content/TopDown/Materials/SkeletalWarrior/MF/MF_opasity.uexp" 1193
"C:/Users/symig/Documents/GitHub/ARPG_5.7/Content/TopDown/Materials/SkeletalWarrior/M_SKnigh_06_armor.uasset" 1194
"C:/Users/symig/Documents/GitHub/ARPG_5.7/Content/TopDown/Materials/SkeletalWarrior/M_SKnigh_06_armor.uexp" 1195
"C:/Users/symig/Documents/GitHub/ARPG_5.7/Content/TopDown/Materials/SkeletalWarrior/MatInst/MI_SKnigh_06_armor_Inst.uasset" 1196
"C:/Users/symig/Documents/GitHub/ARPG_5.7/Content/TopDown/Materials/SkeletalWarrior/MatInst/MI_SKnigh_06_armor_Inst.uexp" 1197
"C:/Users/symig/Documents/GitHub/ARPG_5.7/Content/SKnight_modular/Skeleton_Knight_06/mesh/SK_SKnight_full_06.uasset" 1198
"C:/Users/symig/Documents/GitHub/ARPG_5.7/Content/SKnight_modular/Skeleton_Knight_06/mesh/SK_SKnight_full_06.uexp" 1199
"C:/Users/symig/Documents/GitHub/ARPG_5.7/Content/TopDown/Blueprints/CardsSystem/BP_Hand.uasset" 1200
"C:/Users/symig/Documents/GitHub/ARPG_5.7/Content/TopDown/Blueprints/CardsSystem/BP_Hand.uexp" 1201
"../../../Engine/Plugins/Animation/ControlRig/Content/M_Manip.uasset" 1202
"../../../Engine/Plugins/Animation/ControlRig/Content/M_Manip.uexp" 1203
"../../../Engine/Plugins/Media/MediaPlate/Content/SM_MediaPlateScreen.ubulk" 1204
"../../../Engine/Plugins/Media/MediaPlate/Content/SM_MediaPlateScreen.uasset" 1205
"../../../Engine/Plugins/Media/MediaPlate/Content/SM_MediaPlateScreen.uexp" 1206
"../../../Engine/Plugins/NNE/NNEDenoiser/Content/NNEDIM_ColorAlbedoNormal_Alpha.uasset" 1207
"../../../Engine/Plugins/NNE/NNEDenoiser/Content/NNEDIM_ColorAlbedoNormal_Alpha.uexp" 1208
"../../../Engine/Plugins/NNE/NNEDenoiser/Content/NNEDIM_ColorAlbedoNormal_Default.uasset" 1209
"../../../Engine/Plugins/NNE/NNEDenoiser/Content/NNEDIM_ColorAlbedoNormal_Default.uexp" 1210
"../../../Engine/Plugins/NNE/NNEDenoiser/Content/NNEDIM_HighQuality_Alpha.uasset" 1211
"../../../Engine/Plugins/NNE/NNEDenoiser/Content/NNEDIM_HighQuality_Alpha.uexp" 1212
"../../../Engine/Plugins/NNE/NNEDenoiser/Content/NNEDIM_HighQuality_Default.uasset" 1213
"../../../Engine/Plugins/NNE/NNEDenoiser/Content/NNEDIM_HighQuality_Default.uexp" 1214
"../../../Engine/Plugins/NNE/NNEDenoiser/Content/NNEDOM_Output_Alpha.uasset" 1215
"../../../Engine/Plugins/NNE/NNEDenoiser/Content/NNEDOM_Output_Alpha.uexp" 1216
"../../../Engine/Plugins/NNE/NNEDenoiser/Content/NNEDOM_Output_Default.uasset" 1217
"../../../Engine/Plugins/NNE/NNEDenoiser/Content/NNEDOM_Output_Default.uexp" 1218
"../../../Engine/Plugins/NNE/NNEDenoiser/Content/NNEDTIM_ColorAlbedoNormal_Alpha.uasset" 1219
"../../../Engine/Plugins/NNE/NNEDenoiser/Content/NNEDTIM_ColorAlbedoNormal_Alpha.uexp" 1220
"../../../Engine/Plugins/NNE/NNEDenoiser/Content/NNEDTIM_ColorAlbedoNormal_Default.uasset" 1221
"../../../Engine/Plugins/NNE/NNEDenoiser/Content/NNEDTIM_ColorAlbedoNormal_Default.uexp" 1222
"../../../Engine/Plugins/NNE/NNEDenoiser/Content/NNEDTOM_Output_Alpha.uasset" 1223
"../../../Engine/Plugins/NNE/NNEDenoiser/Content/NNEDTOM_Output_Alpha.uexp" 1224
"../../../Engine/Plugins/NNE/NNEDenoiser/Content/NNEDTOM_Output_Default.uasset" 1225
"../../../Engine/Plugins/NNE/NNEDenoiser/Content/NNEDTOM_Output_Default.uexp" 1226
"../../../Engine/Plugins/NNE/NNEDenoiser/Content/NNEDT_Oidn2-3_Balanced.uasset" 1227
"../../../Engine/Plugins/NNE/NNEDenoiser/Content/NNEDT_Oidn2-3_Balanced.uexp" 1228
"../../../Engine/Plugins/NNE/NNEDenoiser/Content/NNEDT_Oidn2-3_Balanced_Alpha.uasset" 1229
"../../../Engine/Plugins/NNE/NNEDenoiser/Content/NNEDT_Oidn2-3_Balanced_Alpha.uexp" 1230
"../../../Engine/Plugins/NNE/NNEDenoiser/Content/NNED_Oidn2-3_Balanced.uasset" 1231
"../../../Engine/Plugins/NNE/NNEDenoiser/Content/NNED_Oidn2-3_Balanced.uexp" 1232
"../../../Engine/Plugins/NNE/NNEDenoiser/Content/NNED_Oidn2-3_Balanced_Alpha.uasset" 1233
"../../../Engine/Plugins/NNE/NNEDenoiser/Content/NNED_Oidn2-3_Balanced_Alpha.uexp" 1234
"../../../Engine/Plugins/NNE/NNEDenoiser/Content/NNED_Oidn2-3_Fast.uasset" 1235
"../../../Engine/Plugins/NNE/NNEDenoiser/Content/NNED_Oidn2-3_Fast.uexp" 1236
"../../../Engine/Plugins/NNE/NNEDenoiser/Content/NNED_Oidn2-3_Fast_Alpha.uasset" 1237
"../../../Engine/Plugins/NNE/NNEDenoiser/Content/NNED_Oidn2-3_Fast_Alpha.uexp" 1238
"../../../Engine/Plugins/NNE/NNEDenoiser/Content/NNED_Oidn2-3_HighQuality.uasset" 1239
"../../../Engine/Plugins/NNE/NNEDenoiser/Content/NNED_Oidn2-3_HighQuality.uexp" 1240
"../../../Engine/Plugins/NNE/NNEDenoiser/Content/NNED_Oidn2-3_HighQuality_Alpha.uasset" 1241
"../../../Engine/Plugins/NNE/NNEDenoiser/Content/NNED_Oidn2-3_HighQuality_Alpha.uexp" 1242
"../../../Engine/Plugins/NNE/NNEDenoiser/Content/NNE_oidn2-3-0_rt_hdr_alb_nrm_small__dyn__fp16_opset11_DenoiseAlpha.uasset" 1243
"../../../Engine/Plugins/NNE/NNEDenoiser/Content/NNE_oidn2-3-0_rt_hdr_alb_nrm_small__dyn__fp16_opset11_DenoiseAlpha.uexp" 1244
"../../../Engine/Plugins/NNE/NNEDenoiser/Content/NNE_oidn2-3-0_rt_hdr_alb_nrm_small__dyn__fp16_opset11_ForwardAlpha.uasset" 1245
"../../../Engine/Plugins/NNE/NNEDenoiser/Content/NNE_oidn2-3-0_rt_hdr_alb_nrm_small__dyn__fp16_opset11_ForwardAlpha.uexp" 1246
"../../../Engine/Plugins/NNE/NNEDenoiser/Content/NNE_oidn2-3-0_rt_hdr_alb_nrm__dyn__fp16_opset11_DenoiseAlpha.uasset" 1247
"../../../Engine/Plugins/NNE/NNEDenoiser/Content/NNE_oidn2-3-0_rt_hdr_alb_nrm__dyn__fp16_opset11_DenoiseAlpha.uexp" 1248
"../../../Engine/Plugins/NNE/NNEDenoiser/Content/NNE_oidn2-3-0_rt_hdr_alb_nrm__dyn__fp16_opset11_ForwardAlpha.uasset" 1249
"../../../Engine/Plugins/NNE/NNEDenoiser/Content/NNE_oidn2-3-0_rt_hdr_alb_nrm__dyn__fp16_opset11_ForwardAlpha.uexp" 1250
"../../../Engine/Plugins/NNE/NNEDenoiser/Content/NNE_oidn2-3-0_rt_hdr_calb_cnrm_large__dyn__fp16_opset11_DenoiseAlpha.uasset" 1251
"../../../Engine/Plugins/NNE/NNEDenoiser/Content/NNE_oidn2-3-0_rt_hdr_calb_cnrm_large__dyn__fp16_opset11_DenoiseAlpha.uexp" 1252
"../../../Engine/Plugins/NNE/NNEDenoiser/Content/NNE_oidn2-3-0_rt_hdr_calb_cnrm_large__dyn__fp16_opset11_ForwardAlpha.uasset" 1253
"../../../Engine/Plugins/NNE/NNEDenoiser/Content/NNE_oidn2-3-0_rt_hdr_calb_cnrm_large__dyn__fp16_opset11_ForwardAlpha.uexp" 1254
"../../../Engine/Content/EngineMaterials/DefaultMaterial.uasset" 1255
"../../../Engine/Content/EngineMaterials/DefaultMaterial.uexp" 1256
"../../../Engine/Content/BasicShapes/Cone.ubulk" 1257
"../../../Engine/Content/BasicShapes/Cone.uasset" 1258
"../../../Engine/Content/BasicShapes/Cone.uexp" 1259
"../../../Engine/Content/BasicShapes/Plane.ubulk" 1260
"../../../Engine/Content/BasicShapes/Plane.uasset" 1261
"../../../Engine/Content/BasicShapes/Plane.uexp" 1262
"../../../Engine/Content/Functions/MaterialLayerFunctions/MatLayerBlend_OverrideOpacityMask.uasset" 1263
"../../../Engine/Content/Functions/MaterialLayerFunctions/MatLayerBlend_OverrideOpacityMask.uexp" 1264
"C:/Users/symig/Documents/GitHub/ARPG_5.7/Content/CityofBrass_Enemies/Textures/Corpse_body_Complete_10011_BaseColor.ubulk" 1265
"C:/Users/symig/Documents/GitHub/ARPG_5.7/Content/CityofBrass_Enemies/Textures/Corpse_body_Complete_10011_BaseColor.uasset" 1266
"C:/Users/symig/Documents/GitHub/ARPG_5.7/Content/CityofBrass_Enemies/Textures/Corpse_body_Complete_10011_BaseColor.uexp" 1267
"C:/Users/symig/Documents/GitHub/ARPG_5.7/Content/CityofBrass_Enemies/Textures/Corpse_body_Complete_10011_Normal.ubulk" 1268
"C:/Users/symig/Documents/GitHub/ARPG_5.7/Content/CityofBrass_Enemies/Textures/Corpse_body_Complete_10011_Normal.uasset" 1269
"C:/Users/symig/Documents/GitHub/ARPG_5.7/Content/CityofBrass_Enemies/Textures/Corpse_body_Complete_10011_Normal.uexp" 1270
"C:/Users/symig/Documents/GitHub/ARPG_5.7/Content/CityofBrass_Enemies/Textures/Corpse_body_Complete_10011_OcclusionRoughnessMetallic.ubulk" 1271
"C:/Users/symig/Documents/GitHub/ARPG_5.7/Content/CityofBrass_Enemies/Textures/Corpse_body_Complete_10011_OcclusionRoughnessMetallic.uasset" 1272
"C:/Users/symig/Documents/GitHub/ARPG_5.7/Content/CityofBrass_Enemies/Textures/Corpse_body_Complete_10011_OcclusionRoughnessMetallic.uexp" 1273
"C:/Users/symig/Documents/GitHub/ARPG_5.7/Content/CityofBrass_Enemies/Textures/DiffuseTextureTest.ubulk" 1274
"C:/Users/symig/Documents/GitHub/ARPG_5.7/Content/CityofBrass_Enemies/Textures/DiffuseTextureTest.uasset" 1275
"C:/Users/symig/Documents/GitHub/ARPG_5.7/Content/CityofBrass_Enemies/Textures/DiffuseTextureTest.uexp" 1276
"C:/Users/symig/Documents/GitHub/ARPG_5.7/Content/CityofBrass_Enemies/Materials/Character_Substance_Layers_Material.uasset" 1277
"C:/Users/symig/Documents/GitHub/ARPG_5.7/Content/CityofBrass_Enemies/Materials/Character_Substance_Layers_Material.uexp" 1278
"C:/Users/symig/Documents/GitHub/ARPG_5.7/Content/CityofBrass_Enemies/Meshes/Enemy/Corpse/Corpse_Sword_Body_Low_green_BaseColor.ubulk" 1279
"C:/Users/symig/Documents/GitHub/ARPG_5.7/Content/CityofBrass_Enemies/Meshes/Enemy/Corpse/Corpse_Sword_Body_Low_green_BaseColor.uasset" 1280
"C:/Users/symig/Documents/GitHub/ARPG_5.7/Content/CityofBrass_Enemies/Meshes/Enemy/Corpse/Corpse_Sword_Body_Low_green_BaseColor.uexp" 1281
"C:/Users/symig/Documents/GitHub/ARPG_5.7/Content/CityofBrass_Enemies/Meshes/Enemy/Corpse/Corpse_Sword_Body_Low_green_Normal.ubulk" 1282
"C:/Users/symig/Documents/GitHub/ARPG_5.7/Content/CityofBrass_Enemies/Meshes/Enemy/Corpse/Corpse_Sword_Body_Low_green_Normal.uasset" 1283
"C:/Users/symig/Documents/GitHub/ARPG_5.7/Content/CityofBrass_Enemies/Meshes/Enemy/Corpse/Corpse_Sword_Body_Low_green_Normal.uexp" 1284
"C:/Users/symig/Documents/GitHub/ARPG_5.7/Content/CityofBrass_Enemies/Meshes/Enemy/Corpse/Corpse_Sword_Body_Low_green_OcclusionRoughnessMetallic.ubulk" 1285
"C:/Users/symig/Documents/GitHub/ARPG_5.7/Content/CityofBrass_Enemies/Meshes/Enemy/Corpse/Corpse_Sword_Body_Low_green_OcclusionRoughnessMetallic.uasset" 1286
"C:/Users/symig/Documents/GitHub/ARPG_5.7/Content/CityofBrass_Enemies/Meshes/Enemy/Corpse/Corpse_Sword_Body_Low_green_OcclusionRoughnessMetallic.uexp" 1287
"C:/Users/symig/Documents/GitHub/ARPG_5.7/Content/CityofBrass_Enemies/Materials/Corpse_Body_Inst2.uasset" 1288
"C:/Users/symig/Documents/GitHub/ARPG_5.7/Content/CityofBrass_Enemies/Materials/Corpse_Body_Inst2.uexp" 1289
"C:/Users/symig/Documents/GitHub/ARPG_5.7/Content/CityofBrass_Enemies/Textures/Corpse_Sword_Clothes_Low_02_-_Default_BaseColor.ubulk" 1290
"C:/Users/symig/Documents/GitHub/ARPG_5.7/Content/CityofBrass_Enemies/Textures/Corpse_Sword_Clothes_Low_02_-_Default_BaseColor.uasset" 1291
"C:/Users/symig/Documents/GitHub/ARPG_5.7/Content/CityofBrass_Enemies/Textures/Corpse_Sword_Clothes_Low_02_-_Default_BaseColor.uexp" 1292
"C:/Users/symig/Documents/GitHub/ARPG_5.7/Content/CityofBrass_Enemies/Textures/Corpse_Sword_Clothes_Low_02_-_Default_Normal.ubulk" 1293
"C:/Users/symig/Documents/GitHub/ARPG_5.7/Content/CityofBrass_Enemies/Textures/Corpse_Sword_Clothes_Low_02_-_Default_Normal.uasset" 1294
"C:/Users/symig/Documents/GitHub/ARPG_5.7/Content/CityofBrass_Enemies/Textures/Corpse_Sword_Clothes_Low_02_-_Default_Normal.uexp" 1295
"C:/Users/symig/Documents/GitHub/ARPG_5.7/Content/CityofBrass_Enemies/Textures/Corpse_Sword_Clothes_Low_02_-_Default_OcclusionRoughnessMetallic.ubulk" 1296
"C:/Users/symig/Documents/GitHub/ARPG_5.7/Content/CityofBrass_Enemies/Textures/Corpse_Sword_Clothes_Low_02_-_Default_OcclusionRoughnessMetallic.uasset" 1297
"C:/Users/symig/Documents/GitHub/ARPG_5.7/Content/CityofBrass_Enemies/Textures/Corpse_Sword_Clothes_Low_02_-_Default_OcclusionRoughnessMetallic.uexp" 1298
"C:/Users/symig/Documents/GitHub/ARPG_5.7/Content/CityofBrass_Enemies/Materials/Corpse_Clothes_Inst.uasset" 1299
"C:/Users/symig/Documents/GitHub/ARPG_5.7/Content/CityofBrass_Enemies/Materials/Corpse_Clothes_Inst.uexp" 1300
"C:/Users/symig/Documents/GitHub/ARPG_5.7/Content/CityofBrass_Enemies/Meshes/Enemy/Corpse/Corpse_Skeleton.uasset" 1301
"C:/Users/symig/Documents/GitHub/ARPG_5.7/Content/CityofBrass_Enemies/Meshes/Enemy/Corpse/Corpse_Skeleton.uexp" 1302
"C:/Users/symig/Documents/GitHub/ARPG_5.7/Content/CityofBrass_Enemies/Meshes/Enemy/Corpse/Corpse_Sword_ShadowPhysics.uasset" 1303
"C:/Users/symig/Documents/GitHub/ARPG_5.7/Content/CityofBrass_Enemies/Meshes/Enemy/Corpse/Corpse_Sword_ShadowPhysics.uexp" 1304
"C:/Users/symig/Documents/GitHub/ARPG_5.7/Content/CityofBrass_Enemies/Meshes/Enemy/Corpse/Corpse_Sword_PhysicsAsset.uasset" 1305
"C:/Users/symig/Documents/GitHub/ARPG_5.7/Content/CityofBrass_Enemies/Meshes/Enemy/Corpse/Corpse_Sword_PhysicsAsset.uexp" 1306
"C:/Users/symig/Documents/GitHub/ARPG_5.7/Content/CityofBrass_Enemies/Meshes/Enemy/Corpse/Corpse_Sword.uasset" 1307
"C:/Users/symig/Documents/GitHub/ARPG_5.7/Content/CityofBrass_Enemies/Meshes/Enemy/Corpse/Corpse_Sword.uexp" 1308
"../../../Engine/Content/EngineMeshes/BackgroundMaterial.uasset" 1309
"../../../Engine/Content/EngineMeshes/BackgroundMaterial.uexp" 1310
"../../../Engine/Plugins/FX/NiagaraFluids/Content/NDC_Grid3D_Gas.uasset" 1311
"../../../Engine/Plugins/FX/NiagaraFluids/Content/NDC_Grid3D_Gas.uexp" 1312
"../../../Engine/Content/EngineMeshes/s_cube_1cm_flippednormals.ubulk" 1313
"../../../Engine/Content/EngineMeshes/s_cube_1cm_flippednormals.uasset" 1314
"../../../Engine/Content/EngineMeshes/s_cube_1cm_flippednormals.uexp" 1315
"../../../Engine/Plugins/FX/Niagara/Content/VectorFields/Assets/TilingCurl32.uasset" 1316
"../../../Engine/Plugins/FX/Niagara/Content/VectorFields/Assets/TilingCurl32.uexp" 1317
"../../../Engine/Plugins/FX/NiagaraFluids/Content/Enums/ENiagaraCompositingMethod.uasset" 1318
"../../../Engine/Plugins/FX/NiagaraFluids/Content/Enums/ENiagaraCompositingMethod.uexp" 1319
"../../../Engine/Plugins/FX/NiagaraFluids/Content/Enums/ENiagaraDebugSliceAttributeList.uasset" 1320
"../../../Engine/Plugins/FX/NiagaraFluids/Content/Enums/ENiagaraDebugSliceAttributeList.uexp" 1321
"../../../Engine/Plugins/FX/NiagaraFluids/Content/Enums/ENiagaraDebugVectorAttributeList.uasset" 1322
"../../../Engine/Plugins/FX/NiagaraFluids/Content/Enums/ENiagaraDebugVectorAttributeList.uexp" 1323
"../../../Engine/Plugins/FX/NiagaraFluids/Content/Enums/ENiagaraFluidAttributeListReduced.uasset" 1324
"../../../Engine/Plugins/FX/NiagaraFluids/Content/Enums/ENiagaraFluidAttributeListReduced.uexp" 1325
"../../../Engine/Plugins/FX/NiagaraFluids/Content/Enums/ENiagaraGasDensityRenderTypes.uasset" 1326
"../../../Engine/Plugins/FX/NiagaraFluids/Content/Enums/ENiagaraGasDensityRenderTypes.uexp" 1327
"../../../Engine/Plugins/FX/NiagaraFluids/Content/Enums/ENiagaraGasTemperatureOpacityRenderTypes.uasset" 1328
"../../../Engine/Plugins/FX/NiagaraFluids/Content/Enums/ENiagaraGasTemperatureOpacityRenderTypes.uexp" 1329
"../../../Engine/Plugins/FX/NiagaraFluids/Content/Enums/ENiagaraGasTemperatureRenderTypes.uasset" 1330
"../../../Engine/Plugins/FX/NiagaraFluids/Content/Enums/ENiagaraGasTemperatureRenderTypes.uexp" 1331
"../../../Engine/Plugins/FX/NiagaraFluids/Content/Enums/ENiagaraInterpolationMethod.uasset" 1332
"../../../Engine/Plugins/FX/NiagaraFluids/Content/Enums/ENiagaraInterpolationMethod.uexp" 1333
"../../../Engine/Plugins/FX/NiagaraFluids/Content/Enums/ENiagaraParticleSourceAttributeList.uasset" 1334
"../../../Engine/Plugins/FX/NiagaraFluids/Content/Enums/ENiagaraParticleSourceAttributeList.uexp" 1335
"../../../Engine/Plugins/FX/NiagaraFluids/Content/Enums/ENiagaraPivotSpace.uasset" 1336
"../../../Engine/Plugins/FX/NiagaraFluids/Content/Enums/ENiagaraPivotSpace.uexp" 1337
"../../../Engine/Plugins/FX/NiagaraFluids/Content/Enums/ENiagaraScalabilityQualityLevels.uasset" 1338
"../../../Engine/Plugins/FX/NiagaraFluids/Content/Enums/ENiagaraScalabilityQualityLevels.uexp" 1339
"C:/Users/symig/Documents/GitHub/ARPG_5.7/Content/TopDown/Data/SM_Firewal.ubulk" 1340
"C:/Users/symig/Documents/GitHub/ARPG_5.7/Content/TopDown/Data/SM_Firewal.uasset" 1341
"C:/Users/symig/Documents/GitHub/ARPG_5.7/Content/TopDown/Data/SM_Firewal.uexp" 1342
"../../../Engine/Content/Functions/Engine_MaterialFunctions03/Math/RemapValueRangeNormalized.uasset" 1343
"../../../Engine/Content/Functions/Engine_MaterialFunctions03/Math/RemapValueRangeNormalized.uexp" 1344
"../../../Engine/Content/EngineResources/DefaultVolumeTexture2D.uasset" 1345
"../../../Engine/Content/EngineResources/DefaultVolumeTexture2D.uexp" 1346
"../../../Engine/Content/EngineResources/DefaultVolumeTexture.uasset" 1347
"../../../Engine/Content/EngineResources/DefaultVolumeTexture.uexp" 1348
"../../../Engine/Content/ArtTools/RenderToTexture/Textures/127grey.uasset" 1349
"../../../Engine/Content/ArtTools/RenderToTexture/Textures/127grey.uexp" 1350
"../../../Engine/Plugins/FX/NiagaraFluids/Content/Materials/Grid3D/M_3DGas_Base.uasset" 1351
"../../../Engine/Plugins/FX/NiagaraFluids/Content/Materials/Grid3D/M_3DGas_Base.uexp" 1352
"../../../Engine/Plugins/FX/NiagaraFluids/Content/Materials/Grid3D/Instances/MI_3DGas_Base.uasset" 1353
"../../../Engine/Plugins/FX/NiagaraFluids/Content/Materials/Grid3D/Instances/MI_3DGas_Base.uexp" 1354
"../../../Engine/Plugins/FX/NiagaraFluids/Content/Materials/Grid3D/M_DebugVolumeSlice.uasset" 1355
"../../../Engine/Plugins/FX/NiagaraFluids/Content/Materials/Grid3D/M_DebugVolumeSlice.uexp" 1356
"../../../Engine/Plugins/FX/NiagaraFluids/Content/Materials/Grid3D/Instances/MI_DebugVolumeSlice.uasset" 1357
"../../../Engine/Plugins/FX/NiagaraFluids/Content/Materials/Grid3D/Instances/MI_DebugVolumeSlice.uexp" 1358
"C:/Users/symig/Documents/GitHub/ARPG_5.7/Content/TopDown/Animations/Niagara/NET_EnvironmentLooping.uasset" 1359
"C:/Users/symig/Documents/GitHub/ARPG_5.7/Content/TopDown/Animations/Niagara/NET_EnvironmentLooping.uexp" 1360
"C:/Users/symig/Documents/GitHub/ARPG_5.7/Content/TopDown/Animations/Niagara/Fire/NS_Firewall.uasset" 1361
"C:/Users/symig/Documents/GitHub/ARPG_5.7/Content/TopDown/Animations/Niagara/Fire/NS_Firewall.uexp" 1362
"C:/Users/symig/Documents/GitHub/ARPG_5.7/Content/TopDown/Data/Textures/T_Fire_SubUV.ubulk" 1363
"C:/Users/symig/Documents/GitHub/ARPG_5.7/Content/TopDown/Data/Textures/T_Fire_SubUV.uasset" 1364
"C:/Users/symig/Documents/GitHub/ARPG_5.7/Content/TopDown/Data/Textures/T_Fire_SubUV.uexp" 1365
"C:/Users/symig/Documents/GitHub/ARPG_5.7/Content/TopDown/Data/Textures/T_Fire_Tiled_D.ubulk" 1366
"C:/Users/symig/Documents/GitHub/ARPG_5.7/Content/TopDown/Data/Textures/T_Fire_Tiled_D.uasset" 1367
"C:/Users/symig/Documents/GitHub/ARPG_5.7/Content/TopDown/Data/Textures/T_Fire_Tiled_D.uexp" 1368
"C:/Users/symig/Documents/GitHub/ARPG_5.7/Content/TopDown/Data/Particles/Materials/M_Fire_SubUV.uasset" 1369
"C:/Users/symig/Documents/GitHub/ARPG_5.7/Content/TopDown/Data/Particles/Materials/M_Fire_SubUV.uexp" 1370
"C:/Users/symig/Documents/GitHub/ARPG_5.7/Content/TopDown/Animations/Niagara/Fire/NS_Fireball.uasset" 1371
"C:/Users/symig/Documents/GitHub/ARPG_5.7/Content/TopDown/Animations/Niagara/Fire/NS_Fireball.uexp" 1372
"C:/Users/symig/Documents/GitHub/ARPG_5.7/Content/TopDown/Blueprints/ActorComponents/IHealthManager.uasset" 1373
"C:/Users/symig/Documents/GitHub/ARPG_5.7/Content/TopDown/Blueprints/ActorComponents/IHealthManager.uexp" 1374
"C:/Users/symig/Documents/GitHub/ARPG_5.7/Content/TopDown/Blueprints/ProximityTrackingComponent.uasset" 1375
"C:/Users/symig/Documents/GitHub/ARPG_5.7/Content/TopDown/Blueprints/ProximityTrackingComponent.uexp" 1376
"C:/Users/symig/Documents/GitHub/ARPG_5.7/Content/TopDown/Blueprints/ActorComponents/DamageTakenComponent.uasset" 1377
"C:/Users/symig/Documents/GitHub/ARPG_5.7/Content/TopDown/Blueprints/ActorComponents/DamageTakenComponent.uexp" 1378
"C:/Users/symig/Documents/GitHub/ARPG_5.7/Content/TopDown/Blueprints/FDegenDto.uasset" 1379
"C:/Users/symig/Documents/GitHub/ARPG_5.7/Content/TopDown/Blueprints/FDegenDto.uexp" 1380
"C:/Users/symig/Documents/GitHub/ARPG_5.7/Content/TopDown/Blueprints/FDegenInfo.uasset" 1381
"C:/Users/symig/Documents/GitHub/ARPG_5.7/Content/TopDown/Blueprints/FDegenInfo.uexp" 1382
"C:/Users/symig/Documents/GitHub/ARPG_5.7/Content/TopDown/Blueprints/ActorComponents/StatusEffects/EAilmentSetting.uasset" 1383
"C:/Users/symig/Documents/GitHub/ARPG_5.7/Content/TopDown/Blueprints/ActorComponents/StatusEffects/EAilmentSetting.uexp" 1384
"C:/Users/symig/Documents/GitHub/ARPG_5.7/Content/TopDown/Blueprints/ActorComponents/StatusEffects/FAilmentHitDto.uasset" 1385
"C:/Users/symig/Documents/GitHub/ARPG_5.7/Content/TopDown/Blueprints/ActorComponents/StatusEffects/FAilmentHitDto.uexp" 1386
"C:/Users/symig/Documents/GitHub/ARPG_5.7/Content/TopDown/Blueprints/ActorComponents/StatusEffects/FAilmentDto.uasset" 1387
"C:/Users/symig/Documents/GitHub/ARPG_5.7/Content/TopDown/Blueprints/ActorComponents/StatusEffects/FAilmentDto.uexp" 1388
"C:/Users/symig/Documents/GitHub/ARPG_5.7/Content/TopDown/Blueprints/ActorComponents/IAilmentHandler.uasset" 1389
"C:/Users/symig/Documents/GitHub/ARPG_5.7/Content/TopDown/Blueprints/ActorComponents/IAilmentHandler.uexp" 1390
"C:/Users/symig/Documents/GitHub/ARPG_5.7/Content/TopDown/Blueprints/ActorComponents/DegenerationComponent.uasset" 1391
"C:/Users/symig/Documents/GitHub/ARPG_5.7/Content/TopDown/Blueprints/ActorComponents/DegenerationComponent.uexp" 1392
"C:/Users/symig/Documents/GitHub/ARPG_5.7/Content/TopDown/Blueprints/StatModifiers/Restrictions/Chaos.uasset" 1393
"C:/Users/symig/Documents/GitHub/ARPG_5.7/Content/TopDown/Blueprints/StatModifiers/Restrictions/Chaos.uexp" 1394
"C:/Users/symig/Documents/GitHub/ARPG_5.7/Content/TopDown/Blueprints/StatModifiers/Restrictions/Cold.uasset" 1395
"C:/Users/symig/Documents/GitHub/ARPG_5.7/Content/TopDown/Blueprints/StatModifiers/Restrictions/Cold.uexp" 1396
"C:/Users/symig/Documents/GitHub/ARPG_5.7/Content/TopDown/Blueprints/StatModifiers/Restrictions/Lightning.uasset" 1397
"C:/Users/symig/Documents/GitHub/ARPG_5.7/Content/TopDown/Blueprints/StatModifiers/Restrictions/Lightning.uexp" 1398
"C:/Users/symig/Documents/GitHub/ARPG_5.7/Content/TopDown/Blueprints/ActorComponents/NewDamageDealingComponent.uasset" 1399
"C:/Users/symig/Documents/GitHub/ARPG_5.7/Content/TopDown/Blueprints/ActorComponents/NewDamageDealingComponent.uexp" 1400
"C:/Users/symig/Documents/GitHub/ARPG_5.7/Content/TopDown/Blueprints/CardsSystem/CardComponents/DynamicComponents/IAilmentListener.uasset" 1401
"C:/Users/symig/Documents/GitHub/ARPG_5.7/Content/TopDown/Blueprints/CardsSystem/CardComponents/DynamicComponents/IAilmentListener.uexp" 1402
"C:/Users/symig/Documents/GitHub/ARPG_5.7/Content/TopDown/Blueprints/CardsSystem/CardComponents/DurationDamageComponent.uasset" 1403
"C:/Users/symig/Documents/GitHub/ARPG_5.7/Content/TopDown/Blueprints/CardsSystem/CardComponents/DurationDamageComponent.uexp" 1404
"C:/Users/symig/Documents/GitHub/ARPG_5.7/Content/TopDown/Blueprints/CardsSystem/EColliderShape.uasset" 1405
"C:/Users/symig/Documents/GitHub/ARPG_5.7/Content/TopDown/Blueprints/CardsSystem/EColliderShape.uexp" 1406
"C:/Users/symig/Documents/GitHub/ARPG_5.7/Content/TopDown/Blueprints/CardsSystem/CardComponents/AreaOverlapComponent.uasset" 1407
"C:/Users/symig/Documents/GitHub/ARPG_5.7/Content/TopDown/Blueprints/CardsSystem/CardComponents/AreaOverlapComponent.uexp" 1408
"C:/Users/symig/Documents/GitHub/ARPG_5.7/Content/TopDown/Blueprints/CardsSystem/CardComponents/WallComponent.uasset" 1409
"C:/Users/symig/Documents/GitHub/ARPG_5.7/Content/TopDown/Blueprints/CardsSystem/CardComponents/WallComponent.uexp" 1410
"C:/Users/symig/Documents/GitHub/ARPG_5.7/Content/TopDown/Blueprints/CardsSystem/ConcreteCards/FirewallCard.uasset" 1411
"C:/Users/symig/Documents/GitHub/ARPG_5.7/Content/TopDown/Blueprints/CardsSystem/ConcreteCards/FirewallCard.uexp" 1412
"C:/Users/symig/Documents/GitHub/ARPG_5.7/Content/TopDown/Textures/T_Desert_Western_Scatter_Rock_09_xgptai1_1K_N.ubulk" 1413
"C:/Users/symig/Documents/GitHub/ARPG_5.7/Content/TopDown/Textures/T_Desert_Western_Scatter_Rock_09_xgptai1_1K_N.uasset" 1414
"C:/Users/symig/Documents/GitHub/ARPG_5.7/Content/TopDown/Textures/T_Desert_Western_Scatter_Rock_09_xgptai1_1K_N.uexp" 1415
"C:/Users/symig/Documents/GitHub/ARPG_5.7/Content/TopDown/Materials/M_Snow.uasset" 1416
"C:/Users/symig/Documents/GitHub/ARPG_5.7/Content/TopDown/Materials/M_Snow.uexp" 1417
"../../../Engine/Plugins/FX/Niagara/Content/DefaultAssets/DefaultSpriteMaterial.uasset" 1418
"../../../Engine/Plugins/FX/Niagara/Content/DefaultAssets/DefaultSpriteMaterial.uexp" 1419
"C:/Users/symig/Documents/GitHub/ARPG_5.7/Content/TopDown/Animations/Niagara/Frost/NS_Frost.uasset" 1420
"C:/Users/symig/Documents/GitHub/ARPG_5.7/Content/TopDown/Animations/Niagara/Frost/NS_Frost.uexp" 1421
"C:/Users/symig/Documents/GitHub/ARPG_5.7/Content/TopDown/Animations/Niagara/Frost/FrostwallEmitter_System.uasset" 1422
"C:/Users/symig/Documents/GitHub/ARPG_5.7/Content/TopDown/Animations/Niagara/Frost/FrostwallEmitter_System.uexp" 1423
"C:/Users/symig/Documents/GitHub/ARPG_5.7/Content/TopDown/Blueprints/CardsSystem/CardComponents/DirectDamageComponent.uasset" 1424
"C:/Users/symig/Documents/GitHub/ARPG_5.7/Content/TopDown/Blueprints/CardsSystem/CardComponents/DirectDamageComponent.uexp" 1425
"C:/Users/symig/Documents/GitHub/ARPG_5.7/Content/TopDown/Blueprints/CardsSystem/ConcreteCards/FrostwallCard.uasset" 1426
"C:/Users/symig/Documents/GitHub/ARPG_5.7/Content/TopDown/Blueprints/CardsSystem/ConcreteCards/FrostwallCard.uexp" 1427
"C:/Users/symig/Documents/GitHub/ARPG_5.7/Content/TopDown/Animations/Niagara/NS_Empty.uasset" 1428
"C:/Users/symig/Documents/GitHub/ARPG_5.7/Content/TopDown/Animations/Niagara/NS_Empty.uexp" 1429
"../../../Engine/Plugins/FX/NiagaraFluids/Content/Meshes/FireSourceMesh.ubulk" 1430
"../../../Engine/Plugins/FX/NiagaraFluids/Content/Meshes/FireSourceMesh.uasset" 1431
"../../../Engine/Plugins/FX/NiagaraFluids/Content/Meshes/FireSourceMesh.uexp" 1432
"C:/Users/symig/Documents/GitHub/ARPG_5.7/Content/TopDown/Animations/Niagara/Fire/FireGas.uasset" 1433
"C:/Users/symig/Documents/GitHub/ARPG_5.7/Content/TopDown/Animations/Niagara/Fire/FireGas.uexp" 1434
"C:/Users/symig/Documents/GitHub/ARPG_5.7/Content/TopDown/Blueprints/CardsSystem/CardComponents/ChannelingComponent.uasset" 1435
"C:/Users/symig/Documents/GitHub/ARPG_5.7/Content/TopDown/Blueprints/CardsSystem/CardComponents/ChannelingComponent.uexp" 1436
"C:/Users/symig/Documents/GitHub/ARPG_5.7/Content/TopDown/Blueprints/CardsSystem/ConcreteCards/IncinerateCard.uasset" 1437
"C:/Users/symig/Documents/GitHub/ARPG_5.7/Content/TopDown/Blueprints/CardsSystem/ConcreteCards/IncinerateCard.uexp" 1438
"C:/Users/symig/Documents/GitHub/ARPG_5.7/Content/TopDown/Animations/Niagara/Lightning/NS_LightningVortex.uasset" 1439
"C:/Users/symig/Documents/GitHub/ARPG_5.7/Content/TopDown/Animations/Niagara/Lightning/NS_LightningVortex.uexp" 1440
"C:/Users/symig/Documents/GitHub/ARPG_5.7/Content/TopDown/Blueprints/CardsSystem/CardComponents/VortexComponent.uasset" 1441
"C:/Users/symig/Documents/GitHub/ARPG_5.7/Content/TopDown/Blueprints/CardsSystem/CardComponents/VortexComponent.uexp" 1442
"C:/Users/symig/Documents/GitHub/ARPG_5.7/Content/TopDown/Blueprints/CardsSystem/ConcreteCards/LightningVortexCard.uasset" 1443
"C:/Users/symig/Documents/GitHub/ARPG_5.7/Content/TopDown/Blueprints/CardsSystem/ConcreteCards/LightningVortexCard.uexp" 1444
"C:/Users/symig/Documents/GitHub/ARPG_5.7/Content/MS/textures/azul/T_Tazul_16_Tex.ubulk" 1445
"C:/Users/symig/Documents/GitHub/ARPG_5.7/Content/MS/textures/azul/T_Tazul_16_Tex.uasset" 1446
"C:/Users/symig/Documents/GitHub/ARPG_5.7/Content/MS/textures/azul/T_Tazul_16_Tex.uexp" 1447
"C:/Users/symig/Documents/GitHub/ARPG_5.7/Content/MS/Sprites/azul/azul_16__Sprite.uasset" 1448
"C:/Users/symig/Documents/GitHub/ARPG_5.7/Content/MS/Sprites/azul/azul_16__Sprite.uexp" 1449
"C:/Users/symig/Documents/GitHub/ARPG_5.7/Content/TopDown/Blueprints/Assets/AssetComponents/Widget_OverheadVisuals.uasset" 1450
"C:/Users/symig/Documents/GitHub/ARPG_5.7/Content/TopDown/Blueprints/Assets/AssetComponents/Widget_OverheadVisuals.uexp" 1451
"C:/Users/symig/Documents/GitHub/ARPG_5.7/Content/TopDown/Blueprints/Assets/AssetComponents/OverheadVisualsComponent.uasset" 1452
"C:/Users/symig/Documents/GitHub/ARPG_5.7/Content/TopDown/Blueprints/Assets/AssetComponents/OverheadVisualsComponent.uexp" 1453
"../../../Engine/Content/Functions/Engine_MaterialFunctions02/WorldPositionOffset/V2/ObjectScale.uasset" 1454
"../../../Engine/Content/Functions/Engine_MaterialFunctions02/WorldPositionOffset/V2/ObjectScale.uexp" 1455
"C:/Users/symig/Documents/GitHub/ARPG_5.7/Content/TopDown/Materials/M_Liquid.uasset" 1456
"C:/Users/symig/Documents/GitHub/ARPG_5.7/Content/TopDown/Materials/M_Liquid.uexp" 1457
"C:/Users/symig/Documents/GitHub/ARPG_5.7/Content/TopDown/Materials/M_Liquid_Inst_Red.uasset" 1458
"C:/Users/symig/Documents/GitHub/ARPG_5.7/Content/TopDown/Materials/M_Liquid_Inst_Red.uexp" 1459
"C:/Users/symig/Documents/GitHub/ARPG_5.7/Content/TopDown/Animations/Niagara/Chaos/NS_BloodBurst.uasset" 1460
"C:/Users/symig/Documents/GitHub/ARPG_5.7/Content/TopDown/Animations/Niagara/Chaos/NS_BloodBurst.uexp" 1461
"C:/Users/symig/Documents/GitHub/ARPG_5.7/Content/TopDown/Blueprints/CardsSystem/ConcreteCards/MarkBurstCard.uasset" 1462
"C:/Users/symig/Documents/GitHub/ARPG_5.7/Content/TopDown/Blueprints/CardsSystem/ConcreteCards/MarkBurstCard.uexp" 1463
"../../../Engine/Content/EngineMeshes/Sphere.ubulk" 1464
"../../../Engine/Content/EngineMeshes/Sphere.uasset" 1465
"../../../Engine/Content/EngineMeshes/Sphere.uexp" 1466
"../../../Engine/Content/Functions/Engine_MaterialFunctions01/Density/ExponentialDensity.uasset" 1467
"../../../Engine/Content/Functions/Engine_MaterialFunctions01/Density/ExponentialDensity.uexp" 1468
"../../../Engine/Content/Functions/Engine_MaterialFunctions01/Gradient/RadialGradientExponential.uasset" 1469
"../../../Engine/Content/Functions/Engine_MaterialFunctions01/Gradient/RadialGradientExponential.uexp" 1470
"C:/Users/symig/Documents/GitHub/ARPG_5.7/Content/InfinityBladeEffects/Effects/FX_Textures/Fire/T_JaggedRockFirey_01_D.ubulk" 1471
"C:/Users/symig/Documents/GitHub/ARPG_5.7/Content/InfinityBladeEffects/Effects/FX_Textures/Fire/T_JaggedRockFirey_01_D.uasset" 1472
"C:/Users/symig/Documents/GitHub/ARPG_5.7/Content/InfinityBladeEffects/Effects/FX_Textures/Fire/T_JaggedRockFirey_01_D.uexp" 1473
"C:/Users/symig/Documents/GitHub/ARPG_5.7/Content/InfinityBladeEffects/Effects/FX_Textures/Fire/T_JaggedRockFirey_01_N.ubulk" 1474
"C:/Users/symig/Documents/GitHub/ARPG_5.7/Content/InfinityBladeEffects/Effects/FX_Textures/Fire/T_JaggedRockFirey_01_N.uasset" 1475
"C:/Users/symig/Documents/GitHub/ARPG_5.7/Content/InfinityBladeEffects/Effects/FX_Textures/Fire/T_JaggedRockFirey_01_N.uexp" 1476
"C:/Users/symig/Documents/GitHub/ARPG_5.7/Content/TopDown/Materials/M_BurningGroundDecal.uasset" 1477
"C:/Users/symig/Documents/GitHub/ARPG_5.7/Content/TopDown/Materials/M_BurningGroundDecal.uexp" 1478
"C:/Users/symig/Documents/GitHub/ARPG_5.7/Content/InfinityBladeEffects/Effects/FX_Materials/Fire/M_JaggedRockFire_MeshEmit_Lit.uasset" 1479
"C:/Users/symig/Documents/GitHub/ARPG_5.7/Content/InfinityBladeEffects/Effects/FX_Materials/Fire/M_JaggedRockFire_MeshEmit_Lit.uexp" 1480
"C:/Users/symig/Documents/GitHub/ARPG_5.7/Content/TopDown/Animations/Niagara/Fire/NS_Confetti.uasset" 1481
"C:/Users/symig/Documents/GitHub/ARPG_5.7/Content/TopDown/Animations/Niagara/Fire/NS_Confetti.uexp" 1482
"C:/Users/symig/Documents/GitHub/ARPG_5.7/Content/TopDown/Textures/T_ky_flare_a.ubulk" 1483
"C:/Users/symig/Documents/GitHub/ARPG_5.7/Content/TopDown/Textures/T_ky_flare_a.uasset" 1484
"C:/Users/symig/Documents/GitHub/ARPG_5.7/Content/TopDown/Textures/T_ky_flare_a.uexp" 1485
"C:/Users/symig/Documents/GitHub/ARPG_5.7/Content/TopDown/Materials/FireMaterial/M_flare_flash.uasset" 1486
"C:/Users/symig/Documents/GitHub/ARPG_5.7/Content/TopDown/Materials/FireMaterial/M_flare_flash.uexp" 1487
"C:/Users/symig/Documents/GitHub/ARPG_5.7/Content/TopDown/Animations/Niagara/Physical/NS_Physical.uasset" 1488
"C:/Users/symig/Documents/GitHub/ARPG_5.7/Content/TopDown/Animations/Niagara/Physical/NS_Physical.uexp" 1489
"C:/Users/symig/Documents/GitHub/ARPG_5.7/Content/TopDown/Blueprints/CardsSystem/ConcreteCards/MeteorCard.uasset" 1490
"C:/Users/symig/Documents/GitHub/ARPG_5.7/Content/TopDown/Blueprints/CardsSystem/ConcreteCards/MeteorCard.uexp" 1491
"C:/Users/symig/Documents/GitHub/ARPG_5.7/Content/TopDown/Animations/Niagara/BP_CardNS.uasset" 1492
"C:/Users/symig/Documents/GitHub/ARPG_5.7/Content/TopDown/Animations/Niagara/BP_CardNS.uexp" 1493
"C:/Users/symig/Documents/GitHub/ARPG_5.7/Content/TopDown/Blueprints/CardsSystem/IPoisonable.uasset" 1494
"C:/Users/symig/Documents/GitHub/ARPG_5.7/Content/TopDown/Blueprints/CardsSystem/IPoisonable.uexp" 1495
"C:/Users/symig/Documents/GitHub/ARPG_5.7/Content/TopDown/Animations/Niagara/Chaos/NS_Poison.uasset" 1496
"C:/Users/symig/Documents/GitHub/ARPG_5.7/Content/TopDown/Animations/Niagara/Chaos/NS_Poison.uexp" 1497
"C:/Users/symig/Documents/GitHub/ARPG_5.7/Content/TopDown/Animations/Niagara/Chaos/BP_PoisonNS.uasset" 1498
"C:/Users/symig/Documents/GitHub/ARPG_5.7/Content/TopDown/Animations/Niagara/Chaos/BP_PoisonNS.uexp" 1499
"C:/Users/symig/Documents/GitHub/ARPG_5.7/Content/TopDown/Blueprints/CardsSystem/CardComponents/RelatedActors/BP_CardProjectile.uasset" 1500
"C:/Users/symig/Documents/GitHub/ARPG_5.7/Content/TopDown/Blueprints/CardsSystem/CardComponents/RelatedActors/BP_CardProjectile.uexp" 1501
"C:/Users/symig/Documents/GitHub/ARPG_5.7/Content/TopDown/Blueprints/CardsSystem/CardComponents/ProjectileComponent.uasset" 1502
"C:/Users/symig/Documents/GitHub/ARPG_5.7/Content/TopDown/Blueprints/CardsSystem/CardComponents/ProjectileComponent.uexp" 1503
"C:/Users/symig/Documents/GitHub/ARPG_5.7/Content/TopDown/Blueprints/CardsSystem/ConcreteCards/PoisonCard.uasset" 1504
"C:/Users/symig/Documents/GitHub/ARPG_5.7/Content/TopDown/Blueprints/CardsSystem/ConcreteCards/PoisonCard.uexp" 1505
"C:/Users/symig/Documents/GitHub/ARPG_5.7/Content/TopDown/Blueprints/CardsSystem/ICardUser.uasset" 1506
"C:/Users/symig/Documents/GitHub/ARPG_5.7/Content/TopDown/Blueprints/CardsSystem/ICardUser.uexp" 1507
"C:/Users/symig/Documents/GitHub/ARPG_5.7/Content/TopDown/Blueprints/CardsSystem/CardComponents/DiscardComponent.uasset" 1508
"C:/Users/symig/Documents/GitHub/ARPG_5.7/Content/TopDown/Blueprints/CardsSystem/CardComponents/DiscardComponent.uexp" 1509
"C:/Users/symig/Documents/GitHub/ARPG_5.7/Content/TopDown/Blueprints/CardsSystem/ConcreteCards/ReplacementCard.uasset" 1510
"C:/Users/symig/Documents/GitHub/ARPG_5.7/Content/TopDown/Blueprints/CardsSystem/ConcreteCards/ReplacementCard.uexp" 1511
"../../../Engine/Content/EngineResources/Black.uasset" 1512
"../../../Engine/Content/EngineResources/Black.uexp" 1513
"../../../Engine/Content/Functions/Engine_MaterialFunctions02/Texturing/CustomRotator.uasset" 1514
"../../../Engine/Content/Functions/Engine_MaterialFunctions02/Texturing/CustomRotator.uexp" 1515
"../../../Engine/Plugins/Bridge/Content/MSPresets/MSTextures/BlackPlaceholder.uasset" 1516
"../../../Engine/Plugins/Bridge/Content/MSPresets/MSTextures/BlackPlaceholder.uexp" 1517
"../../../Engine/Plugins/Bridge/Content/MSPresets/MSTextures/Placeholder_Normal.uasset" 1518
"../../../Engine/Plugins/Bridge/Content/MSPresets/MSTextures/Placeholder_Normal.uexp" 1519
"../../../Engine/Plugins/Bridge/Content/MSPresets/MSTextures/WhitePlaceholder.uasset" 1520
"../../../Engine/Plugins/Bridge/Content/MSPresets/MSTextures/WhitePlaceholder.uexp" 1521
"../../../Engine/Plugins/Bridge/Content/MSPresets/M_MS_Default_Fuzz_Material/Functions/MF_Fuzz.uasset" 1522
"../../../Engine/Plugins/Bridge/Content/MSPresets/M_MS_Default_Fuzz_Material/Functions/MF_Fuzz.uexp" 1523
"../../../Engine/Plugins/Bridge/Content/MSPresets/M_MS_Default_Fuzz_Material/Functions/MF_Tiling.uasset" 1524
"../../../Engine/Plugins/Bridge/Content/MSPresets/M_MS_Default_Fuzz_Material/Functions/MF_Tiling.uexp" 1525
"../../../Engine/Plugins/Bridge/Content/MSPresets/M_MS_Default_Material/Functions/MF_Transmission.uasset" 1526
"../../../Engine/Plugins/Bridge/Content/MSPresets/M_MS_Default_Material/Functions/MF_Transmission.uexp" 1527
"../../../Engine/Plugins/Bridge/Content/MSPresets/M_MS_Default_Material/Functions/MF_MapAdjustments.uasset" 1528
"../../../Engine/Plugins/Bridge/Content/MSPresets/M_MS_Default_Material/Functions/MF_MapAdjustments.uexp" 1529
"C:/Users/symig/Documents/GitHub/ARPG_5.7/Content/TopDown/Materials/TundraBounder/M_MS_Default_Fuzz_Material.uasset" 1530
"C:/Users/symig/Documents/GitHub/ARPG_5.7/Content/TopDown/Materials/TundraBounder/M_MS_Default_Fuzz_Material.uexp" 1531
"C:/Users/symig/Documents/GitHub/ARPG_5.7/Content/TopDown/Textures/Boulder/T_TundraBoulder_vivrcjkaw_1K_DpRF.ubulk" 1532
"C:/Users/symig/Documents/GitHub/ARPG_5.7/Content/TopDown/Textures/Boulder/T_TundraBoulder_vivrcjkaw_1K_DpRF.uasset" 1533
"C:/Users/symig/Documents/GitHub/ARPG_5.7/Content/TopDown/Textures/Boulder/T_TundraBoulder_vivrcjkaw_1K_DpRF.uexp" 1534
"C:/Users/symig/Documents/GitHub/ARPG_5.7/Content/TopDown/Textures/Boulder/T_Tundra_Boulder_vivrcjkaw_1K_D.ubulk" 1535
"C:/Users/symig/Documents/GitHub/ARPG_5.7/Content/TopDown/Textures/Boulder/T_Tundra_Boulder_vivrcjkaw_1K_D.uasset" 1536
"C:/Users/symig/Documents/GitHub/ARPG_5.7/Content/TopDown/Textures/Boulder/T_Tundra_Boulder_vivrcjkaw_1K_D.uexp" 1537
"C:/Users/symig/Documents/GitHub/ARPG_5.7/Content/TopDown/Textures/Boulder/T_Tundra_Boulder_vivrcjkaw_1K_N.ubulk" 1538
"C:/Users/symig/Documents/GitHub/ARPG_5.7/Content/TopDown/Textures/Boulder/T_Tundra_Boulder_vivrcjkaw_1K_N.uasset" 1539
"C:/Users/symig/Documents/GitHub/ARPG_5.7/Content/TopDown/Textures/Boulder/T_Tundra_Boulder_vivrcjkaw_1K_N.uexp" 1540
"C:/Users/symig/Documents/GitHub/ARPG_5.7/Content/TopDown/Materials/TundraBounder/MI_TundraBoulder.uasset" 1541
"C:/Users/symig/Documents/GitHub/ARPG_5.7/Content/TopDown/Materials/TundraBounder/MI_TundraBoulder.uexp" 1542
"C:/Users/symig/Documents/GitHub/ARPG_5.7/Content/TopDown/Data/SM_TundraBoulder.ubulk" 1543
"C:/Users/symig/Documents/GitHub/ARPG_5.7/Content/TopDown/Data/SM_TundraBoulder.uasset" 1544
"C:/Users/symig/Documents/GitHub/ARPG_5.7/Content/TopDown/Data/SM_TundraBoulder.uexp" 1545
"C:/Users/symig/Documents/GitHub/ARPG_5.7/Content/TopDown/Blueprints/CardsSystem/CardComponents/DebrisComponent.uasset" 1546
"C:/Users/symig/Documents/GitHub/ARPG_5.7/Content/TopDown/Blueprints/CardsSystem/CardComponents/DebrisComponent.uexp" 1547
"C:/Users/symig/Documents/GitHub/ARPG_5.7/Content/TopDown/Data/MorphSnowball_PhysicsAsset.uasset" 1548
"C:/Users/symig/Documents/GitHub/ARPG_5.7/Content/TopDown/Data/MorphSnowball_PhysicsAsset.uexp" 1549
"C:/Users/symig/Documents/GitHub/ARPG_5.7/Content/TopDown/Data/MorphSnowball_Skeleton.uasset" 1550
"C:/Users/symig/Documents/GitHub/ARPG_5.7/Content/TopDown/Data/MorphSnowball_Skeleton.uexp" 1551
"C:/Users/symig/Documents/GitHub/ARPG_5.7/Content/TopDown/Materials/MI_Snow.uasset" 1552
"C:/Users/symig/Documents/GitHub/ARPG_5.7/Content/TopDown/Materials/MI_Snow.uexp" 1553
"C:/Users/symig/Documents/GitHub/ARPG_5.7/Content/TopDown/Data/MorphSnowball.uasset" 1554
"C:/Users/symig/Documents/GitHub/ARPG_5.7/Content/TopDown/Data/MorphSnowball.uexp" 1555
"C:/Users/symig/Documents/GitHub/ARPG_5.7/Content/TopDown/Blueprints/CardsSystem/CardComponents/AbstractCardComponents/EPhysicsMesh.uasset" 1556
"C:/Users/symig/Documents/GitHub/ARPG_5.7/Content/TopDown/Blueprints/CardsSystem/CardComponents/AbstractCardComponents/EPhysicsMesh.uexp" 1557
"C:/Users/symig/Documents/GitHub/ARPG_5.7/Content/TopDown/Blueprints/CardsSystem/CardComponents/RelatedActors/BP_HailPhysicsComponent.uasset" 1558
"C:/Users/symig/Documents/GitHub/ARPG_5.7/Content/TopDown/Blueprints/CardsSystem/CardComponents/RelatedActors/BP_HailPhysicsComponent.uexp" 1559
"C:/Users/symig/Documents/GitHub/ARPG_5.7/Content/TopDown/Blueprints/CardsSystem/CardComponents/RainComponent.uasset" 1560
"C:/Users/symig/Documents/GitHub/ARPG_5.7/Content/TopDown/Blueprints/CardsSystem/CardComponents/RainComponent.uexp" 1561
"C:/Users/symig/Documents/GitHub/ARPG_5.7/Content/TopDown/Blueprints/CardsSystem/ConcreteCards/RockSlideCard.uasset" 1562
"C:/Users/symig/Documents/GitHub/ARPG_5.7/Content/TopDown/Blueprints/CardsSystem/ConcreteCards/RockSlideCard.uexp" 1563
"C:/Users/symig/Documents/GitHub/ARPG_5.7/Content/TopDown/Blueprints/CardsSystem/ConcreteCards/ShieldCard.uasset" 1564
"C:/Users/symig/Documents/GitHub/ARPG_5.7/Content/TopDown/Blueprints/CardsSystem/ConcreteCards/ShieldCard.uexp" 1565
"../../../Engine/Content/Functions/Substrate/SMF_UE4Legacy.uasset" 1566
"../../../Engine/Content/Functions/Substrate/SMF_UE4Legacy.uexp" 1567
"C:/Users/symig/Documents/GitHub/ARPG_5.7/Content/TopDown/Materials/M_BlackOpaque.uasset" 1568
"C:/Users/symig/Documents/GitHub/ARPG_5.7/Content/TopDown/Materials/M_BlackOpaque.uexp" 1569
"C:/Users/symig/Documents/GitHub/ARPG_5.7/Content/TopDown/Animations/Niagara/Physical/NS_Shockwave.uasset" 1570
"C:/Users/symig/Documents/GitHub/ARPG_5.7/Content/TopDown/Animations/Niagara/Physical/NS_Shockwave.uexp" 1571
"C:/Users/symig/Documents/GitHub/ARPG_5.7/Content/TopDown/Blueprints/CardsSystem/ConcreteCards/ShockwaveCard.uasset" 1572
"C:/Users/symig/Documents/GitHub/ARPG_5.7/Content/TopDown/Blueprints/CardsSystem/ConcreteCards/ShockwaveCard.uexp" 1573
"C:/Users/symig/Documents/GitHub/ARPG_5.7/Content/InfinityBladeEffects/Effects/Masters/M_Add_Sprite_Master_DepthFade.uasset" 1574
"C:/Users/symig/Documents/GitHub/ARPG_5.7/Content/InfinityBladeEffects/Effects/Masters/M_Add_Sprite_Master_DepthFade.uexp" 1575
"C:/Users/symig/Documents/GitHub/ARPG_5.7/Content/InfinityBladeEffects/Effects/FX_Textures/Gradient/T_starFlare_02.ubulk" 1576
"C:/Users/symig/Documents/GitHub/ARPG_5.7/Content/InfinityBladeEffects/Effects/FX_Textures/Gradient/T_starFlare_02.uasset" 1577
"C:/Users/symig/Documents/GitHub/ARPG_5.7/Content/InfinityBladeEffects/Effects/FX_Textures/Gradient/T_starFlare_02.uexp" 1578
"C:/Users/symig/Documents/GitHub/ARPG_5.7/Content/InfinityBladeEffects/Effects/FX_Materials/Gradient/M_Flare_02_INST.uasset" 1579
"C:/Users/symig/Documents/GitHub/ARPG_5.7/Content/InfinityBladeEffects/Effects/FX_Materials/Gradient/M_Flare_02_INST.uexp" 1580
"C:/Users/symig/Documents/GitHub/ARPG_5.7/Content/InfinityBladeEffects/Effects/FX_Textures/Gradient/T_SoftFallOff.ubulk" 1581
"C:/Users/symig/Documents/GitHub/ARPG_5.7/Content/InfinityBladeEffects/Effects/FX_Textures/Gradient/T_SoftFallOff.uasset" 1582
"C:/Users/symig/Documents/GitHub/ARPG_5.7/Content/InfinityBladeEffects/Effects/FX_Textures/Gradient/T_SoftFallOff.uexp" 1583
"C:/Users/symig/Documents/GitHub/ARPG_5.7/Content/InfinityBladeEffects/Effects/FX_Materials/Gradient/M_Flare_03_INST.uasset" 1584
"C:/Users/symig/Documents/GitHub/ARPG_5.7/Content/InfinityBladeEffects/Effects/FX_Materials/Gradient/M_Flare_03_INST.uexp" 1585
"C:/Users/symig/Documents/GitHub/ARPG_5.7/Content/TopDown/Animations/Niagara/Fire/P_Charge_Target_Beam_Fire_Converted.uasset" 1586
"C:/Users/symig/Documents/GitHub/ARPG_5.7/Content/TopDown/Animations/Niagara/Fire/P_Charge_Target_Beam_Fire_Converted.uexp" 1587
"C:/Users/symig/Documents/GitHub/ARPG_5.7/Content/TopDown/Animations/Niagara/Fire/BP_FireballNS.uasset" 1588
"C:/Users/symig/Documents/GitHub/ARPG_5.7/Content/TopDown/Animations/Niagara/Fire/BP_FireballNS.uexp" 1589
"C:/Users/symig/Documents/GitHub/ARPG_5.7/Content/TopDown/Data/Snake/Suake_01_BASE4ALL_01a_Ready_4Export_HeadUp_Skeleton.uasset" 1590
"C:/Users/symig/Documents/GitHub/ARPG_5.7/Content/TopDown/Data/Snake/Suake_01_BASE4ALL_01a_Ready_4Export_HeadUp_Skeleton.uexp" 1591
"C:/Users/symig/Documents/GitHub/ARPG_5.7/Content/TopDown/Animations/Snake/Suake_01_BASE4ALL_01a_Ready_4Export_HeadUp_Anim_Armature_001_Action.uasset" 1592
"C:/Users/symig/Documents/GitHub/ARPG_5.7/Content/TopDown/Animations/Snake/Suake_01_BASE4ALL_01a_Ready_4Export_HeadUp_Anim_Armature_001_Action.uexp" 1593
"../../../Engine/Content/EngineResources/DefaultTexture.ubulk" 1594
"../../../Engine/Content/EngineResources/DefaultTexture.uasset" 1595
"../../../Engine/Content/EngineResources/DefaultTexture.uexp" 1596
"../../../Engine/Plugins/Interchange/Assets/Content/Functions/MF_PhongToMetalRoughness.uasset" 1597
"../../../Engine/Plugins/Interchange/Assets/Content/Functions/MF_PhongToMetalRoughness.uexp" 1598
"C:/Users/symig/Documents/GitHub/ARPG_5.7/Content/TopDown/Data/Snake/Default_OBJ.uasset" 1599
"C:/Users/symig/Documents/GitHub/ARPG_5.7/Content/TopDown/Data/Snake/Default_OBJ.uexp" 1600
"C:/Users/symig/Documents/GitHub/ARPG_5.7/Content/TopDown/Data/Snake/Suake_01_BASE4ALL_01a_Ready_4Export_HeadUp_PhysicsAsset.uasset" 1601
"C:/Users/symig/Documents/GitHub/ARPG_5.7/Content/TopDown/Data/Snake/Suake_01_BASE4ALL_01a_Ready_4Export_HeadUp_PhysicsAsset.uexp" 1602
"C:/Users/symig/Documents/GitHub/ARPG_5.7/Content/TopDown/Data/Snake/Suake_01_BASE4ALL_01a_Ready_4Export_HeadUp.uasset" 1603
"C:/Users/symig/Documents/GitHub/ARPG_5.7/Content/TopDown/Data/Snake/Suake_01_BASE4ALL_01a_Ready_4Export_HeadUp.uexp" 1604
"C:/Users/symig/Documents/GitHub/ARPG_5.7/Content/TopDown/Animations/Niagara/Fire/NS_Firesuit.uasset" 1605
"C:/Users/symig/Documents/GitHub/ARPG_5.7/Content/TopDown/Animations/Niagara/Fire/NS_Firesuit.uexp" 1606
"C:/Users/symig/Documents/GitHub/ARPG_5.7/Content/TopDown/Blueprints/Assets/BP_FireSnake.uasset" 1607
"C:/Users/symig/Documents/GitHub/ARPG_5.7/Content/TopDown/Blueprints/Assets/BP_FireSnake.uexp" 1608
"C:/Users/symig/Documents/GitHub/ARPG_5.7/Content/TopDown/Blueprints/CardsSystem/CardComponents/MinionComponent.uasset" 1609
"C:/Users/symig/Documents/GitHub/ARPG_5.7/Content/TopDown/Blueprints/CardsSystem/CardComponents/MinionComponent.uexp" 1610
"C:/Users/symig/Documents/GitHub/ARPG_5.7/Content/TopDown/Blueprints/CardsSystem/CardComponents/SequenceComponent.uasset" 1611
"C:/Users/symig/Documents/GitHub/ARPG_5.7/Content/TopDown/Blueprints/CardsSystem/CardComponents/SequenceComponent.uexp" 1612
"C:/Users/symig/Documents/GitHub/ARPG_5.7/Content/TopDown/Blueprints/CardsSystem/ConcreteCards/SummonHydraCard.uasset" 1613
"C:/Users/symig/Documents/GitHub/ARPG_5.7/Content/TopDown/Blueprints/CardsSystem/ConcreteCards/SummonHydraCard.uexp" 1614
"../../../Engine/Content/BasicShapes/Sphere.ubulk" 1615
"../../../Engine/Content/BasicShapes/Sphere.uasset" 1616
"../../../Engine/Content/BasicShapes/Sphere.uexp" 1617
"../../../Engine/Content/BasicShapes/BasicShapeMaterial.uasset" 1618
"../../../Engine/Content/BasicShapes/BasicShapeMaterial.uexp" 1619
"C:/Users/symig/Documents/GitHub/ARPG_5.7/Content/TopDown/Data/SM_InnerVolcano.ubulk" 1620
"C:/Users/symig/Documents/GitHub/ARPG_5.7/Content/TopDown/Data/SM_InnerVolcano.uasset" 1621
"C:/Users/symig/Documents/GitHub/ARPG_5.7/Content/TopDown/Data/SM_InnerVolcano.uexp" 1622
"C:/Users/symig/Documents/GitHub/ARPG_5.7/Content/TopDown/Data/SM_Volcano.ubulk" 1623
"C:/Users/symig/Documents/GitHub/ARPG_5.7/Content/TopDown/Data/SM_Volcano.uasset" 1624
"C:/Users/symig/Documents/GitHub/ARPG_5.7/Content/TopDown/Data/SM_Volcano.uexp" 1625
"C:/Users/symig/Documents/GitHub/ARPG_5.7/Content/TopDown/Materials/M_Volcano.uasset" 1626
"C:/Users/symig/Documents/GitHub/ARPG_5.7/Content/TopDown/Materials/M_Volcano.uexp" 1627
"C:/Users/symig/Documents/GitHub/ARPG_5.7/Content/TopDown/Blueprints/CardsSystem/ConcreteCards/FireballCard.uasset" 1628
"C:/Users/symig/Documents/GitHub/ARPG_5.7/Content/TopDown/Blueprints/CardsSystem/ConcreteCards/FireballCard.uexp" 1629
"C:/Users/symig/Documents/GitHub/ARPG_5.7/Content/InfinityBladeFireLands/Environments/Fire/Env_Fire_Terrain2/Textures/T_Fire_Lava.ubulk" 1630
"C:/Users/symig/Documents/GitHub/ARPG_5.7/Content/InfinityBladeFireLands/Environments/Fire/Env_Fire_Terrain2/Textures/T_Fire_Lava.uasset" 1631
"C:/Users/symig/Documents/GitHub/ARPG_5.7/Content/InfinityBladeFireLands/Environments/Fire/Env_Fire_Terrain2/Textures/T_Fire_Lava.uexp" 1632
"C:/Users/symig/Documents/GitHub/ARPG_5.7/Content/InfinityBladeFireLands/Environments/Fire/Env_Fire_Terrain2/Materials/M_Lava_Flowing.uasset" 1633
"C:/Users/symig/Documents/GitHub/ARPG_5.7/Content/InfinityBladeFireLands/Environments/Fire/Env_Fire_Terrain2/Materials/M_Lava_Flowing.uexp" 1634
"C:/Users/symig/Documents/GitHub/ARPG_5.7/Content/TopDown/Blueprints/CardsSystem/ConcreteCards/VolcanoCard.uasset" 1635
"C:/Users/symig/Documents/GitHub/ARPG_5.7/Content/TopDown/Blueprints/CardsSystem/ConcreteCards/VolcanoCard.uexp" 1636
"../../../Engine/Plugins/FX/Niagara/Content/DefaultAssets/DefaultRIbbonMaterial.uasset" 1637
"../../../Engine/Plugins/FX/Niagara/Content/DefaultAssets/DefaultRIbbonMaterial.uexp" 1638
"C:/Users/symig/Documents/GitHub/ARPG_5.7/Content/TopDown/Animations/Niagara/Lightning/NS_LightningBeam.uasset" 1639
"C:/Users/symig/Documents/GitHub/ARPG_5.7/Content/TopDown/Animations/Niagara/Lightning/NS_LightningBeam.uexp" 1640
"C:/Users/symig/Documents/GitHub/ARPG_5.7/Content/TopDown/Animations/Niagara/BP_ExpandingBeamNS.uasset" 1641
"C:/Users/symig/Documents/GitHub/ARPG_5.7/Content/TopDown/Animations/Niagara/BP_ExpandingBeamNS.uexp" 1642
"C:/Users/symig/Documents/GitHub/ARPG_5.7/Content/TopDown/Animations/Niagara/Fire/NS_FireBeam.uasset" 1643
"C:/Users/symig/Documents/GitHub/ARPG_5.7/Content/TopDown/Animations/Niagara/Fire/NS_FireBeam.uexp" 1644
"C:/Users/symig/Documents/GitHub/ARPG_5.7/Content/TopDown/Animations/Niagara/Fire/BP_FireArrowNS.uasset" 1645
"C:/Users/symig/Documents/GitHub/ARPG_5.7/Content/TopDown/Animations/Niagara/Fire/BP_FireArrowNS.uexp" 1646
"C:/Users/symig/Documents/GitHub/ARPG_5.7/Content/TopDown/Blueprints/CardsSystem/ConcreteCards/WallPulseCard.uasset" 1647
"C:/Users/symig/Documents/GitHub/ARPG_5.7/Content/TopDown/Blueprints/CardsSystem/ConcreteCards/WallPulseCard.uexp" 1648
"../../../Engine/Content/Functions/Engine_MaterialFunctions02/ExampleContent/Textures/water_d.ubulk" 1649
"../../../Engine/Content/Functions/Engine_MaterialFunctions02/ExampleContent/Textures/water_d.uasset" 1650
"../../../Engine/Content/Functions/Engine_MaterialFunctions02/ExampleContent/Textures/water_d.uexp" 1651
"C:/Users/symig/Documents/GitHub/ARPG_5.7/Content/TopDown/Data/Textures/T_Water_N.ubulk" 1652
"C:/Users/symig/Documents/GitHub/ARPG_5.7/Content/TopDown/Data/Textures/T_Water_N.uasset" 1653
"C:/Users/symig/Documents/GitHub/ARPG_5.7/Content/TopDown/Data/Textures/T_Water_N.uexp" 1654
"C:/Users/symig/Documents/GitHub/ARPG_5.7/Content/TopDown/Materials/WaterMaterial/M_WaterPuddle.uasset" 1655
"C:/Users/symig/Documents/GitHub/ARPG_5.7/Content/TopDown/Materials/WaterMaterial/M_WaterPuddle.uexp" 1656
"C:/Users/symig/Documents/GitHub/ARPG_5.7/Content/TopDown/Materials/M_DecayDecal.uasset" 1657
"C:/Users/symig/Documents/GitHub/ARPG_5.7/Content/TopDown/Materials/M_DecayDecal.uexp" 1658
"C:/Users/symig/Documents/GitHub/ARPG_5.7/Content/TopDown/Blueprints/CardsSystem/IElectrifiable.uasset" 1659
"C:/Users/symig/Documents/GitHub/ARPG_5.7/Content/TopDown/Blueprints/CardsSystem/IElectrifiable.uexp" 1660
"C:/Users/symig/Documents/GitHub/ARPG_5.7/Content/TopDown/Blueprints/IMovementModifier.uasset" 1661
"C:/Users/symig/Documents/GitHub/ARPG_5.7/Content/TopDown/Blueprints/IMovementModifier.uexp" 1662
"C:/Users/symig/Documents/GitHub/ARPG_5.7/Content/TopDown/Blueprints/CardsSystem/CardComponents/SlowComponent.uasset" 1663
"C:/Users/symig/Documents/GitHub/ARPG_5.7/Content/TopDown/Blueprints/CardsSystem/CardComponents/SlowComponent.uexp" 1664
"C:/Users/symig/Documents/GitHub/ARPG_5.7/Content/TopDown/Blueprints/CardsSystem/ConcreteCards/WaterPuddleCard.uasset" 1665
"C:/Users/symig/Documents/GitHub/ARPG_5.7/Content/TopDown/Blueprints/CardsSystem/ConcreteCards/WaterPuddleCard.uexp" 1666
"../../../Engine/Content/BasicShapes/Cylinder.ubulk" 1667
"../../../Engine/Content/BasicShapes/Cylinder.uasset" 1668
"../../../Engine/Content/BasicShapes/Cylinder.uexp" 1669
"C:/Users/symig/Documents/GitHub/ARPG_5.7/Content/TopDown/Materials/M_BlackHole.uasset" 1670
"C:/Users/symig/Documents/GitHub/ARPG_5.7/Content/TopDown/Materials/M_BlackHole.uexp" 1671
"C:/Users/symig/Documents/GitHub/ARPG_5.7/Content/TopDown/Blueprints/CardsSystem/CardComponents/SuctionComponent.uasset" 1672
"C:/Users/symig/Documents/GitHub/ARPG_5.7/Content/TopDown/Blueprints/CardsSystem/CardComponents/SuctionComponent.uexp" 1673
"C:/Users/symig/Documents/GitHub/ARPG_5.7/Content/TopDown/Blueprints/CardsSystem/ConcreteCards/BlackHoleCard.uasset" 1674
"C:/Users/symig/Documents/GitHub/ARPG_5.7/Content/TopDown/Blueprints/CardsSystem/ConcreteCards/BlackHoleCard.uexp" 1675
"C:/Users/symig/Documents/GitHub/ARPG_5.7/Content/TopDown/Blueprints/CardsSystem/ConcreteCards/BlizzardCard.uasset" 1676
"C:/Users/symig/Documents/GitHub/ARPG_5.7/Content/TopDown/Blueprints/CardsSystem/ConcreteCards/BlizzardCard.uexp" 1677
"../../../Engine/Content/BasicShapes/Cube.ubulk" 1678
"../../../Engine/Content/BasicShapes/Cube.uasset" 1679
"../../../Engine/Content/BasicShapes/Cube.uexp" 1680
"../../../Engine/Content/EngineMaterials/DefaultPhysicalMaterial.uasset" 1681
"../../../Engine/Content/EngineMaterials/DefaultPhysicalMaterial.uexp" 1682
"C:/Users/symig/Documents/GitHub/ARPG_5.7/Content/TopDown/Data/GC_Cube.uasset" 1683
"C:/Users/symig/Documents/GitHub/ARPG_5.7/Content/TopDown/Data/GC_Cube.uexp" 1684
"C:/Users/symig/Documents/GitHub/ARPG_5.7/Content/TopDown/Data/GC_TundraBoulder.uasset" 1685
"C:/Users/symig/Documents/GitHub/ARPG_5.7/Content/TopDown/Data/GC_TundraBoulder.uexp" 1686
"C:/Users/symig/Documents/GitHub/ARPG_5.7/Content/TopDown/Blueprints/CardsSystem/CardComponents/BoulderComponent.uasset" 1687
"C:/Users/symig/Documents/GitHub/ARPG_5.7/Content/TopDown/Blueprints/CardsSystem/CardComponents/BoulderComponent.uexp" 1688
"C:/Users/symig/Documents/GitHub/ARPG_5.7/Content/TopDown/Blueprints/CardsSystem/ConcreteCards/CrumbleCard.uasset" 1689
"C:/Users/symig/Documents/GitHub/ARPG_5.7/Content/TopDown/Blueprints/CardsSystem/ConcreteCards/CrumbleCard.uexp" 1690
"C:/Users/symig/Documents/GitHub/ARPG_5.7/Content/TopDown/Materials/M_Curse.uasset" 1691
"C:/Users/symig/Documents/GitHub/ARPG_5.7/Content/TopDown/Materials/M_Curse.uexp" 1692
"C:/Users/symig/Documents/GitHub/ARPG_5.7/Content/MS/textures/azul/T_azul_8_Tex.ubulk" 1693
"C:/Users/symig/Documents/GitHub/ARPG_5.7/Content/MS/textures/azul/T_azul_8_Tex.uasset" 1694
"C:/Users/symig/Documents/GitHub/ARPG_5.7/Content/MS/textures/azul/T_azul_8_Tex.uexp" 1695
"C:/Users/symig/Documents/GitHub/ARPG_5.7/Content/TopDown/Blueprints/CardsSystem/CardComponents/DebuffComponent.uasset" 1696
"C:/Users/symig/Documents/GitHub/ARPG_5.7/Content/TopDown/Blueprints/CardsSystem/CardComponents/DebuffComponent.uexp" 1697
"C:/Users/symig/Documents/GitHub/ARPG_5.7/Content/TopDown/Blueprints/CardsSystem/CardComponents/CurseComponent.uasset" 1698
"C:/Users/symig/Documents/GitHub/ARPG_5.7/Content/TopDown/Blueprints/CardsSystem/CardComponents/CurseComponent.uexp" 1699
"C:/Users/symig/Documents/GitHub/ARPG_5.7/Content/TopDown/Blueprints/CardsSystem/ICardExecutionHandler.uasset" 1700
"C:/Users/symig/Documents/GitHub/ARPG_5.7/Content/TopDown/Blueprints/CardsSystem/ICardExecutionHandler.uexp" 1701
"C:/Users/symig/Documents/GitHub/ARPG_5.7/Content/TopDown/Blueprints/CardsSystem/CardComponents/TimeoutComponent.uasset" 1702
"C:/Users/symig/Documents/GitHub/ARPG_5.7/Content/TopDown/Blueprints/CardsSystem/CardComponents/TimeoutComponent.uexp" 1703
"C:/Users/symig/Documents/GitHub/ARPG_5.7/Content/TopDown/Blueprints/CardsSystem/ConcreteCards/CurseCard.uasset" 1704
"C:/Users/symig/Documents/GitHub/ARPG_5.7/Content/TopDown/Blueprints/CardsSystem/ConcreteCards/CurseCard.uexp" 1705
"C:/Users/symig/Documents/GitHub/ARPG_5.7/Content/TopDown/Blueprints/ActorComponents/MovementModifierComponent.uasset" 1706
"C:/Users/symig/Documents/GitHub/ARPG_5.7/Content/TopDown/Blueprints/ActorComponents/MovementModifierComponent.uexp" 1707
"C:/Users/symig/Documents/GitHub/ARPG_5.7/Content/TopDown/Blueprints/CardsSystem/ConcreteCards/DashCard.uasset" 1708
"C:/Users/symig/Documents/GitHub/ARPG_5.7/Content/TopDown/Blueprints/CardsSystem/ConcreteCards/DashCard.uexp" 1709
"C:/Users/symig/Documents/GitHub/ARPG_5.7/Content/MS/textures/green/T_green_22_Tex.ubulk" 1710
"C:/Users/symig/Documents/GitHub/ARPG_5.7/Content/MS/textures/green/T_green_22_Tex.uasset" 1711
"C:/Users/symig/Documents/GitHub/ARPG_5.7/Content/MS/textures/green/T_green_22_Tex.uexp" 1712
"C:/Users/symig/Documents/GitHub/ARPG_5.7/Content/TopDown/Blueprints/CardsSystem/ConcreteCards/DeadlyToxinsCard.uasset" 1713
"C:/Users/symig/Documents/GitHub/ARPG_5.7/Content/TopDown/Blueprints/CardsSystem/ConcreteCards/DeadlyToxinsCard.uexp" 1714
"C:/Users/symig/Documents/GitHub/ARPG_5.7/Content/TopDown/Blueprints/ICombatant.uasset" 1715
"C:/Users/symig/Documents/GitHub/ARPG_5.7/Content/TopDown/Blueprints/ICombatant.uexp" 1716
"C:/Users/symig/Documents/GitHub/ARPG_5.7/Content/TopDown/Blueprints/FEnergyShieldModifiers.uasset" 1717
"C:/Users/symig/Documents/GitHub/ARPG_5.7/Content/TopDown/Blueprints/FEnergyShieldModifiers.uexp" 1718
"C:/Users/symig/Documents/GitHub/ARPG_5.7/Content/TopDown/Blueprints/ActorComponents/HealthComponent.uasset" 1719
"C:/Users/symig/Documents/GitHub/ARPG_5.7/Content/TopDown/Blueprints/ActorComponents/HealthComponent.uexp" 1720
"C:/Users/symig/Documents/GitHub/ARPG_5.7/Content/TopDown/Blueprints/CardsSystem/ConcreteCards/DecayCard.uasset" 1721
"C:/Users/symig/Documents/GitHub/ARPG_5.7/Content/TopDown/Blueprints/CardsSystem/ConcreteCards/DecayCard.uexp" 1722
"C:/Users/symig/Documents/GitHub/ARPG_5.7/Content/TopDown/Animations/Niagara/Chaos/NS_Death.uasset" 1723
"C:/Users/symig/Documents/GitHub/ARPG_5.7/Content/TopDown/Animations/Niagara/Chaos/NS_Death.uexp" 1724
"C:/Users/symig/Documents/GitHub/ARPG_5.7/Content/TopDown/Blueprints/CardsSystem/ConcreteCards/DeathCard.uasset" 1725
"C:/Users/symig/Documents/GitHub/ARPG_5.7/Content/TopDown/Blueprints/CardsSystem/ConcreteCards/DeathCard.uexp" 1726
"C:/Users/symig/Documents/GitHub/ARPG_5.7/Content/TopDown/Blueprints/StatModifiers/Restrictions/LifeResource.uasset" 1727
"C:/Users/symig/Documents/GitHub/ARPG_5.7/Content/TopDown/Blueprints/StatModifiers/Restrictions/LifeResource.uexp" 1728
"C:/Users/symig/Documents/GitHub/ARPG_5.7/Content/TopDown/Blueprints/CardsSystem/CardComponents/DrawComponent.uasset" 1729
"C:/Users/symig/Documents/GitHub/ARPG_5.7/Content/TopDown/Blueprints/CardsSystem/CardComponents/DrawComponent.uexp" 1730
"C:/Users/symig/Documents/GitHub/ARPG_5.7/Content/TopDown/Blueprints/CardsSystem/ConcreteCards/EchoCard.uasset" 1731
"C:/Users/symig/Documents/GitHub/ARPG_5.7/Content/TopDown/Blueprints/CardsSystem/ConcreteCards/EchoCard.uexp" 1732
"C:/Users/symig/Documents/GitHub/ARPG_5.7/Content/TopDown/Blueprints/CardsSystem/ConcreteCards/ElectrocuteCard.uasset" 1733
"C:/Users/symig/Documents/GitHub/ARPG_5.7/Content/TopDown/Blueprints/CardsSystem/ConcreteCards/ElectrocuteCard.uexp" 1734
"C:/Users/symig/Documents/GitHub/ARPG_5.7/Content/TopDown/Blueprints/CardsSystem/CardComponents/DamageAccComponent.uasset" 1735
"C:/Users/symig/Documents/GitHub/ARPG_5.7/Content/TopDown/Blueprints/CardsSystem/CardComponents/DamageAccComponent.uexp" 1736
"C:/Users/symig/Documents/GitHub/ARPG_5.7/Content/TopDown/Blueprints/CardsSystem/ConcreteCards/ExplosiveArrowCard.uasset" 1737
"C:/Users/symig/Documents/GitHub/ARPG_5.7/Content/TopDown/Blueprints/CardsSystem/ConcreteCards/ExplosiveArrowCard.uexp" 1738
"C:/Users/symig/Documents/GitHub/ARPG_5.7/Content/TopDown/Blueprints/CardsSystem/ConcreteCards/FallingBoulderCard.uasset" 1739
"C:/Users/symig/Documents/GitHub/ARPG_5.7/Content/TopDown/Blueprints/CardsSystem/ConcreteCards/FallingBoulderCard.uexp" 1740
"../../../Engine/Content/EngineDamageTypes/DmgTypeBP_Environmental.uasset" 1741
"../../../Engine/Content/EngineDamageTypes/DmgTypeBP_Environmental.uexp" 1742
"../../../Engine/Content/EngineDebugMaterials/DebugEditorMaterial.uasset" 1743
"../../../Engine/Content/EngineDebugMaterials/DebugEditorMaterial.uexp" 1744
"../../../Engine/Content/EngineDebugMaterials/DebugMeshMaterial.uasset" 1745
"../../../Engine/Content/EngineDebugMaterials/DebugMeshMaterial.uexp" 1746
"C:/Users/symig/Documents/GitHub/ARPG_5.7/Content/TopDown/Blueprints/CardsSystem/ConcreteCards/FireFlurryCard.uasset" 1747
"C:/Users/symig/Documents/GitHub/ARPG_5.7/Content/TopDown/Blueprints/CardsSystem/ConcreteCards/FireFlurryCard.uexp" 1748
"../../../Engine/Plugins/Experimental/MeshModelingToolsetExp/Content/Materials/GetDisplacementVectorForDepthBias.uasset" 1749
"../../../Engine/Plugins/Experimental/MeshModelingToolsetExp/Content/Materials/GetDisplacementVectorForDepthBias.uexp" 1750
"../../../Engine/Content/Functions/Engine_MaterialFunctions03/Viewport/MF_OrthoWidth.uasset" 1751
"../../../Engine/Content/Functions/Engine_MaterialFunctions03/Viewport/MF_OrthoWidth.uexp" 1752
"../../../Engine/Content/Functions/Engine_MaterialFunctions02/Utility/FOV.uasset" 1753
"../../../Engine/Content/Functions/Engine_MaterialFunctions02/Utility/FOV.uexp" 1754
"../../../Engine/Plugins/Experimental/MeshModelingToolsetExp/Content/Materials/PointSetOverlaidComponentMaterial.uasset" 1755
"../../../Engine/Plugins/Experimental/MeshModelingToolsetExp/Content/Materials/PointSetOverlaidComponentMaterial.uexp" 1756
"../../../Engine/Content/Maps/Entry_BuiltData.uasset" 1757
"../../../Engine/Content/Maps/Entry_BuiltData.uexp" 1758
"../../../Engine/Content/Maps/Entry.uexp" 1759
"../../../Engine/Content/Maps/Entry.umap" 1760
"../../../Engine/Content/Functions/Engine_MaterialFunctions02/Utility/BreakOutFloat4Components.uasset" 1761
"../../../Engine/Content/Functions/Engine_MaterialFunctions02/Utility/BreakOutFloat4Components.uexp" 1762
"../../../Engine/Content/Functions/Engine_MaterialFunctions02/Utility/MakeFloat4.uasset" 1763
"../../../Engine/Content/Functions/Engine_MaterialFunctions02/Utility/MakeFloat4.uexp" 1764
"../../../Engine/Content/EngineSky/VolumetricClouds/VT_Lightning.uasset" 1765
"../../../Engine/Content/EngineSky/VolumetricClouds/VT_Lightning.uexp" 1766
"../../../Engine/Content/Functions/Engine_MaterialFunctions01/Units/Km-to-Cm.uasset" 1767
"../../../Engine/Content/Functions/Engine_MaterialFunctions01/Units/Km-to-Cm.uexp" 1768
"../../../Engine/Content/EngineSky/VolumetricClouds/m_SimpleVolumetricCloud.uasset" 1769
"../../../Engine/Content/EngineSky/VolumetricClouds/m_SimpleVolumetricCloud.uexp" 1770
"../../../Engine/Content/EngineSky/VolumetricClouds/T_CloudMask.ubulk" 1771
"../../../Engine/Content/EngineSky/VolumetricClouds/T_CloudMask.uasset" 1772
"../../../Engine/Content/EngineSky/VolumetricClouds/T_CloudMask.uexp" 1773
"../../../Engine/Content/EngineSky/VolumetricClouds/T_CloudPattern.ubulk" 1774
"../../../Engine/Content/EngineSky/VolumetricClouds/T_CloudPattern.uasset" 1775
"../../../Engine/Content/EngineSky/VolumetricClouds/T_CloudPattern.uexp" 1776
"../../../Engine/Content/EngineSky/VolumetricClouds/T_Profile_08.ubulk" 1777
"../../../Engine/Content/EngineSky/VolumetricClouds/T_Profile_08.uasset" 1778
"../../../Engine/Content/EngineSky/VolumetricClouds/T_Profile_08.uexp" 1779
"../../../Engine/Content/EngineSky/VolumetricClouds/VT_PerlinWorley_Balanced.uasset" 1780
"../../../Engine/Content/EngineSky/VolumetricClouds/VT_PerlinWorley_Balanced.uexp" 1781
"../../../Engine/Content/EngineSky/VolumetricClouds/m_SimpleVolumetricCloud_Inst.uasset" 1782
"../../../Engine/Content/EngineSky/VolumetricClouds/m_SimpleVolumetricCloud_Inst.uexp" 1783
"C:/Users/symig/Documents/GitHub/ARPG_5.7/Content/TopDown/Blueprints/IGameState.uasset" 1784
"C:/Users/symig/Documents/GitHub/ARPG_5.7/Content/TopDown/Blueprints/IGameState.uexp" 1785
"C:/Users/symig/Documents/GitHub/ARPG_5.7/Content/TopDown/Blueprints/DropsSystem/ILootHandler.uasset" 1786
"C:/Users/symig/Documents/GitHub/ARPG_5.7/Content/TopDown/Blueprints/DropsSystem/ILootHandler.uexp" 1787
"C:/Users/symig/Documents/GitHub/ARPG_5.7/Content/TopDown/Blueprints/ItemsSystem/EHumanoidBone.uasset" 1788
"C:/Users/symig/Documents/GitHub/ARPG_5.7/Content/TopDown/Blueprints/ItemsSystem/EHumanoidBone.uexp" 1789
"C:/Users/symig/Documents/GitHub/ARPG_5.7/Content/TopDown/Blueprints/IHumanoid.uasset" 1790
"C:/Users/symig/Documents/GitHub/ARPG_5.7/Content/TopDown/Blueprints/IHumanoid.uexp" 1791
"C:/Users/symig/Documents/GitHub/ARPG_5.7/Content/TopDown/Blueprints/EnemiesSystem/CT_ExpectedPlayerStats.uasset" 1792
"C:/Users/symig/Documents/GitHub/ARPG_5.7/Content/TopDown/Blueprints/EnemiesSystem/CT_ExpectedPlayerStats.uexp" 1793
"C:/Users/symig/Documents/GitHub/ARPG_5.7/Content/TopDown/Blueprints/ItemsSystem/EEquipment.uasset" 1794
"C:/Users/symig/Documents/GitHub/ARPG_5.7/Content/TopDown/Blueprints/ItemsSystem/EEquipment.uexp" 1795
"C:/Users/symig/Documents/GitHub/ARPG_5.7/Content/TopDown/Blueprints/ItemsSystem/ESpecialEquipmentMods.uasset" 1796
"C:/Users/symig/Documents/GitHub/ARPG_5.7/Content/TopDown/Blueprints/ItemsSystem/ESpecialEquipmentMods.uexp" 1797
"C:/Users/symig/Documents/GitHub/ARPG_5.7/Content/TopDown/Blueprints/ItemsSystem/IAffixHandler.uasset" 1798
"C:/Users/symig/Documents/GitHub/ARPG_5.7/Content/TopDown/Blueprints/ItemsSystem/IAffixHandler.uexp" 1799
"C:/Users/symig/Documents/GitHub/ARPG_5.7/Content/TopDown/Blueprints/ItemsSystem/AffixComponent.uasset" 1800
"C:/Users/symig/Documents/GitHub/ARPG_5.7/Content/TopDown/Blueprints/ItemsSystem/AffixComponent.uexp" 1801
"C:/Users/symig/Documents/GitHub/ARPG_5.7/Content/TopDown/Blueprints/ItemsSystem/IEquipable.uasset" 1802
"C:/Users/symig/Documents/GitHub/ARPG_5.7/Content/TopDown/Blueprints/ItemsSystem/IEquipable.uexp" 1803
"C:/Users/symig/Documents/GitHub/ARPG_5.7/Content/TopDown/Blueprints/ItemsSystem/Data_ArmourMods.uasset" 1804
"C:/Users/symig/Documents/GitHub/ARPG_5.7/Content/TopDown/Blueprints/ItemsSystem/Data_ArmourMods.uexp" 1805
"C:/Users/symig/Documents/GitHub/ARPG_5.7/Content/TopDown/Blueprints/ItemsSystem/Data_BootsMods.uasset" 1806
"C:/Users/symig/Documents/GitHub/ARPG_5.7/Content/TopDown/Blueprints/ItemsSystem/Data_BootsMods.uexp" 1807
"C:/Users/symig/Documents/GitHub/ARPG_5.7/Content/TopDown/Blueprints/ItemsSystem/Data_ChartMods.uasset" 1808
"C:/Users/symig/Documents/GitHub/ARPG_5.7/Content/TopDown/Blueprints/ItemsSystem/Data_ChartMods.uexp" 1809
"C:/Users/symig/Documents/GitHub/ARPG_5.7/Content/TopDown/Blueprints/ItemsSystem/Data_WeaponMods.uasset" 1810
"C:/Users/symig/Documents/GitHub/ARPG_5.7/Content/TopDown/Blueprints/ItemsSystem/Data_WeaponMods.uexp" 1811
"C:/Users/symig/Documents/GitHub/ARPG_5.7/Content/TopDown/Blueprints/ItemsSystem/FEquipmentTypeRow.uasset" 1812
"C:/Users/symig/Documents/GitHub/ARPG_5.7/Content/TopDown/Blueprints/ItemsSystem/FEquipmentTypeRow.uexp" 1813
"C:/Users/symig/Documents/GitHub/ARPG_5.7/Content/TopDown/Blueprints/ItemsSystem/Data_EquipmentTypes.uasset" 1814
"C:/Users/symig/Documents/GitHub/ARPG_5.7/Content/TopDown/Blueprints/ItemsSystem/Data_EquipmentTypes.uexp" 1815
"C:/Users/symig/Documents/GitHub/ARPG_5.7/Content/TopDown/Blueprints/ItemsSystem/FIdentifiableMod.uasset" 1816
"C:/Users/symig/Documents/GitHub/ARPG_5.7/Content/TopDown/Blueprints/ItemsSystem/FIdentifiableMod.uexp" 1817
"C:/Users/symig/Documents/GitHub/ARPG_5.7/Content/TopDown/Blueprints/ItemsSystem/AbstractBaseitems/BP_Equipment.uasset" 1818
"C:/Users/symig/Documents/GitHub/ARPG_5.7/Content/TopDown/Blueprints/ItemsSystem/AbstractBaseitems/BP_Equipment.uexp" 1819
"C:/Users/symig/Documents/GitHub/ARPG_5.7/Content/Fantastic_Village_Pack/textures/T_ENV_stone_BC.ubulk" 1820
"C:/Users/symig/Documents/GitHub/ARPG_5.7/Content/Fantastic_Village_Pack/textures/T_ENV_stone_BC.uasset" 1821
"C:/Users/symig/Documents/GitHub/ARPG_5.7/Content/Fantastic_Village_Pack/textures/T_ENV_stone_BC.uexp" 1822
"C:/Users/symig/Documents/GitHub/ARPG_5.7/Content/Fantastic_Village_Pack/textures/T_ENV_stone_N.ubulk" 1823
"C:/Users/symig/Documents/GitHub/ARPG_5.7/Content/Fantastic_Village_Pack/textures/T_ENV_stone_N.uasset" 1824
"C:/Users/symig/Documents/GitHub/ARPG_5.7/Content/Fantastic_Village_Pack/textures/T_ENV_stone_N.uexp" 1825
"C:/Users/symig/Documents/GitHub/ARPG_5.7/Content/Fantastic_Village_Pack/textures/T_ENV_TERRAIN_gravel_BC.ubulk" 1826
"C:/Users/symig/Documents/GitHub/ARPG_5.7/Content/Fantastic_Village_Pack/textures/T_ENV_TERRAIN_gravel_BC.uasset" 1827
"C:/Users/symig/Documents/GitHub/ARPG_5.7/Content/Fantastic_Village_Pack/textures/T_ENV_TERRAIN_gravel_BC.uexp" 1828
"C:/Users/symig/Documents/GitHub/ARPG_5.7/Content/Fantastic_Village_Pack/textures/T_ENV_TERRAIN_gravel_N.ubulk" 1829
"C:/Users/symig/Documents/GitHub/ARPG_5.7/Content/Fantastic_Village_Pack/textures/T_ENV_TERRAIN_gravel_N.uasset" 1830
"C:/Users/symig/Documents/GitHub/ARPG_5.7/Content/Fantastic_Village_Pack/textures/T_ENV_TERRAIN_gravel_N.uexp" 1831
"C:/Users/symig/Documents/GitHub/ARPG_5.7/Content/TopDown/Materials/master_materials/M_Master_opaque_normal.uasset" 1832
"C:/Users/symig/Documents/GitHub/ARPG_5.7/Content/TopDown/Materials/master_materials/M_Master_opaque_normal.uexp" 1833
"C:/Users/symig/Documents/GitHub/ARPG_5.7/Content/TopDown/Materials/MI_ENV_stone.uasset" 1834
"C:/Users/symig/Documents/GitHub/ARPG_5.7/Content/TopDown/Materials/MI_ENV_stone.uexp" 1835
"C:/Users/symig/Documents/GitHub/ARPG_5.7/Content/TopDown/Blueprints/DropsSystem/BP_Chart.uasset" 1836
"C:/Users/symig/Documents/GitHub/ARPG_5.7/Content/TopDown/Blueprints/DropsSystem/BP_Chart.uexp" 1837
"C:/Users/symig/Documents/GitHub/ARPG_5.7/Content/LootSet/Textures/gems_coins_col.ubulk" 1838
"C:/Users/symig/Documents/GitHub/ARPG_5.7/Content/LootSet/Textures/gems_coins_col.uasset" 1839
"C:/Users/symig/Documents/GitHub/ARPG_5.7/Content/LootSet/Textures/gems_coins_col.uexp" 1840
"C:/Users/symig/Documents/GitHub/ARPG_5.7/Content/LootSet/Materials/Gems_Coins_Material.uasset" 1841
"C:/Users/symig/Documents/GitHub/ARPG_5.7/Content/LootSet/Materials/Gems_Coins_Material.uexp" 1842
"C:/Users/symig/Documents/GitHub/ARPG_5.7/Content/LootSet/Meshes/Gems_Coins/coin03.ubulk" 1843
"C:/Users/symig/Documents/GitHub/ARPG_5.7/Content/LootSet/Meshes/Gems_Coins/coin03.uasset" 1844
"C:/Users/symig/Documents/GitHub/ARPG_5.7/Content/LootSet/Meshes/Gems_Coins/coin03.uexp" 1845
"C:/Users/symig/Documents/GitHub/ARPG_5.7/Content/LootSet/Textures/treasure_col.ubulk" 1846
"C:/Users/symig/Documents/GitHub/ARPG_5.7/Content/LootSet/Textures/treasure_col.uasset" 1847
"C:/Users/symig/Documents/GitHub/ARPG_5.7/Content/LootSet/Textures/treasure_col.uexp" 1848
"C:/Users/symig/Documents/GitHub/ARPG_5.7/Content/LootSet/Materials/Treasure_Material.uasset" 1849
"C:/Users/symig/Documents/GitHub/ARPG_5.7/Content/LootSet/Materials/Treasure_Material.uexp" 1850
"C:/Users/symig/Documents/GitHub/ARPG_5.7/Content/LootSet/Meshes/Treasure/coin_pile_small.ubulk" 1851
"C:/Users/symig/Documents/GitHub/ARPG_5.7/Content/LootSet/Meshes/Treasure/coin_pile_small.uasset" 1852
"C:/Users/symig/Documents/GitHub/ARPG_5.7/Content/LootSet/Meshes/Treasure/coin_pile_small.uexp" 1853
"C:/Users/symig/Documents/GitHub/ARPG_5.7/Content/TopDown/Blueprints/InventorySystem/Merchant/ITrader.uasset" 1854
"C:/Users/symig/Documents/GitHub/ARPG_5.7/Content/TopDown/Blueprints/InventorySystem/Merchant/ITrader.uexp" 1855
"C:/Users/symig/Documents/GitHub/ARPG_5.7/Content/TopDown/Blueprints/DropsSystem/BP_GoldDrop.uasset" 1856
"C:/Users/symig/Documents/GitHub/ARPG_5.7/Content/TopDown/Blueprints/DropsSystem/BP_GoldDrop.uexp" 1857
"C:/Users/symig/Documents/GitHub/ARPG_5.7/Content/TopDown/Blueprints/IPlayer.uasset" 1858
"C:/Users/symig/Documents/GitHub/ARPG_5.7/Content/TopDown/Blueprints/IPlayer.uexp" 1859
"C:/Users/symig/Documents/GitHub/ARPG_5.7/Content/TopDown/Data/SM_Heart.ubulk" 1860
"C:/Users/symig/Documents/GitHub/ARPG_5.7/Content/TopDown/Data/SM_Heart.uasset" 1861
"C:/Users/symig/Documents/GitHub/ARPG_5.7/Content/TopDown/Data/SM_Heart.uexp" 1862
"C:/Users/symig/Documents/GitHub/ARPG_5.7/Content/TopDown/Blueprints/DropsSystem/BP_HealingGlobe.uasset" 1863
"C:/Users/symig/Documents/GitHub/ARPG_5.7/Content/TopDown/Blueprints/DropsSystem/BP_HealingGlobe.uexp" 1864
"C:/Users/symig/Documents/GitHub/ARPG_5.7/Content/TopDown/Blueprints/DropsSystem/ConcreteChart.uasset" 1865
"C:/Users/symig/Documents/GitHub/ARPG_5.7/Content/TopDown/Blueprints/DropsSystem/ConcreteChart.uexp" 1866
"C:/Users/symig/Documents/GitHub/ARPG_5.7/Content/TopDown/Blueprints/DropsSystem/FRarityToWeight.uasset" 1867
"C:/Users/symig/Documents/GitHub/ARPG_5.7/Content/TopDown/Blueprints/DropsSystem/FRarityToWeight.uexp" 1868
"C:/Users/symig/Documents/GitHub/ARPG_5.7/Content/TopDown/Blueprints/DropsSystem/Data_BaseRarity.uasset" 1869
"C:/Users/symig/Documents/GitHub/ARPG_5.7/Content/TopDown/Blueprints/DropsSystem/Data_BaseRarity.uexp" 1870
"C:/Users/symig/Documents/GitHub/ARPG_5.7/Content/TopDown/Data/SM_Orb.ubulk" 1871
"C:/Users/symig/Documents/GitHub/ARPG_5.7/Content/TopDown/Data/SM_Orb.uasset" 1872
"C:/Users/symig/Documents/GitHub/ARPG_5.7/Content/TopDown/Data/SM_Orb.uexp" 1873
"C:/Users/symig/Documents/GitHub/ARPG_5.7/Content/TopDown/Textures/T_ky_noise6.ubulk" 1874
"C:/Users/symig/Documents/GitHub/ARPG_5.7/Content/TopDown/Textures/T_ky_noise6.uasset" 1875
"C:/Users/symig/Documents/GitHub/ARPG_5.7/Content/TopDown/Textures/T_ky_noise6.uexp" 1876
"C:/Users/symig/Documents/GitHub/ARPG_5.7/Content/TopDown/Materials/M_Orb.uasset" 1877
"C:/Users/symig/Documents/GitHub/ARPG_5.7/Content/TopDown/Materials/M_Orb.uexp" 1878
"C:/Users/symig/Documents/GitHub/ARPG_5.7/Content/TopDown/Blueprints/InventorySystem/ETargetingOption.uasset" 1879
"C:/Users/symig/Documents/GitHub/ARPG_5.7/Content/TopDown/Blueprints/InventorySystem/ETargetingOption.uexp" 1880
"C:/Users/symig/Documents/GitHub/ARPG_5.7/Content/TopDown/Blueprints/InventorySystem/IInventoryTargeter.uasset" 1881
"C:/Users/symig/Documents/GitHub/ARPG_5.7/Content/TopDown/Blueprints/InventorySystem/IInventoryTargeter.uexp" 1882
"C:/Users/symig/Documents/GitHub/ARPG_5.7/Content/TopDown/Blueprints/DropsSystem/BP_Orb.uasset" 1883
"C:/Users/symig/Documents/GitHub/ARPG_5.7/Content/TopDown/Blueprints/DropsSystem/BP_Orb.uexp" 1884
"C:/Users/symig/Documents/GitHub/ARPG_5.7/Content/TopDown/Blueprints/DropsSystem/Orbs/MagicOrb.uasset" 1885
"C:/Users/symig/Documents/GitHub/ARPG_5.7/Content/TopDown/Blueprints/DropsSystem/Orbs/MagicOrb.uexp" 1886
"C:/Users/symig/Documents/GitHub/ARPG_5.7/Content/TopDown/Blueprints/DropsSystem/DropsComponent.uasset" 1887
"C:/Users/symig/Documents/GitHub/ARPG_5.7/Content/TopDown/Blueprints/DropsSystem/DropsComponent.uexp" 1888
"C:/Users/symig/Documents/GitHub/ARPG_5.7/Content/TopDown/Maps/ERoomType.uasset" 1889
"C:/Users/symig/Documents/GitHub/ARPG_5.7/Content/TopDown/Maps/ERoomType.uexp" 1890
"C:/Users/symig/Documents/GitHub/ARPG_5.7/Content/TopDown/Blueprints/GameStart/Dungeon/FRoomChangeDto.uasset" 1891
"C:/Users/symig/Documents/GitHub/ARPG_5.7/Content/TopDown/Blueprints/GameStart/Dungeon/FRoomChangeDto.uexp" 1892
"C:/Users/symig/Documents/GitHub/ARPG_5.7/Content/TopDown/Blueprints/GameStart/Dungeon/IDungeon.uasset" 1893
"C:/Users/symig/Documents/GitHub/ARPG_5.7/Content/TopDown/Blueprints/GameStart/Dungeon/IDungeon.uexp" 1894
"C:/Users/symig/Documents/GitHub/ARPG_5.7/Content/TopDown/Blueprints/Overlay/EOverlayRewardType.uasset" 1895
"C:/Users/symig/Documents/GitHub/ARPG_5.7/Content/TopDown/Blueprints/Overlay/EOverlayRewardType.uexp" 1896
"C:/Users/symig/Documents/GitHub/ARPG_5.7/Content/TopDown/Blueprints/Overlay/IOverlay.uasset" 1897
"C:/Users/symig/Documents/GitHub/ARPG_5.7/Content/TopDown/Blueprints/Overlay/IOverlay.uexp" 1898
"C:/Users/symig/Documents/GitHub/ARPG_5.7/Content/TopDown/Blueprints/Overlay/FOverlayNode.uasset" 1899
"C:/Users/symig/Documents/GitHub/ARPG_5.7/Content/TopDown/Blueprints/Overlay/FOverlayNode.uexp" 1900
"C:/Users/symig/Documents/GitHub/ARPG_5.7/Content/TopDown/Blueprints/Overlay/IGraph.uasset" 1901
"C:/Users/symig/Documents/GitHub/ARPG_5.7/Content/TopDown/Blueprints/Overlay/IGraph.uexp" 1902
"../../../Engine/Content/EngineLightProfiles/90Degree_IES.uasset" 1903
"../../../Engine/Content/EngineLightProfiles/90Degree_IES.uexp" 1904
"C:/Users/symig/Documents/GitHub/ARPG_5.7/Content/PinRPG_IconSet_01_Assets/Hat/T_Hat_38.uasset" 1905
"C:/Users/symig/Documents/GitHub/ARPG_5.7/Content/PinRPG_IconSet_01_Assets/Hat/T_Hat_38.uexp" 1906
"C:/Users/symig/Documents/GitHub/ARPG_5.7/Content/PinRPG_IconSet_01_Assets/Item/T_Item_22.uasset" 1907
"C:/Users/symig/Documents/GitHub/ARPG_5.7/Content/PinRPG_IconSet_01_Assets/Item/T_Item_22.uexp" 1908
"C:/Users/symig/Documents/GitHub/ARPG_5.7/Content/PinRPG_IconSet_01_Assets/Item/T_Item_23.uasset" 1909
"C:/Users/symig/Documents/GitHub/ARPG_5.7/Content/PinRPG_IconSet_01_Assets/Item/T_Item_23.uexp" 1910
"C:/Users/symig/Documents/GitHub/ARPG_5.7/Content/TopDown/Textures/T_Fire_BC_O.uasset" 1911
"C:/Users/symig/Documents/GitHub/ARPG_5.7/Content/TopDown/Textures/T_Fire_BC_O.uexp" 1912
"C:/Users/symig/Documents/GitHub/ARPG_5.7/Content/TopDown/Textures/Archer_D.ubulk" 1913
"C:/Users/symig/Documents/GitHub/ARPG_5.7/Content/TopDown/Textures/Archer_D.uasset" 1914
"C:/Users/symig/Documents/GitHub/ARPG_5.7/Content/TopDown/Textures/Archer_D.uexp" 1915
"C:/Users/symig/Documents/GitHub/ARPG_5.7/Content/TopDown/Textures/MainMenuBackground.uasset" 1916
"C:/Users/symig/Documents/GitHub/ARPG_5.7/Content/TopDown/Textures/MainMenuBackground.uexp" 1917
"C:/Users/symig/Documents/GitHub/ARPG_5.7/Content/TopDown/Textures/T_Cards.uasset" 1918
"C:/Users/symig/Documents/GitHub/ARPG_5.7/Content/TopDown/Textures/T_Cards.uexp" 1919
"C:/Users/symig/Documents/GitHub/ARPG_5.7/Content/MS/textures/red/T_red_55_Tex.ubulk" 1920
"C:/Users/symig/Documents/GitHub/ARPG_5.7/Content/MS/textures/red/T_red_55_Tex.uasset" 1921
"C:/Users/symig/Documents/GitHub/ARPG_5.7/Content/MS/textures/red/T_red_55_Tex.uexp" 1922
"C:/Users/symig/Documents/GitHub/ARPG_5.7/Content/TopDown/Blueprints/InventorySystem/ISlottable.uasset" 1923
"C:/Users/symig/Documents/GitHub/ARPG_5.7/Content/TopDown/Blueprints/InventorySystem/ISlottable.uexp" 1924
"C:/Users/symig/Documents/GitHub/ARPG_5.7/Content/TopDown/Blueprints/InventorySystem/FSlotVisuals.uasset" 1925
"C:/Users/symig/Documents/GitHub/ARPG_5.7/Content/TopDown/Blueprints/InventorySystem/FSlotVisuals.uexp" 1926
"C:/Users/symig/Documents/GitHub/ARPG_5.7/Content/TopDown/Blueprints/InventorySystem/IVisualSlot.uasset" 1927
"C:/Users/symig/Documents/GitHub/ARPG_5.7/Content/TopDown/Blueprints/InventorySystem/IVisualSlot.uexp" 1928
"C:/Users/symig/Documents/GitHub/ARPG_5.7/Content/TopDown/Textures/T_CheckMark.uasset" 1929
"C:/Users/symig/Documents/GitHub/ARPG_5.7/Content/TopDown/Textures/T_CheckMark.uexp" 1930
"C:/Users/symig/Documents/GitHub/ARPG_5.7/Content/TopDown/Blueprints/InventorySystem/Widget_SpatialGenericSlot.uasset" 1931
"C:/Users/symig/Documents/GitHub/ARPG_5.7/Content/TopDown/Blueprints/InventorySystem/Widget_SpatialGenericSlot.uexp" 1932
"C:/Users/symig/Documents/GitHub/ARPG_5.7/Content/PinRPG_IconSet_01_Assets/Sword/T_Sword_23.uasset" 1933
"C:/Users/symig/Documents/GitHub/ARPG_5.7/Content/PinRPG_IconSet_01_Assets/Sword/T_Sword_23.uexp" 1934
"C:/Users/symig/Documents/GitHub/ARPG_5.7/Content/TopDown/Materials/LoadoutMaterial/WeaponBackground.uasset" 1935
"C:/Users/symig/Documents/GitHub/ARPG_5.7/Content/TopDown/Materials/LoadoutMaterial/WeaponBackground.uexp" 1936
"C:/Users/symig/Documents/GitHub/ARPG_5.7/Content/TopDown/Blueprints/InventorySystem/Widget_SlotVisuals.uasset" 1937
"C:/Users/symig/Documents/GitHub/ARPG_5.7/Content/TopDown/Blueprints/InventorySystem/Widget_SlotVisuals.uexp" 1938
"C:/Users/symig/Documents/GitHub/ARPG_5.7/Content/TopDown/Blueprints/Overlay/Widget_Legend.uasset" 1939
"C:/Users/symig/Documents/GitHub/ARPG_5.7/Content/TopDown/Blueprints/Overlay/Widget_Legend.uexp" 1940
"C:/Users/symig/Documents/GitHub/ARPG_5.7/Content/TopDown/Blueprints/Overlay/Widget_OverlayNode1.uasset" 1941
"C:/Users/symig/Documents/GitHub/ARPG_5.7/Content/TopDown/Blueprints/Overlay/Widget_OverlayNode1.uexp" 1942
"C:/Users/symig/Documents/GitHub/ARPG_5.7/Content/TopDown/Blueprints/Overlay/Widget_Overlay1.uasset" 1943
"C:/Users/symig/Documents/GitHub/ARPG_5.7/Content/TopDown/Blueprints/Overlay/Widget_Overlay1.uexp" 1944
"C:/Users/symig/Documents/GitHub/ARPG_5.7/Content/TopDown/Blueprints/Overlay/OverlayComponent.uasset" 1945
"C:/Users/symig/Documents/GitHub/ARPG_5.7/Content/TopDown/Blueprints/Overlay/OverlayComponent.uexp" 1946
"C:/Users/symig/Documents/GitHub/ARPG_5.7/Content/TopDown/Blueprints/Overlay/OverlayInventoryComponent.uasset" 1947
"C:/Users/symig/Documents/GitHub/ARPG_5.7/Content/TopDown/Blueprints/Overlay/OverlayInventoryComponent.uexp" 1948
"C:/Users/symig/Documents/GitHub/ARPG_5.7/Content/TopDown/Blueprints/Overlay/BP_OverlayActor.uasset" 1949
"C:/Users/symig/Documents/GitHub/ARPG_5.7/Content/TopDown/Blueprints/Overlay/BP_OverlayActor.uexp" 1950
"C:/Users/symig/Documents/GitHub/ARPG_5.7/Content/TopDown/Blueprints/EnemiesSystem/BehaviorTrees/EAttackSubtrees.uasset" 1951
"C:/Users/symig/Documents/GitHub/ARPG_5.7/Content/TopDown/Blueprints/EnemiesSystem/BehaviorTrees/EAttackSubtrees.uexp" 1952
"C:/Users/symig/Documents/GitHub/ARPG_5.7/Content/TopDown/Blueprints/EnemiesSystem/EEnemyAttackType.uasset" 1953
"C:/Users/symig/Documents/GitHub/ARPG_5.7/Content/TopDown/Blueprints/EnemiesSystem/EEnemyAttackType.uexp" 1954
"C:/Users/symig/Documents/GitHub/ARPG_5.7/Content/TopDown/Blueprints/EnemiesSystem/IEnemy.uasset" 1955
"C:/Users/symig/Documents/GitHub/ARPG_5.7/Content/TopDown/Blueprints/EnemiesSystem/IEnemy.uexp" 1956
"C:/Users/symig/Documents/GitHub/ARPG_5.7/Content/TopDown/Blueprints/IExperienceHandler.uasset" 1957
"C:/Users/symig/Documents/GitHub/ARPG_5.7/Content/TopDown/Blueprints/IExperienceHandler.uexp" 1958
"C:/Users/symig/Documents/GitHub/ARPG_5.7/Content/TopDown/Data/PlayerCharacter/PA_PlayerCharacter.uasset" 1959
"C:/Users/symig/Documents/GitHub/ARPG_5.7/Content/TopDown/Data/PlayerCharacter/PA_PlayerCharacter.uexp" 1960
"C:/Users/symig/Documents/GitHub/ARPG_5.7/Content/TopDown/Textures/Primitive_01/Primitive_Character_Set_01/T_Primitive_Character_Set_01_Albedo.uexp" 1961
"C:/Users/symig/Documents/GitHub/ARPG_5.7/Content/TopDown/Textures/Primitive_01/Primitive_Character_Set_01/T_Primitive_Character_Set_01_Albedo.ubulk" 1962
"C:/Users/symig/Documents/GitHub/ARPG_5.7/Content/TopDown/Textures/Primitive_01/Primitive_Character_Set_01/T_Primitive_Character_Set_01_Albedo.uasset" 1963
"C:/Users/symig/Documents/GitHub/ARPG_5.7/Content/TopDown/Textures/Primitive_01/Primitive_Character_Set_01/T_Primitive_Character_Set_01_Albedo.uptnl" 1964
"C:/Users/symig/Documents/GitHub/ARPG_5.7/Content/TopDown/Textures/Primitive_01/Primitive_Character_Set_01/T_Primitive_Character_Set_01_Metallic.uexp" 1965
"C:/Users/symig/Documents/GitHub/ARPG_5.7/Content/TopDown/Textures/Primitive_01/Primitive_Character_Set_01/T_Primitive_Character_Set_01_Metallic.ubulk" 1966
"C:/Users/symig/Documents/GitHub/ARPG_5.7/Content/TopDown/Textures/Primitive_01/Primitive_Character_Set_01/T_Primitive_Character_Set_01_Metallic.uasset" 1967
"C:/Users/symig/Documents/GitHub/ARPG_5.7/Content/TopDown/Textures/Primitive_01/Primitive_Character_Set_01/T_Primitive_Character_Set_01_Metallic.uptnl" 1968
"C:/Users/symig/Documents/GitHub/ARPG_5.7/Content/TopDown/Textures/Primitive_01/Primitive_Character_Set_01/T_Primitive_Character_Set_01_Normals.ubulk" 1969
"C:/Users/symig/Documents/GitHub/ARPG_5.7/Content/TopDown/Textures/Primitive_01/Primitive_Character_Set_01/T_Primitive_Character_Set_01_Normals.uasset" 1970
"C:/Users/symig/Documents/GitHub/ARPG_5.7/Content/TopDown/Textures/Primitive_01/Primitive_Character_Set_01/T_Primitive_Character_Set_01_Normals.uexp" 1971
"C:/Users/symig/Documents/GitHub/ARPG_5.7/Content/TopDown/Materials/Primitive_01/M_Primitive_Character_Set_01.uasset" 1972
"C:/Users/symig/Documents/GitHub/ARPG_5.7/Content/TopDown/Materials/Primitive_01/M_Primitive_Character_Set_01.uexp" 1973
"C:/Users/symig/Documents/GitHub/ARPG_5.7/Content/TopDown/Data/PlayerCharacter/SKM_PlayerCharacter.ubulk" 1974
"C:/Users/symig/Documents/GitHub/ARPG_5.7/Content/TopDown/Data/PlayerCharacter/SKM_PlayerCharacter.uasset" 1975
"C:/Users/symig/Documents/GitHub/ARPG_5.7/Content/TopDown/Data/PlayerCharacter/SKM_PlayerCharacter.uexp" 1976
"C:/Users/symig/Documents/GitHub/ARPG_5.7/Content/TopDown/Animations/Niagara/Chaos/NS_SKM_Fumes.uasset" 1977
"C:/Users/symig/Documents/GitHub/ARPG_5.7/Content/TopDown/Animations/Niagara/Chaos/NS_SKM_Fumes.uexp" 1978
"C:/Users/symig/Documents/GitHub/ARPG_5.7/Content/TopDown/Animations/Niagara/Fire/NS_SKM_Burn.uasset" 1979
"C:/Users/symig/Documents/GitHub/ARPG_5.7/Content/TopDown/Animations/Niagara/Fire/NS_SKM_Burn.uexp" 1980
"C:/Users/symig/Documents/GitHub/ARPG_5.7/Content/TopDown/Blueprints/ActorComponents/StatusEffects/FStatusEffectRow.uasset" 1981
"C:/Users/symig/Documents/GitHub/ARPG_5.7/Content/TopDown/Blueprints/ActorComponents/StatusEffects/FStatusEffectRow.uexp" 1982
"C:/Users/symig/Documents/GitHub/ARPG_5.7/Content/TopDown/Blueprints/ActorComponents/StatusEffects/Data_StatusEffects.uasset" 1983
"C:/Users/symig/Documents/GitHub/ARPG_5.7/Content/TopDown/Blueprints/ActorComponents/StatusEffects/Data_StatusEffects.uexp" 1984
"C:/Users/symig/Documents/GitHub/ARPG_5.7/Content/TopDown/Blueprints/ActorComponents/AilmentComponent.uasset" 1985
"C:/Users/symig/Documents/GitHub/ARPG_5.7/Content/TopDown/Blueprints/ActorComponents/AilmentComponent.uexp" 1986
"C:/Users/symig/Documents/GitHub/ARPG_5.7/Content/TopDown/Blueprints/StatModifiers/FMapStat.uasset" 1987
"C:/Users/symig/Documents/GitHub/ARPG_5.7/Content/TopDown/Blueprints/StatModifiers/FMapStat.uexp" 1988
"C:/Users/symig/Documents/GitHub/ARPG_5.7/Content/TopDown/Blueprints/StatModifiers/FSubscribers.uasset" 1989
"C:/Users/symig/Documents/GitHub/ARPG_5.7/Content/TopDown/Blueprints/StatModifiers/FSubscribers.uexp" 1990
"C:/Users/symig/Documents/GitHub/ARPG_5.7/Content/TopDown/Blueprints/StatModifiers/StatModifierComponent.uasset" 1991
"C:/Users/symig/Documents/GitHub/ARPG_5.7/Content/TopDown/Blueprints/StatModifiers/StatModifierComponent.uexp" 1992
"C:/Users/symig/Documents/GitHub/ARPG_5.7/Content/TopDown/Animations/PlayerCharacter/DoubleSwingAttack.uasset" 1993
"C:/Users/symig/Documents/GitHub/ARPG_5.7/Content/TopDown/Animations/PlayerCharacter/DoubleSwingAttack.uexp" 1994
"C:/Users/symig/Documents/GitHub/ARPG_5.7/Content/TopDown/Animations/PlayerCharacter/DoubleSwingAttack_Montage.uasset" 1995
"C:/Users/symig/Documents/GitHub/ARPG_5.7/Content/TopDown/Animations/PlayerCharacter/DoubleSwingAttack_Montage.uexp" 1996
"C:/Users/symig/Documents/GitHub/ARPG_5.7/Content/TopDown/Animations/PlayerCharacter/SpinAttack_NoRoot.uasset" 1997
"C:/Users/symig/Documents/GitHub/ARPG_5.7/Content/TopDown/Animations/PlayerCharacter/SpinAttack_NoRoot.uexp" 1998
"C:/Users/symig/Documents/GitHub/ARPG_5.7/Content/TopDown/Animations/PlayerCharacter/SpinAttack_NoRoot_Montage.uasset" 1999
"C:/Users/symig/Documents/GitHub/ARPG_5.7/Content/TopDown/Animations/PlayerCharacter/SpinAttack_NoRoot_Montage.uexp" 2000
"C:/Users/symig/Documents/GitHub/ARPG_5.7/Content/TopDown/Blueprints/Assets/AssetComponents/FloorSnappingComponent.uasset" 2001
"C:/Users/symig/Documents/GitHub/ARPG_5.7/Content/TopDown/Blueprints/Assets/AssetComponents/FloorSnappingComponent.uexp" 2002
"C:/Users/symig/Documents/GitHub/ARPG_5.7/Content/TopDown/Blueprints/EnemiesSystem/FBossDeathMessage.uasset" 2003
"C:/Users/symig/Documents/GitHub/ARPG_5.7/Content/TopDown/Blueprints/EnemiesSystem/FBossDeathMessage.uexp" 2004
"C:/Users/symig/Documents/GitHub/ARPG_5.7/Content/TopDown/Data/BossSevarog/Sevarog_Skeleton.uasset" 2005
"C:/Users/symig/Documents/GitHub/ARPG_5.7/Content/TopDown/Data/BossSevarog/Sevarog_Skeleton.uexp" 2006
"C:/Users/symig/Documents/GitHub/ARPG_5.7/Content/ParagonSevarog/Characters/Heroes/Sevarog/Animations/LevelStart.uasset" 2007
"C:/Users/symig/Documents/GitHub/ARPG_5.7/Content/ParagonSevarog/Characters/Heroes/Sevarog/Animations/LevelStart.uexp" 2008
"C:/Users/symig/Documents/GitHub/ARPG_5.7/Content/TopDown/Animations/EnemyCharacter/Bosses/BossSevarog/LevelStart_Montage.uasset" 2009
"C:/Users/symig/Documents/GitHub/ARPG_5.7/Content/TopDown/Animations/EnemyCharacter/Bosses/BossSevarog/LevelStart_Montage.uexp" 2010
"C:/Users/symig/Documents/GitHub/ARPG_5.7/Content/TopDown/Blueprints/EnemiesSystem/EEnemyState.uasset" 2011
"C:/Users/symig/Documents/GitHub/ARPG_5.7/Content/TopDown/Blueprints/EnemiesSystem/EEnemyState.uexp" 2012
"C:/Users/symig/Documents/GitHub/ARPG_5.7/Content/TopDown/Blueprints/EnemiesSystem/Data_EnemyRarity.uasset" 2013
"C:/Users/symig/Documents/GitHub/ARPG_5.7/Content/TopDown/Blueprints/EnemiesSystem/Data_EnemyRarity.uexp" 2014
"C:/Users/symig/Documents/GitHub/ARPG_5.7/Content/TopDown/Blueprints/FDeathMessage.uasset" 2015
"C:/Users/symig/Documents/GitHub/ARPG_5.7/Content/TopDown/Blueprints/FDeathMessage.uexp" 2016
"C:/Users/symig/Documents/GitHub/ARPG_5.7/Content/TopDown/Blueprints/EnemiesSystem/EEnemySense.uasset" 2017
"C:/Users/symig/Documents/GitHub/ARPG_5.7/Content/TopDown/Blueprints/EnemiesSystem/EEnemySense.uexp" 2018
"C:/Users/symig/Documents/GitHub/ARPG_5.7/Content/TopDown/Blueprints/EnemiesSystem/IAIController.uasset" 2019
"C:/Users/symig/Documents/GitHub/ARPG_5.7/Content/TopDown/Blueprints/EnemiesSystem/IAIController.uexp" 2020
"C:/Users/symig/Documents/GitHub/ARPG_5.7/Content/TopDown/Blueprints/EnemiesSystem/BehaviorTrees/Tasks/BTT_Patrol.uasset" 2021
"C:/Users/symig/Documents/GitHub/ARPG_5.7/Content/TopDown/Blueprints/EnemiesSystem/BehaviorTrees/Tasks/BTT_Patrol.uexp" 2022
"C:/Users/symig/Documents/GitHub/ARPG_5.7/Content/TopDown/Blueprints/EnemiesSystem/BehaviorTrees/BB_Basics.uasset" 2023
"C:/Users/symig/Documents/GitHub/ARPG_5.7/Content/TopDown/Blueprints/EnemiesSystem/BehaviorTrees/BB_Basics.uexp" 2024
"C:/Users/symig/Documents/GitHub/ARPG_5.7/Content/TopDown/Blueprints/EnemiesSystem/BehaviorTrees/Decorators/EEnemyCooldownType.uasset" 2025
"C:/Users/symig/Documents/GitHub/ARPG_5.7/Content/TopDown/Blueprints/EnemiesSystem/BehaviorTrees/Decorators/EEnemyCooldownType.uexp" 2026
"C:/Users/symig/Documents/GitHub/ARPG_5.7/Content/TopDown/Blueprints/EnemiesSystem/CooldownComponent.uasset" 2027
"C:/Users/symig/Documents/GitHub/ARPG_5.7/Content/TopDown/Blueprints/EnemiesSystem/CooldownComponent.uexp" 2028
"C:/Users/symig/Documents/GitHub/ARPG_5.7/Content/TopDown/Blueprints/EnemiesSystem/BehaviorTrees/Decorators/BTD_IsNotOnCooldown.uasset" 2029
"C:/Users/symig/Documents/GitHub/ARPG_5.7/Content/TopDown/Blueprints/EnemiesSystem/BehaviorTrees/Decorators/BTD_IsNotOnCooldown.uexp" 2030
"C:/Users/symig/Documents/GitHub/ARPG_5.7/Content/TopDown/Blueprints/EnemiesSystem/BehaviorTrees/Decorators/BTD_XLessThanY.uasset" 2031
"C:/Users/symig/Documents/GitHub/ARPG_5.7/Content/TopDown/Blueprints/EnemiesSystem/BehaviorTrees/Decorators/BTD_XLessThanY.uexp" 2032
"C:/Users/symig/Documents/GitHub/ARPG_5.7/Content/TopDown/Blueprints/EnemiesSystem/BehaviorTrees/Services/BTS_Proximity.uasset" 2033
"C:/Users/symig/Documents/GitHub/ARPG_5.7/Content/TopDown/Blueprints/EnemiesSystem/BehaviorTrees/Services/BTS_Proximity.uexp" 2034
"C:/Users/symig/Documents/GitHub/ARPG_5.7/Content/TopDown/Blueprints/EnemiesSystem/BehaviorTrees/Tasks/BTT_Attack.uasset" 2035
"C:/Users/symig/Documents/GitHub/ARPG_5.7/Content/TopDown/Blueprints/EnemiesSystem/BehaviorTrees/Tasks/BTT_Attack.uexp" 2036
"C:/Users/symig/Documents/GitHub/ARPG_5.7/Content/TopDown/Blueprints/EnemiesSystem/BehaviorTrees/Tasks/BTT_ClearFocus.uasset" 2037
"C:/Users/symig/Documents/GitHub/ARPG_5.7/Content/TopDown/Blueprints/EnemiesSystem/BehaviorTrees/Tasks/BTT_ClearFocus.uexp" 2038
"C:/Users/symig/Documents/GitHub/ARPG_5.7/Content/TopDown/Blueprints/EnemiesSystem/BehaviorTrees/Tasks/BTT_FocusTarget.uasset" 2039
"C:/Users/symig/Documents/GitHub/ARPG_5.7/Content/TopDown/Blueprints/EnemiesSystem/BehaviorTrees/Tasks/BTT_FocusTarget.uexp" 2040
"C:/Users/symig/Documents/GitHub/ARPG_5.7/Content/TopDown/Blueprints/EnemiesSystem/BehaviorTrees/Tasks/BTT_JumpAttack.uasset" 2041
"C:/Users/symig/Documents/GitHub/ARPG_5.7/Content/TopDown/Blueprints/EnemiesSystem/BehaviorTrees/Tasks/BTT_JumpAttack.uexp" 2042
"C:/Users/symig/Documents/GitHub/ARPG_5.7/Content/TopDown/Blueprints/EnemiesSystem/BehaviorTrees/Tasks/BTT_MoveTo.uasset" 2043
"C:/Users/symig/Documents/GitHub/ARPG_5.7/Content/TopDown/Blueprints/EnemiesSystem/BehaviorTrees/Tasks/BTT_MoveTo.uexp" 2044
"C:/Users/symig/Documents/GitHub/ARPG_5.7/Content/TopDown/Blueprints/EnemiesSystem/BehaviorTrees/Tasks/BTT_ToggleRotation.uasset" 2045
"C:/Users/symig/Documents/GitHub/ARPG_5.7/Content/TopDown/Blueprints/EnemiesSystem/BehaviorTrees/Tasks/BTT_ToggleRotation.uexp" 2046
"C:/Users/symig/Documents/GitHub/ARPG_5.7/Content/TopDown/Blueprints/EnemiesSystem/BehaviorTrees/BBT_Basics.uasset" 2047
"C:/Users/symig/Documents/GitHub/ARPG_5.7/Content/TopDown/Blueprints/EnemiesSystem/BehaviorTrees/BBT_Basics.uexp" 2048
"C:/Users/symig/Documents/GitHub/ARPG_5.7/Content/TopDown/Blueprints/EnemiesSystem/IEnemyBehaviorComponent.uasset" 2049
"C:/Users/symig/Documents/GitHub/ARPG_5.7/Content/TopDown/Blueprints/EnemiesSystem/IEnemyBehaviorComponent.uexp" 2050
"C:/Users/symig/Documents/GitHub/ARPG_5.7/Content/TopDown/Blueprints/EnemiesSystem/BehaviorTrees/Tasks/BTT_UseCard.uasset" 2051
"C:/Users/symig/Documents/GitHub/ARPG_5.7/Content/TopDown/Blueprints/EnemiesSystem/BehaviorTrees/Tasks/BTT_UseCard.uexp" 2052
"C:/Users/symig/Documents/GitHub/ARPG_5.7/Content/TopDown/Blueprints/EnemiesSystem/BehaviorTrees/BBT_BasicsWithCards.uasset" 2053
"C:/Users/symig/Documents/GitHub/ARPG_5.7/Content/TopDown/Blueprints/EnemiesSystem/BehaviorTrees/BBT_BasicsWithCards.uexp" 2054
"C:/Users/symig/Documents/GitHub/ARPG_5.7/Content/TopDown/Materials/M_BossBubble.uasset" 2055
"C:/Users/symig/Documents/GitHub/ARPG_5.7/Content/TopDown/Materials/M_BossBubble.uexp" 2056
"C:/Users/symig/Documents/GitHub/ARPG_5.7/Content/TopDown/Blueprints/EnemiesSystem/BossSkills/BP_BossCircleEvent.uasset" 2057
"C:/Users/symig/Documents/GitHub/ARPG_5.7/Content/TopDown/Blueprints/EnemiesSystem/BossSkills/BP_BossCircleEvent.uexp" 2058
"C:/Users/symig/Documents/GitHub/ARPG_5.7/Content/TopDown/Blueprints/EnemiesSystem/EnemyBossComponent.uasset" 2059
"C:/Users/symig/Documents/GitHub/ARPG_5.7/Content/TopDown/Blueprints/EnemiesSystem/EnemyBossComponent.uexp" 2060
"C:/Users/symig/Documents/GitHub/ARPG_5.7/Content/TopDown/Blueprints/EnemiesSystem/BehaviorTrees/Tasks/BTT_UseSpecialAttack.uasset" 2061
"C:/Users/symig/Documents/GitHub/ARPG_5.7/Content/TopDown/Blueprints/EnemiesSystem/BehaviorTrees/Tasks/BTT_UseSpecialAttack.uexp" 2062
"C:/Users/symig/Documents/GitHub/ARPG_5.7/Content/TopDown/Blueprints/EnemiesSystem/BehaviorTrees/BBT_BasicsWithCardsAndSpecial.uasset" 2063
"C:/Users/symig/Documents/GitHub/ARPG_5.7/Content/TopDown/Blueprints/EnemiesSystem/BehaviorTrees/BBT_BasicsWithCardsAndSpecial.uexp" 2064
"C:/Users/symig/Documents/GitHub/ARPG_5.7/Content/TopDown/Blueprints/EnemiesSystem/BehaviorTrees/BBT_EnemyAI.uasset" 2065
"C:/Users/symig/Documents/GitHub/ARPG_5.7/Content/TopDown/Blueprints/EnemiesSystem/BehaviorTrees/BBT_EnemyAI.uexp" 2066
"C:/Users/symig/Documents/GitHub/ARPG_5.7/Content/TopDown/Blueprints/EnemiesSystem/AIC_EnemyAI.uasset" 2067
"C:/Users/symig/Documents/GitHub/ARPG_5.7/Content/TopDown/Blueprints/EnemiesSystem/AIC_EnemyAI.uexp" 2068
"../../../Engine/Content/EngineFonts/Faces/DroidSansFallback.uexp" 2069
"../../../Engine/Content/EngineFonts/Faces/DroidSansFallback.uasset" 2070
"../../../Engine/Content/EngineFonts/Faces/DroidSansFallback.ufont" 2071
"../../../Engine/Content/EngineFonts/Faces/RobotoBold.uexp" 2072
"../../../Engine/Content/EngineFonts/Faces/RobotoBold.uasset" 2073
"../../../Engine/Content/EngineFonts/Faces/RobotoBold.ufont" 2074
"../../../Engine/Content/EngineFonts/Faces/RobotoBoldItalic.uexp" 2075
"../../../Engine/Content/EngineFonts/Faces/RobotoBoldItalic.uasset" 2076
"../../../Engine/Content/EngineFonts/Faces/RobotoBoldItalic.ufont" 2077
"../../../Engine/Content/EngineFonts/Faces/RobotoItalic.uexp" 2078
"../../../Engine/Content/EngineFonts/Faces/RobotoItalic.uasset" 2079
"../../../Engine/Content/EngineFonts/Faces/RobotoItalic.ufont" 2080
"../../../Engine/Content/EngineFonts/Faces/RobotoLight.uexp" 2081
"../../../Engine/Content/EngineFonts/Faces/RobotoLight.uasset" 2082
"../../../Engine/Content/EngineFonts/Faces/RobotoLight.ufont" 2083
"../../../Engine/Content/EngineFonts/Faces/RobotoRegular.uexp" 2084
"../../../Engine/Content/EngineFonts/Faces/RobotoRegular.uasset" 2085
"../../../Engine/Content/EngineFonts/Faces/RobotoRegular.ufont" 2086
"../../../Engine/Content/EngineFonts/Roboto.uasset" 2087
"../../../Engine/Content/EngineFonts/Roboto.uexp" 2088
"C:/Users/symig/Documents/GitHub/ARPG_5.7/Content/TopDown/Blueprints/InventorySystem/Tooltips/Data_TextStyle.uasset" 2089
"C:/Users/symig/Documents/GitHub/ARPG_5.7/Content/TopDown/Blueprints/InventorySystem/Tooltips/Data_TextStyle.uexp" 2090
"C:/Users/symig/Documents/GitHub/ARPG_5.7/Content/TopDown/Blueprints/HUD/Widget_HoverTooltip.uasset" 2091
"C:/Users/symig/Documents/GitHub/ARPG_5.7/Content/TopDown/Blueprints/HUD/Widget_HoverTooltip.uexp" 2092
"C:/Users/symig/Documents/GitHub/ARPG_5.7/Content/TopDown/Blueprints/HUD/AbstractHoverComponent.uasset" 2093
"C:/Users/symig/Documents/GitHub/ARPG_5.7/Content/TopDown/Blueprints/HUD/AbstractHoverComponent.uexp" 2094
"C:/Users/symig/Documents/GitHub/ARPG_5.7/Content/TopDown/Blueprints/EnemiesSystem/EnemyHoverComponent.uasset" 2095
"C:/Users/symig/Documents/GitHub/ARPG_5.7/Content/TopDown/Blueprints/EnemiesSystem/EnemyHoverComponent.uexp" 2096
"C:/Users/symig/Documents/GitHub/ARPG_5.7/Content/TopDown/Blueprints/EnemiesSystem/FAnimationOverrides.uasset" 2097
"C:/Users/symig/Documents/GitHub/ARPG_5.7/Content/TopDown/Blueprints/EnemiesSystem/FAnimationOverrides.uexp" 2098
"C:/Users/symig/Documents/GitHub/ARPG_5.7/Content/TopDown/Blueprints/EnemiesSystem/FBehaviorConfig.uasset" 2099
"C:/Users/symig/Documents/GitHub/ARPG_5.7/Content/TopDown/Blueprints/EnemiesSystem/FBehaviorConfig.uexp" 2100
"C:/Users/symig/Documents/GitHub/ARPG_5.7/Content/TopDown/Blueprints/EnemiesSystem/FEnemyCombatProperties.uasset" 2101
"C:/Users/symig/Documents/GitHub/ARPG_5.7/Content/TopDown/Blueprints/EnemiesSystem/FEnemyCombatProperties.uexp" 2102
"C:/Users/symig/Documents/GitHub/ARPG_5.7/Content/TopDown/Blueprints/EnemiesSystem/FEnemyDropTableEntry.uasset" 2103
"C:/Users/symig/Documents/GitHub/ARPG_5.7/Content/TopDown/Blueprints/EnemiesSystem/FEnemyDropTableEntry.uexp" 2104
"C:/Users/symig/Documents/GitHub/ARPG_5.7/Content/TopDown/Blueprints/EnemiesSystem/FEnemyIdentity.uasset" 2105
"C:/Users/symig/Documents/GitHub/ARPG_5.7/Content/TopDown/Blueprints/EnemiesSystem/FEnemyIdentity.uexp" 2106
"C:/Users/symig/Documents/GitHub/ARPG_5.7/Content/TopDown/Blueprints/EnemiesSystem/EnemyDataAssets/PDA_EnemyConfig.uasset" 2107
"C:/Users/symig/Documents/GitHub/ARPG_5.7/Content/TopDown/Blueprints/EnemiesSystem/EnemyDataAssets/PDA_EnemyConfig.uexp" 2108
"C:/Users/symig/Documents/GitHub/ARPG_5.7/Content/CityofBrass_Enemies/Textures/Charger_Helmet_D.ubulk" 2109
"C:/Users/symig/Documents/GitHub/ARPG_5.7/Content/CityofBrass_Enemies/Textures/Charger_Helmet_D.uasset" 2110
"C:/Users/symig/Documents/GitHub/ARPG_5.7/Content/CityofBrass_Enemies/Textures/Charger_Helmet_D.uexp" 2111
"C:/Users/symig/Documents/GitHub/ARPG_5.7/Content/CityofBrass_Enemies/Textures/Charger_Helmet_Mask.ubulk" 2112
"C:/Users/symig/Documents/GitHub/ARPG_5.7/Content/CityofBrass_Enemies/Textures/Charger_Helmet_Mask.uasset" 2113
"C:/Users/symig/Documents/GitHub/ARPG_5.7/Content/CityofBrass_Enemies/Textures/Charger_Helmet_Mask.uexp" 2114
"C:/Users/symig/Documents/GitHub/ARPG_5.7/Content/CityofBrass_Enemies/Textures/Charger_Helmet_N.ubulk" 2115
"C:/Users/symig/Documents/GitHub/ARPG_5.7/Content/CityofBrass_Enemies/Textures/Charger_Helmet_N.uasset" 2116
"C:/Users/symig/Documents/GitHub/ARPG_5.7/Content/CityofBrass_Enemies/Textures/Charger_Helmet_N.uexp" 2117
"C:/Users/symig/Documents/GitHub/ARPG_5.7/Content/CityofBrass_Enemies/Materials/Corpse_Charger_Helmet_Inst.uasset" 2118
"C:/Users/symig/Documents/GitHub/ARPG_5.7/Content/CityofBrass_Enemies/Materials/Corpse_Charger_Helmet_Inst.uexp" 2119
"C:/Users/symig/Documents/GitHub/ARPG_5.7/Content/CityofBrass_Enemies/Meshes/Enemy/Charger/Charger_Helmet.ubulk" 2120
"C:/Users/symig/Documents/GitHub/ARPG_5.7/Content/CityofBrass_Enemies/Meshes/Enemy/Charger/Charger_Helmet.uasset" 2121
"C:/Users/symig/Documents/GitHub/ARPG_5.7/Content/CityofBrass_Enemies/Meshes/Enemy/Charger/Charger_Helmet.uexp" 2122
"C:/Users/symig/Documents/GitHub/ARPG_5.7/Content/TopDown/Materials/M_Statues.uasset" 2123
"C:/Users/symig/Documents/GitHub/ARPG_5.7/Content/TopDown/Materials/M_Statues.uexp" 2124
"C:/Users/symig/Documents/GitHub/ARPG_5.7/Content/TopDown/Data/sting-sword.ubulk" 2125
"C:/Users/symig/Documents/GitHub/ARPG_5.7/Content/TopDown/Data/sting-sword.uasset" 2126
"C:/Users/symig/Documents/GitHub/ARPG_5.7/Content/TopDown/Data/sting-sword.uexp" 2127
"../../../Engine/Content/Animation/DefaultAnimBoneCompressionSettings.uasset" 2128
"../../../Engine/Content/Animation/DefaultAnimBoneCompressionSettings.uexp" 2129
"../../../Engine/Content/Animation/DefaultAnimCurveCompressionSettings.uasset" 2130
"../../../Engine/Content/Animation/DefaultAnimCurveCompressionSettings.uexp" 2131
"C:/Users/symig/Documents/GitHub/ARPG_5.7/Content/TopDown/Animations/PlayerCharacter/MM_Run_Fwd.uasset" 2132
"C:/Users/symig/Documents/GitHub/ARPG_5.7/Content/TopDown/Animations/PlayerCharacter/MM_Run_Fwd.uexp" 2133
"C:/Users/symig/Documents/GitHub/ARPG_5.7/Content/TopDown/Animations/PlayerCharacter/MM_Walk_Fwd.uasset" 2134
"C:/Users/symig/Documents/GitHub/ARPG_5.7/Content/TopDown/Animations/PlayerCharacter/MM_Walk_Fwd.uexp" 2135
"../../../Engine/Content/Animation/DefaultRecorderBoneCompression.uasset" 2136
"../../../Engine/Content/Animation/DefaultRecorderBoneCompression.uexp" 2137
"C:/Users/symig/Documents/GitHub/ARPG_5.7/Content/TopDown/Animations/PlayerCharacter/MM_Walk_InPlace.uasset" 2138
"C:/Users/symig/Documents/GitHub/ARPG_5.7/Content/TopDown/Animations/PlayerCharacter/MM_Walk_InPlace.uexp" 2139
"C:/Users/symig/Documents/GitHub/ARPG_5.7/Content/TopDown/Animations/PlayerCharacter/BS_MM_WalkRun.uasset" 2140
"C:/Users/symig/Documents/GitHub/ARPG_5.7/Content/TopDown/Animations/PlayerCharacter/BS_MM_WalkRun.uexp" 2141
"C:/Users/symig/Documents/GitHub/ARPG_5.7/Content/TopDown/Animations/PlayerCharacter/MM_Idle.uasset" 2142
"C:/Users/symig/Documents/GitHub/ARPG_5.7/Content/TopDown/Animations/PlayerCharacter/MM_Idle.uexp" 2143
"C:/Users/symig/Documents/GitHub/ARPG_5.7/Content/TopDown/Animations/EnemyCharacter/ABP_EnemyTemplate.uasset" 2144
"C:/Users/symig/Documents/GitHub/ARPG_5.7/Content/TopDown/Animations/EnemyCharacter/ABP_EnemyTemplate.uexp" 2145
"C:/Users/symig/Documents/GitHub/ARPG_5.7/Content/TopDown/Blueprints/EnemiesSystem/EnemyDataAssets/DA_CagedBrute.uasset" 2146
"C:/Users/symig/Documents/GitHub/ARPG_5.7/Content/TopDown/Blueprints/EnemiesSystem/EnemyDataAssets/DA_CagedBrute.uexp" 2147
"C:/Users/symig/Documents/GitHub/ARPG_5.7/Content/TopDown/Blueprints/EnemiesSystem/BP_EnemyAI.uasset" 2148
"C:/Users/symig/Documents/GitHub/ARPG_5.7/Content/TopDown/Blueprints/EnemiesSystem/BP_EnemyAI.uexp" 2149
"C:/Users/symig/Documents/GitHub/ARPG_5.7/Content/TopDown/Blueprints/EnemiesSystem/Spawning/ISpawning.uasset" 2150
"C:/Users/symig/Documents/GitHub/ARPG_5.7/Content/TopDown/Blueprints/EnemiesSystem/Spawning/ISpawning.uexp" 2151
"C:/Users/symig/Documents/GitHub/ARPG_5.7/Content/TopDown/Data/S_Rusty_Wrench_wlklcjw_lod3_Var1.ubulk" 2152
"C:/Users/symig/Documents/GitHub/ARPG_5.7/Content/TopDown/Data/S_Rusty_Wrench_wlklcjw_lod3_Var1.uasset" 2153
"C:/Users/symig/Documents/GitHub/ARPG_5.7/Content/TopDown/Data/S_Rusty_Wrench_wlklcjw_lod3_Var1.uexp" 2154
"C:/Users/symig/Documents/GitHub/ARPG_5.7/Content/TopDown/Data/BossRobot/SK_Ancient_Golem_PhysicsAsset.uasset" 2155
"C:/Users/symig/Documents/GitHub/ARPG_5.7/Content/TopDown/Data/BossRobot/SK_Ancient_Golem_PhysicsAsset.uexp" 2156
"C:/Users/symig/Documents/GitHub/ARPG_5.7/Content/TopDown/Data/BossRobot/SK_Ancient_Golem_Skeleton.uasset" 2157
"C:/Users/symig/Documents/GitHub/ARPG_5.7/Content/TopDown/Data/BossRobot/SK_Ancient_Golem_Skeleton.uexp" 2158
"C:/Users/symig/Documents/GitHub/ARPG_5.7/Content/TopDown/Data/BossRobot/SK_Ancient_Golem.uasset" 2159
"C:/Users/symig/Documents/GitHub/ARPG_5.7/Content/TopDown/Data/BossRobot/SK_Ancient_Golem.uexp" 2160
"C:/Users/symig/Documents/GitHub/ARPG_5.7/Content/TopDown/Materials/M_Metal.uasset" 2161
"C:/Users/symig/Documents/GitHub/ARPG_5.7/Content/TopDown/Materials/M_Metal.uexp" 2162
"C:/Users/symig/Documents/GitHub/ARPG_5.7/Content/TopDown/Data/BossRobot/SK_Ancient_Golem_Head_Wheel_Skeleton.uasset" 2163
"C:/Users/symig/Documents/GitHub/ARPG_5.7/Content/TopDown/Data/BossRobot/SK_Ancient_Golem_Head_Wheel_Skeleton.uexp" 2164
"C:/Users/symig/Documents/GitHub/ARPG_5.7/Content/TopDown/Data/BossRobot/SK_Ancient_Golem_Head_Wheel.uasset" 2165
"C:/Users/symig/Documents/GitHub/ARPG_5.7/Content/TopDown/Data/BossRobot/SK_Ancient_Golem_Head_Wheel.uexp" 2166
"C:/Users/symig/Documents/GitHub/ARPG_5.7/Content/TopDown/Data/BossRobot/SK_Ancient_Golem_Moving_Wheels_PhysicsAsset.uasset" 2167
"C:/Users/symig/Documents/GitHub/ARPG_5.7/Content/TopDown/Data/BossRobot/SK_Ancient_Golem_Moving_Wheels_PhysicsAsset.uexp" 2168
"C:/Users/symig/Documents/GitHub/ARPG_5.7/Content/TopDown/Data/BossRobot/SK_Ancient_Golem_Moving_Wheels_Skeleton.uasset" 2169
"C:/Users/symig/Documents/GitHub/ARPG_5.7/Content/TopDown/Data/BossRobot/SK_Ancient_Golem_Moving_Wheels_Skeleton.uexp" 2170
"C:/Users/symig/Documents/GitHub/ARPG_5.7/Content/TopDown/Data/BossRobot/SK_Ancient_Golem_Moving_Wheels.uasset" 2171
"C:/Users/symig/Documents/GitHub/ARPG_5.7/Content/TopDown/Data/BossRobot/SK_Ancient_Golem_Moving_Wheels.uexp" 2172
"C:/Users/symig/Documents/GitHub/ARPG_5.7/Content/TopDown/Animations/EnemyCharacter/Bosses/BossRobot/DoubleSwingAttack.uasset" 2173
"C:/Users/symig/Documents/GitHub/ARPG_5.7/Content/TopDown/Animations/EnemyCharacter/Bosses/BossRobot/DoubleSwingAttack.uexp" 2174
"C:/Users/symig/Documents/GitHub/ARPG_5.7/Content/TopDown/Animations/EnemyCharacter/Bosses/BossRobot/Boss_DoubleSwingAttack_Montage.uasset" 2175
"C:/Users/symig/Documents/GitHub/ARPG_5.7/Content/TopDown/Animations/EnemyCharacter/Bosses/BossRobot/Boss_DoubleSwingAttack_Montage.uexp" 2176
"C:/Users/symig/Documents/GitHub/ARPG_5.7/Content/TopDown/Animations/EnemyCharacter/Bosses/BossRobot/TwoHandedSpellCast.uasset" 2177
"C:/Users/symig/Documents/GitHub/ARPG_5.7/Content/TopDown/Animations/EnemyCharacter/Bosses/BossRobot/TwoHandedSpellCast.uexp" 2178
"C:/Users/symig/Documents/GitHub/ARPG_5.7/Content/TopDown/Animations/EnemyCharacter/Bosses/BossRobot/TwoHandedSpellCast_Montage.uasset" 2179
"C:/Users/symig/Documents/GitHub/ARPG_5.7/Content/TopDown/Animations/EnemyCharacter/Bosses/BossRobot/TwoHandedSpellCast_Montage.uexp" 2180
"C:/Users/symig/Documents/GitHub/ARPG_5.7/Content/TopDown/Animations/EnemyCharacter/Bosses/BossSevarog/SpinAttack_NoRoot.uasset" 2181
"C:/Users/symig/Documents/GitHub/ARPG_5.7/Content/TopDown/Animations/EnemyCharacter/Bosses/BossSevarog/SpinAttack_NoRoot.uexp" 2182
"C:/Users/symig/Documents/GitHub/ARPG_5.7/Content/TopDown/Animations/EnemyCharacter/Bosses/BossSevarog/SpinAttack_NoRoot_Montage.uasset" 2183
"C:/Users/symig/Documents/GitHub/ARPG_5.7/Content/TopDown/Animations/EnemyCharacter/Bosses/BossSevarog/SpinAttack_NoRoot_Montage.uexp" 2184
"C:/Users/symig/Documents/GitHub/ARPG_5.7/Content/TopDown/Blueprints/EnemiesSystem/EnemyDataAssets/Cards/PDA_Deck.uasset" 2185
"C:/Users/symig/Documents/GitHub/ARPG_5.7/Content/TopDown/Blueprints/EnemiesSystem/EnemyDataAssets/Cards/PDA_Deck.uexp" 2186
"C:/Users/symig/Documents/GitHub/ARPG_5.7/Content/TopDown/Blueprints/EnemiesSystem/EnemyCardComponent.uasset" 2187
"C:/Users/symig/Documents/GitHub/ARPG_5.7/Content/TopDown/Blueprints/EnemiesSystem/EnemyCardComponent.uexp" 2188
"C:/Users/symig/Documents/GitHub/ARPG_5.7/Content/TopDown/Blueprints/EnemiesSystem/EnemyDataAssets/Cards/DA_PhysicalDeck.uasset" 2189
"C:/Users/symig/Documents/GitHub/ARPG_5.7/Content/TopDown/Blueprints/EnemiesSystem/EnemyDataAssets/Cards/DA_PhysicalDeck.uexp" 2190
"C:/Users/symig/Documents/GitHub/ARPG_5.7/Content/TopDown/Blueprints/EnemiesSystem/EnemyDataAssets/DA_BossRobot.uasset" 2191
"C:/Users/symig/Documents/GitHub/ARPG_5.7/Content/TopDown/Blueprints/EnemiesSystem/EnemyDataAssets/DA_BossRobot.uexp" 2192
"C:/Users/symig/Documents/GitHub/ARPG_5.7/Content/TopDown/Blueprints/EnemiesSystem/EnemyExplodeComponent.uasset" 2193
"C:/Users/symig/Documents/GitHub/ARPG_5.7/Content/TopDown/Blueprints/EnemiesSystem/EnemyExplodeComponent.uexp" 2194
"C:/Users/symig/Documents/GitHub/ARPG_5.7/Content/TopDown/Blueprints/EnemiesSystem/EnemyDataAssets/DA_Fanatic.uasset" 2195
"C:/Users/symig/Documents/GitHub/ARPG_5.7/Content/TopDown/Blueprints/EnemiesSystem/EnemyDataAssets/DA_Fanatic.uexp" 2196
"C:/Users/symig/Documents/GitHub/ARPG_5.7/Content/TopDown/Data/BossSevarog/Sevarog_Extents.uasset" 2197
"C:/Users/symig/Documents/GitHub/ARPG_5.7/Content/TopDown/Data/BossSevarog/Sevarog_Extents.uexp" 2198
"C:/Users/symig/Documents/GitHub/ARPG_5.7/Content/TopDown/Data/BossSevarog/Sevarog_ShadowCyl.uasset" 2199
"C:/Users/symig/Documents/GitHub/ARPG_5.7/Content/TopDown/Data/BossSevarog/Sevarog_ShadowCyl.uexp" 2200
"C:/Users/symig/Documents/GitHub/ARPG_5.7/Content/ParagonSevarog/Characters/Heroes/Sevarog/Materials/M_invis.uasset" 2201
"C:/Users/symig/Documents/GitHub/ARPG_5.7/Content/ParagonSevarog/Characters/Heroes/Sevarog/Materials/M_invis.uexp" 2202
"../../../Engine/Content/Functions/Engine_MaterialFunctions02/Utility/DitherTemporalAA.uasset" 2203
"../../../Engine/Content/Functions/Engine_MaterialFunctions02/Utility/DitherTemporalAA.uexp" 2204
"../../../Engine/Content/EngineMaterials/DefaultNormal.ubulk" 2205
"../../../Engine/Content/EngineMaterials/DefaultNormal.uasset" 2206
"../../../Engine/Content/EngineMaterials/DefaultNormal.uexp" 2207
"../../../Engine/Content/Functions/Engine_MaterialFunctions01/Gradient/LinearGradient.uasset" 2208
"../../../Engine/Content/Functions/Engine_MaterialFunctions01/Gradient/LinearGradient.uexp" 2209
"../../../Engine/Content/Functions/Engine_MaterialFunctions01/ImageAdjustment/CheapContrast.uasset" 2210
"../../../Engine/Content/Functions/Engine_MaterialFunctions01/ImageAdjustment/CheapContrast.uexp" 2211
"../../../Engine/Content/Functions/Engine_MaterialFunctions01/Texturing/WorldAlignedTexture.uasset" 2212
"../../../Engine/Content/Functions/Engine_MaterialFunctions01/Texturing/WorldAlignedTexture.uexp" 2213
"../../../Engine/Content/Functions/MaterialLayerFunctions/MatLayerBlend_OverrideBaseColor.uasset" 2214
"../../../Engine/Content/Functions/MaterialLayerFunctions/MatLayerBlend_OverrideBaseColor.uexp" 2215
"../../../Engine/Content/Functions/MaterialLayerFunctions/MatLayerBlend_BreakBaseColor.uasset" 2216
"../../../Engine/Content/Functions/MaterialLayerFunctions/MatLayerBlend_BreakBaseColor.uexp" 2217
"../../../Engine/Content/Functions/MaterialLayerFunctions/MatLayerBlend_Emissive.uasset" 2218
"../../../Engine/Content/Functions/MaterialLayerFunctions/MatLayerBlend_Emissive.uexp" 2219
"../../../Engine/Content/Functions/MaterialLayerFunctions/MatLayerBlend_ModulateRoughness.uasset" 2220
"../../../Engine/Content/Functions/MaterialLayerFunctions/MatLayerBlend_ModulateRoughness.uexp" 2221
"../../../Engine/Content/Functions/MaterialLayerFunctions/MatLayerBlend_Tint.uasset" 2222
"../../../Engine/Content/Functions/MaterialLayerFunctions/MatLayerBlend_Tint.uexp" 2223
"C:/Users/symig/Documents/GitHub/ARPG_5.7/Content/TopDown/Textures/T_Sevarog_Belt_Chainmall_Hammer_Mask1.ubulk" 2224
"C:/Users/symig/Documents/GitHub/ARPG_5.7/Content/TopDown/Textures/T_Sevarog_Belt_Chainmall_Hammer_Mask1.uasset" 2225
"C:/Users/symig/Documents/GitHub/ARPG_5.7/Content/TopDown/Textures/T_Sevarog_Belt_Chainmall_Hammer_Mask1.uexp" 2226
"C:/Users/symig/Documents/GitHub/ARPG_5.7/Content/TopDown/Textures/T_Sevarog_Belt_Chainmall_Hammer_N.ubulk" 2227
"C:/Users/symig/Documents/GitHub/ARPG_5.7/Content/TopDown/Textures/T_Sevarog_Belt_Chainmall_Hammer_N.uasset" 2228
"C:/Users/symig/Documents/GitHub/ARPG_5.7/Content/TopDown/Textures/T_Sevarog_Belt_Chainmall_Hammer_N.uexp" 2229
"C:/Users/symig/Documents/GitHub/ARPG_5.7/Content/TopDown/Textures/T_Sevarog_Belt_Chainmall_Hammer_RGB.ubulk" 2230
"C:/Users/symig/Documents/GitHub/ARPG_5.7/Content/TopDown/Textures/T_Sevarog_Belt_Chainmall_Hammer_RGB.uasset" 2231
"C:/Users/symig/Documents/GitHub/ARPG_5.7/Content/TopDown/Textures/T_Sevarog_Belt_Chainmall_Hammer_RGB.uexp" 2232
"../../../Engine/Content/Functions/Engine_MaterialFunctions01/Shading/MetallicShading.uasset" 2233
"../../../Engine/Content/Functions/Engine_MaterialFunctions01/Shading/MetallicShading.uexp" 2234
"../../../Engine/Content/Functions/Engine_MaterialFunctions03/Blends/Lerp_ScratchGrime.uasset" 2235
"../../../Engine/Content/Functions/Engine_MaterialFunctions03/Blends/Lerp_ScratchGrime.uexp" 2236
"C:/Users/symig/Documents/GitHub/ARPG_5.7/Content/ParagonSevarog/Characters/Global/T_Black_Linear.uasset" 2237
"C:/Users/symig/Documents/GitHub/ARPG_5.7/Content/ParagonSevarog/Characters/Global/T_Black_Linear.uexp" 2238
"C:/Users/symig/Documents/GitHub/ARPG_5.7/Content/ParagonSevarog/Characters/Global/MaterialFunctions/MF_BrightnessAdjust.uasset" 2239
"C:/Users/symig/Documents/GitHub/ARPG_5.7/Content/ParagonSevarog/Characters/Global/MaterialFunctions/MF_BrightnessAdjust.uexp" 2240
"C:/Users/symig/Documents/GitHub/ARPG_5.7/Content/ParagonSevarog/Characters/Global/MaterialFunctions/Textures/T_AtmosphericCloudNoise01.ubulk" 2241
"C:/Users/symig/Documents/GitHub/ARPG_5.7/Content/ParagonSevarog/Characters/Global/MaterialFunctions/Textures/T_AtmosphericCloudNoise01.uasset" 2242
"C:/Users/symig/Documents/GitHub/ARPG_5.7/Content/ParagonSevarog/Characters/Global/MaterialFunctions/Textures/T_AtmosphericCloudNoise01.uexp" 2243
"C:/Users/symig/Documents/GitHub/ARPG_5.7/Content/ParagonSevarog/Characters/Global/MaterialFunctions/Textures/T_AtmosphericCloudNoise01_N.ubulk" 2244
"C:/Users/symig/Documents/GitHub/ARPG_5.7/Content/ParagonSevarog/Characters/Global/MaterialFunctions/Textures/T_AtmosphericCloudNoise01_N.uasset" 2245
"C:/Users/symig/Documents/GitHub/ARPG_5.7/Content/ParagonSevarog/Characters/Global/MaterialFunctions/Textures/T_AtmosphericCloudNoise01_N.uexp" 2246
"C:/Users/symig/Documents/GitHub/ARPG_5.7/Content/ParagonSevarog/Characters/Global/MaterialFunctions/Textures/T_AtmosphericCloudNoise03.ubulk" 2247
"C:/Users/symig/Documents/GitHub/ARPG_5.7/Content/ParagonSevarog/Characters/Global/MaterialFunctions/Textures/T_AtmosphericCloudNoise03.uasset" 2248
"C:/Users/symig/Documents/GitHub/ARPG_5.7/Content/ParagonSevarog/Characters/Global/MaterialFunctions/Textures/T_AtmosphericCloudNoise03.uexp" 2249
"C:/Users/symig/Documents/GitHub/ARPG_5.7/Content/ParagonSevarog/Characters/Global/MaterialFunctions/MF_DeathFade.uasset" 2250
"C:/Users/symig/Documents/GitHub/ARPG_5.7/Content/ParagonSevarog/Characters/Global/MaterialFunctions/MF_DeathFade.uexp" 2251
"C:/Users/symig/Documents/GitHub/ARPG_5.7/Content/ParagonSevarog/Characters/Global/MaterialLayers/T_TestML_Mask.ubulk" 2252
"C:/Users/symig/Documents/GitHub/ARPG_5.7/Content/ParagonSevarog/Characters/Global/MaterialLayers/T_TestML_Mask.uasset" 2253
"C:/Users/symig/Documents/GitHub/ARPG_5.7/Content/ParagonSevarog/Characters/Global/MaterialLayers/T_TestML_Mask.uexp" 2254
"C:/Users/symig/Documents/GitHub/ARPG_5.7/Content/ParagonSevarog/Characters/Global/MaterialLayers/ML_Blank.uasset" 2255
"C:/Users/symig/Documents/GitHub/ARPG_5.7/Content/ParagonSevarog/Characters/Global/MaterialLayers/ML_Blank.uexp" 2256
"C:/Users/symig/Documents/GitHub/ARPG_5.7/Content/ParagonSevarog/Characters/Global/ParameterCollections/OrionGlobalGameplayCollection.uasset" 2257
"C:/Users/symig/Documents/GitHub/ARPG_5.7/Content/ParagonSevarog/Characters/Global/ParameterCollections/OrionGlobalGameplayCollection.uexp" 2258
"C:/Users/symig/Documents/GitHub/ARPG_5.7/Content/ParagonSevarog/Characters/Global/MaterialFunctions/MF_HitFlash.uasset" 2259
"C:/Users/symig/Documents/GitHub/ARPG_5.7/Content/ParagonSevarog/Characters/Global/MaterialFunctions/MF_HitFlash.uexp" 2260
"C:/Users/symig/Documents/GitHub/ARPG_5.7/Content/ParagonSevarog/Characters/Global/MaterialFunctions/MaterialLayerConstructors/MLC_ScratchAndGrime.uasset" 2261
"C:/Users/symig/Documents/GitHub/ARPG_5.7/Content/ParagonSevarog/Characters/Global/MaterialFunctions/MaterialLayerConstructors/MLC_ScratchAndGrime.uexp" 2262
"C:/Users/symig/Documents/GitHub/ARPG_5.7/Content/ParagonSevarog/Characters/Global/MaterialFunctions/MaterialLayerConstructors/MLC_Standard.uasset" 2263
"C:/Users/symig/Documents/GitHub/ARPG_5.7/Content/ParagonSevarog/Characters/Global/MaterialFunctions/MaterialLayerConstructors/MLC_Standard.uexp" 2264
"C:/Users/symig/Documents/GitHub/ARPG_5.7/Content/ParagonSevarog/Characters/Global/MaterialLayers/Metal/T_Blue_Metal02.ubulk" 2265
"C:/Users/symig/Documents/GitHub/ARPG_5.7/Content/ParagonSevarog/Characters/Global/MaterialLayers/Metal/T_Blue_Metal02.uasset" 2266
"C:/Users/symig/Documents/GitHub/ARPG_5.7/Content/ParagonSevarog/Characters/Global/MaterialLayers/Metal/T_Blue_Metal02.uexp" 2267
"C:/Users/symig/Documents/GitHub/ARPG_5.7/Content/ParagonSevarog/Characters/Global/MaterialLayers/Rubber/T_Blank_N.uasset" 2268
"C:/Users/symig/Documents/GitHub/ARPG_5.7/Content/ParagonSevarog/Characters/Global/MaterialLayers/Rubber/T_Blank_N.uexp" 2269
"C:/Users/symig/Documents/GitHub/ARPG_5.7/Content/ParagonSevarog/Characters/Global/MaterialLayers/Metal/ML_blue_Metal.uasset" 2270
"C:/Users/symig/Documents/GitHub/ARPG_5.7/Content/ParagonSevarog/Characters/Global/MaterialLayers/Metal/ML_blue_Metal.uexp" 2271
"C:/Users/symig/Documents/GitHub/ARPG_5.7/Content/ParagonSevarog/Characters/Global/MaterialFunctions/MF_OrionRimlight.uasset" 2272
"C:/Users/symig/Documents/GitHub/ARPG_5.7/Content/ParagonSevarog/Characters/Global/MaterialFunctions/MF_OrionRimlight.uexp" 2273
"C:/Users/symig/Documents/GitHub/ARPG_5.7/Content/ParagonSevarog/Characters/Global/MaterialFunctions/MF_CharacterEffects.uasset" 2274
"C:/Users/symig/Documents/GitHub/ARPG_5.7/Content/ParagonSevarog/Characters/Global/MaterialFunctions/MF_CharacterEffects.uexp" 2275
"C:/Users/symig/Documents/GitHub/ARPG_5.7/Content/ParagonSevarog/Characters/Global/MaterialFunctions/MF_OrionCharacterAO.uasset" 2276
"C:/Users/symig/Documents/GitHub/ARPG_5.7/Content/ParagonSevarog/Characters/Global/MaterialFunctions/MF_OrionCharacterAO.uexp" 2277
"C:/Users/symig/Documents/GitHub/ARPG_5.7/Content/ParagonSevarog/Characters/Global/MaterialFunctions/MaterialLayerConstructors/MF_BaseColorTintAndContrast.uasset" 2278
"C:/Users/symig/Documents/GitHub/ARPG_5.7/Content/ParagonSevarog/Characters/Global/MaterialFunctions/MaterialLayerConstructors/MF_BaseColorTintAndContrast.uexp" 2279
"C:/Users/symig/Documents/GitHub/ARPG_5.7/Content/ParagonSevarog/Characters/Global/MaterialFunctions/MaterialLayerConstructors/MF_RoughnessAdjustment.uasset" 2280
"C:/Users/symig/Documents/GitHub/ARPG_5.7/Content/ParagonSevarog/Characters/Global/MaterialFunctions/MaterialLayerConstructors/MF_RoughnessAdjustment.uexp" 2281
"C:/Users/symig/Documents/GitHub/ARPG_5.7/Content/ParagonSevarog/Characters/Heroes/Sevarog/Textures/T_UnpleasentGrime_D.ubulk" 2282
"C:/Users/symig/Documents/GitHub/ARPG_5.7/Content/ParagonSevarog/Characters/Heroes/Sevarog/Textures/T_UnpleasentGrime_D.uasset" 2283
"C:/Users/symig/Documents/GitHub/ARPG_5.7/Content/ParagonSevarog/Characters/Heroes/Sevarog/Textures/T_UnpleasentGrime_D.uexp" 2284
"C:/Users/symig/Documents/GitHub/ARPG_5.7/Content/ParagonSevarog/Characters/Global/MaterialLayers/Leather/T_Dark_Leather_N.ubulk" 2285
"C:/Users/symig/Documents/GitHub/ARPG_5.7/Content/ParagonSevarog/Characters/Global/MaterialLayers/Leather/T_Dark_Leather_N.uasset" 2286
"C:/Users/symig/Documents/GitHub/ARPG_5.7/Content/ParagonSevarog/Characters/Global/MaterialLayers/Leather/T_Dark_Leather_N.uexp" 2287
"C:/Users/symig/Documents/GitHub/ARPG_5.7/Content/ParagonSevarog/Characters/Global/MaterialLayers/Leather/T_Dark_Leather.ubulk" 2288
"C:/Users/symig/Documents/GitHub/ARPG_5.7/Content/ParagonSevarog/Characters/Global/MaterialLayers/Leather/T_Dark_Leather.uasset" 2289
"C:/Users/symig/Documents/GitHub/ARPG_5.7/Content/ParagonSevarog/Characters/Global/MaterialLayers/Leather/T_Dark_Leather.uexp" 2290
"C:/Users/symig/Documents/GitHub/ARPG_5.7/Content/ParagonSevarog/Characters/Global/MaterialLayers/Leather/ML_Dark_Leather01_Stained.uasset" 2291
"C:/Users/symig/Documents/GitHub/ARPG_5.7/Content/ParagonSevarog/Characters/Global/MaterialLayers/Leather/ML_Dark_Leather01_Stained.uexp" 2292
"C:/Users/symig/Documents/GitHub/ARPG_5.7/Content/ParagonSevarog/Characters/Global/MaterialLayers/Metal/T_Rust01_N.ubulk" 2293
"C:/Users/symig/Documents/GitHub/ARPG_5.7/Content/ParagonSevarog/Characters/Global/MaterialLayers/Metal/T_Rust01_N.uasset" 2294
"C:/Users/symig/Documents/GitHub/ARPG_5.7/Content/ParagonSevarog/Characters/Global/MaterialLayers/Metal/T_Rust01_N.uexp" 2295
"C:/Users/symig/Documents/GitHub/ARPG_5.7/Content/ParagonSevarog/Characters/Global/MaterialLayers/Metal/T_Rust01.ubulk" 2296
"C:/Users/symig/Documents/GitHub/ARPG_5.7/Content/ParagonSevarog/Characters/Global/MaterialLayers/Metal/T_Rust01.uasset" 2297
"C:/Users/symig/Documents/GitHub/ARPG_5.7/Content/ParagonSevarog/Characters/Global/MaterialLayers/Metal/T_Rust01.uexp" 2298
"C:/Users/symig/Documents/GitHub/ARPG_5.7/Content/ParagonSevarog/Characters/Global/MaterialLayers/Metal/ML_Rust01.uasset" 2299
"C:/Users/symig/Documents/GitHub/ARPG_5.7/Content/ParagonSevarog/Characters/Global/MaterialLayers/Metal/ML_Rust01.uexp" 2300
"C:/Users/symig/Documents/GitHub/ARPG_5.7/Content/ParagonSevarog/Characters/Global/MaterialLayers/Metal/T_RoughMetal01_N.ubulk" 2301
"C:/Users/symig/Documents/GitHub/ARPG_5.7/Content/ParagonSevarog/Characters/Global/MaterialLayers/Metal/T_RoughMetal01_N.uasset" 2302
"C:/Users/symig/Documents/GitHub/ARPG_5.7/Content/ParagonSevarog/Characters/Global/MaterialLayers/Metal/T_RoughMetal01_N.uexp" 2303
"C:/Users/symig/Documents/GitHub/ARPG_5.7/Content/ParagonSevarog/Characters/Global/MaterialLayers/Metal/T_RoughMetal01.ubulk" 2304
"C:/Users/symig/Documents/GitHub/ARPG_5.7/Content/ParagonSevarog/Characters/Global/MaterialLayers/Metal/T_RoughMetal01.uasset" 2305
"C:/Users/symig/Documents/GitHub/ARPG_5.7/Content/ParagonSevarog/Characters/Global/MaterialLayers/Metal/T_RoughMetal01.uexp" 2306
"C:/Users/symig/Documents/GitHub/ARPG_5.7/Content/ParagonSevarog/Characters/Global/MaterialLayers/Metal/ML_Steel.uasset" 2307
"C:/Users/symig/Documents/GitHub/ARPG_5.7/Content/ParagonSevarog/Characters/Global/MaterialLayers/Metal/ML_Steel.uexp" 2308
"C:/Users/symig/Documents/GitHub/ARPG_5.7/Content/ParagonSevarog/Characters/Global/MaterialLayers/Rock/T_MarbleVein_D.ubulk" 2309
"C:/Users/symig/Documents/GitHub/ARPG_5.7/Content/ParagonSevarog/Characters/Global/MaterialLayers/Rock/T_MarbleVein_D.uasset" 2310
"C:/Users/symig/Documents/GitHub/ARPG_5.7/Content/ParagonSevarog/Characters/Global/MaterialLayers/Rock/T_MarbleVein_D.uexp" 2311
"C:/Users/symig/Documents/GitHub/ARPG_5.7/Content/ParagonSevarog/Characters/Global/MaterialLayers/Rock/T_Metal_Scratched.ubulk" 2312
"C:/Users/symig/Documents/GitHub/ARPG_5.7/Content/ParagonSevarog/Characters/Global/MaterialLayers/Rock/T_Metal_Scratched.uasset" 2313
"C:/Users/symig/Documents/GitHub/ARPG_5.7/Content/ParagonSevarog/Characters/Global/MaterialLayers/Rock/T_Metal_Scratched.uexp" 2314
"C:/Users/symig/Documents/GitHub/ARPG_5.7/Content/ParagonSevarog/Characters/Global/FX/Textures/Masks/T_simple_circle_mask.ubulk" 2315
"C:/Users/symig/Documents/GitHub/ARPG_5.7/Content/ParagonSevarog/Characters/Global/FX/Textures/Masks/T_simple_circle_mask.uasset" 2316
"C:/Users/symig/Documents/GitHub/ARPG_5.7/Content/ParagonSevarog/Characters/Global/FX/Textures/Masks/T_simple_circle_mask.uexp" 2317
"C:/Users/symig/Documents/GitHub/ARPG_5.7/Content/ParagonSevarog/Characters/Global/FX/Materials/Functions/MF_DitheredBumpOffsetSample.uasset" 2318
"C:/Users/symig/Documents/GitHub/ARPG_5.7/Content/ParagonSevarog/Characters/Global/FX/Materials/Functions/MF_DitheredBumpOffsetSample.uexp" 2319
"C:/Users/symig/Documents/GitHub/ARPG_5.7/Content/ParagonSevarog/Characters/Global/FX/Materials/Functions/MF_FuzzyBumpOffset.uasset" 2320
"C:/Users/symig/Documents/GitHub/ARPG_5.7/Content/ParagonSevarog/Characters/Global/FX/Materials/Functions/MF_FuzzyBumpOffset.uexp" 2321
"C:/Users/symig/Documents/GitHub/ARPG_5.7/Content/ParagonSevarog/Characters/Global/MaterialLayers/Rock/MF_ObsidionCracked.uasset" 2322
"C:/Users/symig/Documents/GitHub/ARPG_5.7/Content/ParagonSevarog/Characters/Global/MaterialLayers/Rock/MF_ObsidionCracked.uexp" 2323
"C:/Users/symig/Documents/GitHub/ARPG_5.7/Content/ParagonSevarog/Characters/Global/MaterialLayers/Rock/T_Weathered__Detail001_Mask.ubulk" 2324
"C:/Users/symig/Documents/GitHub/ARPG_5.7/Content/ParagonSevarog/Characters/Global/MaterialLayers/Rock/T_Weathered__Detail001_Mask.uasset" 2325
"C:/Users/symig/Documents/GitHub/ARPG_5.7/Content/ParagonSevarog/Characters/Global/MaterialLayers/Rock/T_Weathered__Detail001_Mask.uexp" 2326
"C:/Users/symig/Documents/GitHub/ARPG_5.7/Content/ParagonSevarog/Characters/Heroes/Sevarog/Materials/M_Sevarog_Hammer_01.uasset" 2327
"C:/Users/symig/Documents/GitHub/ARPG_5.7/Content/ParagonSevarog/Characters/Heroes/Sevarog/Materials/M_Sevarog_Hammer_01.uexp" 2328
"../../../Engine/Content/EngineMaterials/BlendFunc_DefBase.uasset" 2329
"../../../Engine/Content/EngineMaterials/BlendFunc_DefBase.uexp" 2330
"../../../Engine/Content/EngineMaterials/BlendFunc_DefBlend.uasset" 2331
"../../../Engine/Content/EngineMaterials/BlendFunc_DefBlend.uexp" 2332
"../../../Engine/Content/Functions/Engine_MaterialFunctions03/Blends/Blend_Overlay.uasset" 2333
"../../../Engine/Content/Functions/Engine_MaterialFunctions03/Blends/Blend_Overlay.uexp" 2334
"C:/Users/symig/Documents/GitHub/ARPG_5.7/Content/TopDown/Textures/T_Sevarog_Torso_Mask.ubulk" 2335
"C:/Users/symig/Documents/GitHub/ARPG_5.7/Content/TopDown/Textures/T_Sevarog_Torso_Mask.uasset" 2336
"C:/Users/symig/Documents/GitHub/ARPG_5.7/Content/TopDown/Textures/T_Sevarog_Torso_Mask.uexp" 2337
"C:/Users/symig/Documents/GitHub/ARPG_5.7/Content/TopDown/Textures/T_Sevarog_Torso_Mask1.ubulk" 2338
"C:/Users/symig/Documents/GitHub/ARPG_5.7/Content/TopDown/Textures/T_Sevarog_Torso_Mask1.uasset" 2339
"C:/Users/symig/Documents/GitHub/ARPG_5.7/Content/TopDown/Textures/T_Sevarog_Torso_Mask1.uexp" 2340
"C:/Users/symig/Documents/GitHub/ARPG_5.7/Content/TopDown/Textures/T_Sevarog_Torso_N.ubulk" 2341
"C:/Users/symig/Documents/GitHub/ARPG_5.7/Content/TopDown/Textures/T_Sevarog_Torso_N.uasset" 2342
"C:/Users/symig/Documents/GitHub/ARPG_5.7/Content/TopDown/Textures/T_Sevarog_Torso_N.uexp" 2343
"C:/Users/symig/Documents/GitHub/ARPG_5.7/Content/TopDown/Textures/T_Sevarog_Torso_RGB.ubulk" 2344
"C:/Users/symig/Documents/GitHub/ARPG_5.7/Content/TopDown/Textures/T_Sevarog_Torso_RGB.uasset" 2345
"C:/Users/symig/Documents/GitHub/ARPG_5.7/Content/TopDown/Textures/T_Sevarog_Torso_RGB.uexp" 2346
"../../../Engine/Content/Functions/Engine_MaterialFunctions03/Blends/Blend_SoftLight.uasset" 2347
"../../../Engine/Content/Functions/Engine_MaterialFunctions03/Blends/Blend_SoftLight.uexp" 2348
"C:/Users/symig/Documents/GitHub/ARPG_5.7/Content/ParagonSevarog/Characters/Heroes/Sevarog/Textures/T_OldWeave_COLOR.ubulk" 2349
"C:/Users/symig/Documents/GitHub/ARPG_5.7/Content/ParagonSevarog/Characters/Heroes/Sevarog/Textures/T_OldWeave_COLOR.uasset" 2350
"C:/Users/symig/Documents/GitHub/ARPG_5.7/Content/ParagonSevarog/Characters/Heroes/Sevarog/Textures/T_OldWeave_COLOR.uexp" 2351
"C:/Users/symig/Documents/GitHub/ARPG_5.7/Content/ParagonSevarog/Characters/Heroes/Sevarog/Textures/T_OldWeave_NRM.ubulk" 2352
"C:/Users/symig/Documents/GitHub/ARPG_5.7/Content/ParagonSevarog/Characters/Heroes/Sevarog/Textures/T_OldWeave_NRM.uasset" 2353
"C:/Users/symig/Documents/GitHub/ARPG_5.7/Content/ParagonSevarog/Characters/Heroes/Sevarog/Textures/T_OldWeave_NRM.uexp" 2354
"C:/Users/symig/Documents/GitHub/ARPG_5.7/Content/ParagonSevarog/Characters/Global/MaterialLayers/Fabric/ML_HeavyPatternedFabric2.uasset" 2355
"C:/Users/symig/Documents/GitHub/ARPG_5.7/Content/ParagonSevarog/Characters/Global/MaterialLayers/Fabric/ML_HeavyPatternedFabric2.uexp" 2356
"C:/Users/symig/Documents/GitHub/ARPG_5.7/Content/ParagonSevarog/Characters/Global/MaterialLayers/Leather/T_Worn_Under_Leather.ubulk" 2357
"C:/Users/symig/Documents/GitHub/ARPG_5.7/Content/ParagonSevarog/Characters/Global/MaterialLayers/Leather/T_Worn_Under_Leather.uasset" 2358
"C:/Users/symig/Documents/GitHub/ARPG_5.7/Content/ParagonSevarog/Characters/Global/MaterialLayers/Leather/T_Worn_Under_Leather.uexp" 2359
"C:/Users/symig/Documents/GitHub/ARPG_5.7/Content/ParagonSevarog/Characters/Global/MaterialLayers/Leather/ML_Worn_Under_Leather.uasset" 2360
"C:/Users/symig/Documents/GitHub/ARPG_5.7/Content/ParagonSevarog/Characters/Global/MaterialLayers/Leather/ML_Worn_Under_Leather.uexp" 2361
"C:/Users/symig/Documents/GitHub/ARPG_5.7/Content/ParagonSevarog/Characters/Heroes/Sevarog/Textures/T_Smoke_01.ubulk" 2362
"C:/Users/symig/Documents/GitHub/ARPG_5.7/Content/ParagonSevarog/Characters/Heroes/Sevarog/Textures/T_Smoke_01.uasset" 2363
"C:/Users/symig/Documents/GitHub/ARPG_5.7/Content/ParagonSevarog/Characters/Heroes/Sevarog/Textures/T_Smoke_01.uexp" 2364
"C:/Users/symig/Documents/GitHub/ARPG_5.7/Content/ParagonSevarog/Characters/Global/FX/Textures/Masks/T_spiritplane_arcs.ubulk" 2365
"C:/Users/symig/Documents/GitHub/ARPG_5.7/Content/ParagonSevarog/Characters/Global/FX/Textures/Masks/T_spiritplane_arcs.uasset" 2366
"C:/Users/symig/Documents/GitHub/ARPG_5.7/Content/ParagonSevarog/Characters/Global/FX/Textures/Masks/T_spiritplane_arcs.uexp" 2367
"C:/Users/symig/Documents/GitHub/ARPG_5.7/Content/ParagonSevarog/Characters/Global/FX/Textures/Tile/Cloud/T_filter_clouds.ubulk" 2368
"C:/Users/symig/Documents/GitHub/ARPG_5.7/Content/ParagonSevarog/Characters/Global/FX/Textures/Tile/Cloud/T_filter_clouds.uasset" 2369
"C:/Users/symig/Documents/GitHub/ARPG_5.7/Content/ParagonSevarog/Characters/Global/FX/Textures/Tile/Cloud/T_filter_clouds.uexp" 2370
"C:/Users/symig/Documents/GitHub/ARPG_5.7/Content/ParagonSevarog/Characters/Heroes/Sevarog/Materials/MF_Sevarog_Glow.uasset" 2371
"C:/Users/symig/Documents/GitHub/ARPG_5.7/Content/ParagonSevarog/Characters/Heroes/Sevarog/Materials/MF_Sevarog_Glow.uexp" 2372
"C:/Users/symig/Documents/GitHub/ARPG_5.7/Content/ParagonSevarog/Characters/Heroes/Sevarog/Materials/M_Sevarog_Torso.uasset" 2373
"C:/Users/symig/Documents/GitHub/ARPG_5.7/Content/ParagonSevarog/Characters/Heroes/Sevarog/Materials/M_Sevarog_Torso.uexp" 2374
"C:/Users/symig/Documents/GitHub/ARPG_5.7/Content/TopDown/Data/BossSevarog/Sevarog.uasset" 2375
"C:/Users/symig/Documents/GitHub/ARPG_5.7/Content/TopDown/Data/BossSevarog/Sevarog.uexp" 2376
"C:/Users/symig/Documents/GitHub/ARPG_5.7/Content/ParagonSevarog/Characters/Heroes/Sevarog/Animations/Cast.uasset" 2377
"C:/Users/symig/Documents/GitHub/ARPG_5.7/Content/ParagonSevarog/Characters/Heroes/Sevarog/Animations/Cast.uexp" 2378
"C:/Users/symig/Documents/GitHub/ARPG_5.7/Content/TopDown/Animations/EnemyCharacter/Bosses/BossSevarog/Cast_Montage.uasset" 2379
"C:/Users/symig/Documents/GitHub/ARPG_5.7/Content/TopDown/Animations/EnemyCharacter/Bosses/BossSevarog/Cast_Montage.uexp" 2380
"C:/Users/symig/Documents/GitHub/ARPG_5.7/Content/ParagonSevarog/Characters/Heroes/Sevarog/Animations/Swing1_Medium.uasset" 2381
"C:/Users/symig/Documents/GitHub/ARPG_5.7/Content/ParagonSevarog/Characters/Heroes/Sevarog/Animations/Swing1_Medium.uexp" 2382
"C:/Users/symig/Documents/GitHub/ARPG_5.7/Content/TopDown/Animations/EnemyCharacter/Bosses/BossSevarog/Swing1_Medium_Montage.uasset" 2383
"C:/Users/symig/Documents/GitHub/ARPG_5.7/Content/TopDown/Animations/EnemyCharacter/Bosses/BossSevarog/Swing1_Medium_Montage.uexp" 2384
"C:/Users/symig/Documents/GitHub/ARPG_5.7/Content/TopDown/Blueprints/EnemiesSystem/EnemyDataAssets/Cards/DA_FireDeck.uasset" 2385
"C:/Users/symig/Documents/GitHub/ARPG_5.7/Content/TopDown/Blueprints/EnemiesSystem/EnemyDataAssets/Cards/DA_FireDeck.uexp" 2386
"C:/Users/symig/Documents/GitHub/ARPG_5.7/Content/TopDown/Blueprints/EnemiesSystem/EnemyDataAssets/Other/PDA_BossAbility.uasset" 2387
"C:/Users/symig/Documents/GitHub/ARPG_5.7/Content/TopDown/Blueprints/EnemiesSystem/EnemyDataAssets/Other/PDA_BossAbility.uexp" 2388
"C:/Users/symig/Documents/GitHub/ARPG_5.7/Content/TopDown/Blueprints/EnemiesSystem/EnemyDataAssets/Other/DA_BossCircleEvent.uasset" 2389
"C:/Users/symig/Documents/GitHub/ARPG_5.7/Content/TopDown/Blueprints/EnemiesSystem/EnemyDataAssets/Other/DA_BossCircleEvent.uexp" 2390
"C:/Users/symig/Documents/GitHub/ARPG_5.7/Content/TopDown/Blueprints/EnemiesSystem/EnemyDataAssets/DA_Sevarog.uasset" 2391
"C:/Users/symig/Documents/GitHub/ARPG_5.7/Content/TopDown/Blueprints/EnemiesSystem/EnemyDataAssets/DA_Sevarog.uexp" 2392
"C:/Users/symig/Documents/GitHub/ARPG_5.7/Content/CityofBrass_Enemies/Textures/Melee_Clothes_low_Corpse_Melee_D.ubulk" 2393
"C:/Users/symig/Documents/GitHub/ARPG_5.7/Content/CityofBrass_Enemies/Textures/Melee_Clothes_low_Corpse_Melee_D.uasset" 2394
"C:/Users/symig/Documents/GitHub/ARPG_5.7/Content/CityofBrass_Enemies/Textures/Melee_Clothes_low_Corpse_Melee_D.uexp" 2395
"C:/Users/symig/Documents/GitHub/ARPG_5.7/Content/CityofBrass_Enemies/Textures/Melee_Clothes_low_Corpse_Melee_M.ubulk" 2396
"C:/Users/symig/Documents/GitHub/ARPG_5.7/Content/CityofBrass_Enemies/Textures/Melee_Clothes_low_Corpse_Melee_M.uasset" 2397
"C:/Users/symig/Documents/GitHub/ARPG_5.7/Content/CityofBrass_Enemies/Textures/Melee_Clothes_low_Corpse_Melee_M.uexp" 2398
"C:/Users/symig/Documents/GitHub/ARPG_5.7/Content/CityofBrass_Enemies/Textures/Melee_Clothes_low_Corpse_Melee_Normal.ubulk" 2399
"C:/Users/symig/Documents/GitHub/ARPG_5.7/Content/CityofBrass_Enemies/Textures/Melee_Clothes_low_Corpse_Melee_Normal.uasset" 2400
"C:/Users/symig/Documents/GitHub/ARPG_5.7/Content/CityofBrass_Enemies/Textures/Melee_Clothes_low_Corpse_Melee_Normal.uexp" 2401
"C:/Users/symig/Documents/GitHub/ARPG_5.7/Content/CityofBrass_Enemies/Materials/Corpse_Melee_Dress_Inst.uasset" 2402
"C:/Users/symig/Documents/GitHub/ARPG_5.7/Content/CityofBrass_Enemies/Materials/Corpse_Melee_Dress_Inst.uexp" 2403
"C:/Users/symig/Documents/GitHub/ARPG_5.7/Content/CityofBrass_Enemies/Meshes/Enemy/Corpse_Melee/Corpse_Melee_PhysicsAsset.uasset" 2404
"C:/Users/symig/Documents/GitHub/ARPG_5.7/Content/CityofBrass_Enemies/Meshes/Enemy/Corpse_Melee/Corpse_Melee_PhysicsAsset.uexp" 2405
"C:/Users/symig/Documents/GitHub/ARPG_5.7/Content/CityofBrass_Enemies/Meshes/Enemy/Corpse_Melee/Corpse_Melee.uasset" 2406
"C:/Users/symig/Documents/GitHub/ARPG_5.7/Content/CityofBrass_Enemies/Meshes/Enemy/Corpse_Melee/Corpse_Melee.uexp" 2407
"C:/Users/symig/Documents/GitHub/ARPG_5.7/Content/TopDown/Animations/EnemyCharacter/Corpse/Corpse_Alert_Attack_Basic01.uasset" 2408
"C:/Users/symig/Documents/GitHub/ARPG_5.7/Content/TopDown/Animations/EnemyCharacter/Corpse/Corpse_Alert_Attack_Basic01.uexp" 2409
"C:/Users/symig/Documents/GitHub/ARPG_5.7/Content/TopDown/Animations/EnemyCharacter/Corpse/Corpse_Attack_Cast.uasset" 2410
"C:/Users/symig/Documents/GitHub/ARPG_5.7/Content/TopDown/Animations/EnemyCharacter/Corpse/Corpse_Attack_Cast.uexp" 2411
"C:/Users/symig/Documents/GitHub/ARPG_5.7/Content/TopDown/Animations/EnemyCharacter/Corpse/Corpse_Alert_Attack_Fast.uasset" 2412
"C:/Users/symig/Documents/GitHub/ARPG_5.7/Content/TopDown/Animations/EnemyCharacter/Corpse/Corpse_Alert_Attack_Fast.uexp" 2413
"C:/Users/symig/Documents/GitHub/ARPG_5.7/Content/TopDown/Animations/EnemyCharacter/Corpse/Corpse_Attack_Melee.uasset" 2414
"C:/Users/symig/Documents/GitHub/ARPG_5.7/Content/TopDown/Animations/EnemyCharacter/Corpse/Corpse_Attack_Melee.uexp" 2415
"C:/Users/symig/Documents/GitHub/ARPG_5.7/Content/TopDown/Blueprints/EnemiesSystem/EnemyDataAssets/DA_SkeletalMage.uasset" 2416
"C:/Users/symig/Documents/GitHub/ARPG_5.7/Content/TopDown/Blueprints/EnemiesSystem/EnemyDataAssets/DA_SkeletalMage.uexp" 2417
"C:/Users/symig/Documents/GitHub/ARPG_5.7/Content/TopDown/Data/SM_Medieval_Weapons_Panzerbrecher.ubulk" 2418
"C:/Users/symig/Documents/GitHub/ARPG_5.7/Content/TopDown/Data/SM_Medieval_Weapons_Panzerbrecher.uasset" 2419
"C:/Users/symig/Documents/GitHub/ARPG_5.7/Content/TopDown/Data/SM_Medieval_Weapons_Panzerbrecher.uexp" 2420
"C:/Users/symig/Documents/GitHub/ARPG_5.7/Content/TopDown/Data/Skeleton/SK_Skeleton_ShoesTorsGloves.uasset" 2421
"C:/Users/symig/Documents/GitHub/ARPG_5.7/Content/TopDown/Data/Skeleton/SK_Skeleton_ShoesTorsGloves.uexp" 2422
"C:/Users/symig/Documents/GitHub/ARPG_5.7/Content/TopDown/Data/SkeletalWarriorArmour/SK_SKnight_06_Torso.uasset" 2423
"C:/Users/symig/Documents/GitHub/ARPG_5.7/Content/TopDown/Data/SkeletalWarriorArmour/SK_SKnight_06_Torso.uexp" 2424
"C:/Users/symig/Documents/GitHub/ARPG_5.7/Content/TopDown/Materials/SkeletalWarrior/MatInst/M_SKnigh_06_Helmet02_Inst.uasset" 2425
"C:/Users/symig/Documents/GitHub/ARPG_5.7/Content/TopDown/Materials/SkeletalWarrior/MatInst/M_SKnigh_06_Helmet02_Inst.uexp" 2426
"C:/Users/symig/Documents/GitHub/ARPG_5.7/Content/TopDown/Data/SkeletalWarriorArmour/SK_SKnight_06_Helmet.uasset" 2427
"C:/Users/symig/Documents/GitHub/ARPG_5.7/Content/TopDown/Data/SkeletalWarriorArmour/SK_SKnight_06_Helmet.uexp" 2428
"C:/Users/symig/Documents/GitHub/ARPG_5.7/Content/TopDown/Blueprints/EnemiesSystem/EnemyDataAssets/DA_SkeletalWarrior.uasset" 2429
"C:/Users/symig/Documents/GitHub/ARPG_5.7/Content/TopDown/Blueprints/EnemiesSystem/EnemyDataAssets/DA_SkeletalWarrior.uexp" 2430
"C:/Users/symig/Documents/GitHub/ARPG_5.7/Content/TopDown/Blueprints/EnemiesSystem/EnemyTentacleComponent.uasset" 2431
"C:/Users/symig/Documents/GitHub/ARPG_5.7/Content/TopDown/Blueprints/EnemiesSystem/EnemyTentacleComponent.uexp" 2432
"C:/Users/symig/Documents/GitHub/ARPG_5.7/Content/TopDown/Blueprints/EnemiesSystem/EnemyDataAssets/DA_Tentacle.uasset" 2433
"C:/Users/symig/Documents/GitHub/ARPG_5.7/Content/TopDown/Blueprints/EnemiesSystem/EnemyDataAssets/DA_Tentacle.uexp" 2434
"C:/Users/symig/Documents/GitHub/ARPG_5.7/Content/TopDown/Blueprints/EnemiesSystem/Spawning/EnemySpawnComponent.uasset" 2435
"C:/Users/symig/Documents/GitHub/ARPG_5.7/Content/TopDown/Blueprints/EnemiesSystem/Spawning/EnemySpawnComponent.uexp" 2436
"C:/Users/symig/Documents/GitHub/ARPG_5.7/Content/TopDown/Blueprints/BP_GameState.uasset" 2437
"C:/Users/symig/Documents/GitHub/ARPG_5.7/Content/TopDown/Blueprints/BP_GameState.uexp" 2438
"C:/Users/symig/Documents/GitHub/ARPG_5.7/Content/TopDown/Blueprints/GameStart/Saving/FExperience.uasset" 2439
"C:/Users/symig/Documents/GitHub/ARPG_5.7/Content/TopDown/Blueprints/GameStart/Saving/FExperience.uexp" 2440
"C:/Users/symig/Documents/GitHub/ARPG_5.7/Content/TopDown/Blueprints/GameStart/Saving/SaveGame_Progression.uasset" 2441
"C:/Users/symig/Documents/GitHub/ARPG_5.7/Content/TopDown/Blueprints/GameStart/Saving/SaveGame_Progression.uexp" 2442
"C:/Users/symig/Documents/GitHub/ARPG_5.7/Content/TopDown/Blueprints/IInteractor.uasset" 2443
"C:/Users/symig/Documents/GitHub/ARPG_5.7/Content/TopDown/Blueprints/IInteractor.uexp" 2444
"C:/Users/symig/Documents/GitHub/ARPG_5.7/Content/TopDown/Blueprints/InteractorComponent.uasset" 2445
"C:/Users/symig/Documents/GitHub/ARPG_5.7/Content/TopDown/Blueprints/InteractorComponent.uexp" 2446
"C:/Users/symig/Documents/GitHub/ARPG_5.7/Content/TopDown/Materials/M_Portal.uasset" 2447
"C:/Users/symig/Documents/GitHub/ARPG_5.7/Content/TopDown/Materials/M_Portal.uexp" 2448
"C:/Users/symig/Documents/GitHub/ARPG_5.7/Content/TopDown/Data/SM_Portal.ubulk" 2449
"C:/Users/symig/Documents/GitHub/ARPG_5.7/Content/TopDown/Data/SM_Portal.uasset" 2450
"C:/Users/symig/Documents/GitHub/ARPG_5.7/Content/TopDown/Data/SM_Portal.uexp" 2451
"C:/Users/symig/Documents/GitHub/ARPG_5.7/Content/TopDown/Blueprints/Assets/AssetComponents/ClickComponent.uasset" 2452
"C:/Users/symig/Documents/GitHub/ARPG_5.7/Content/TopDown/Blueprints/Assets/AssetComponents/ClickComponent.uexp" 2453
"C:/Users/symig/Documents/GitHub/ARPG_5.7/Content/TopDown/Blueprints/Assets/BP_Portal.uasset" 2454
"C:/Users/symig/Documents/GitHub/ARPG_5.7/Content/TopDown/Blueprints/Assets/BP_Portal.uexp" 2455
"C:/Users/symig/Documents/GitHub/ARPG_5.7/Content/TopDown/Blueprints/IAnimator.uasset" 2456
"C:/Users/symig/Documents/GitHub/ARPG_5.7/Content/TopDown/Blueprints/IAnimator.uexp" 2457
"C:/Users/symig/Documents/GitHub/ARPG_5.7/Content/TopDown/Blueprints/IItemWearer.uasset" 2458
"C:/Users/symig/Documents/GitHub/ARPG_5.7/Content/TopDown/Blueprints/IItemWearer.uexp" 2459
"C:/Users/symig/Documents/GitHub/ARPG_5.7/Content/TopDown/Maps/BP_MyRoomData.uasset" 2460
"C:/Users/symig/Documents/GitHub/ARPG_5.7/Content/TopDown/Maps/BP_MyRoomData.uexp" 2461
"../../../Engine/Plugins/FX/Niagara/Content/DefaultAssets/T_NiagaraUVDebug.ubulk" 2462
"../../../Engine/Plugins/FX/Niagara/Content/DefaultAssets/T_NiagaraUVDebug.uasset" 2463
"../../../Engine/Plugins/FX/Niagara/Content/DefaultAssets/T_NiagaraUVDebug.uexp" 2464
"../../../Engine/Plugins/FX/Niagara/Content/DefaultAssets/M_NiagaraUVDebug.uasset" 2465
"../../../Engine/Plugins/FX/Niagara/Content/DefaultAssets/M_NiagaraUVDebug.uexp" 2466
"C:/Users/symig/Documents/GitHub/ARPG_5.7/Content/TopDown/Animations/Niagara/NS_LevelUp.uasset" 2467
"C:/Users/symig/Documents/GitHub/ARPG_5.7/Content/TopDown/Animations/Niagara/NS_LevelUp.uexp" 2468
"C:/Users/symig/Documents/GitHub/ARPG_5.7/Content/TopDown/Animations/PlayerCharacter/CutDodgeRoll.uasset" 2469
"C:/Users/symig/Documents/GitHub/ARPG_5.7/Content/TopDown/Animations/PlayerCharacter/CutDodgeRoll.uexp" 2470
"C:/Users/symig/Documents/GitHub/ARPG_5.7/Content/TopDown/Animations/PlayerCharacter/CutDodgeRoll_Montage.uasset" 2471
"C:/Users/symig/Documents/GitHub/ARPG_5.7/Content/TopDown/Animations/PlayerCharacter/CutDodgeRoll_Montage.uexp" 2472
"C:/Users/symig/Documents/GitHub/ARPG_5.7/Content/TopDown/Blueprints/ActorComponents/ExperienceComponent.uasset" 2473
"C:/Users/symig/Documents/GitHub/ARPG_5.7/Content/TopDown/Blueprints/ActorComponents/ExperienceComponent.uexp" 2474
"C:/Users/symig/Documents/GitHub/ARPG_5.7/Content/TopDown/Blueprints/StatModifiers/Restrictions/ManaResource.uasset" 2475
"C:/Users/symig/Documents/GitHub/ARPG_5.7/Content/TopDown/Blueprints/StatModifiers/Restrictions/ManaResource.uexp" 2476
"C:/Users/symig/Documents/GitHub/ARPG_5.7/Content/TopDown/Blueprints/ActorComponents/ManaComponent.uasset" 2477
"C:/Users/symig/Documents/GitHub/ARPG_5.7/Content/TopDown/Blueprints/ActorComponents/ManaComponent.uexp" 2478
"C:/Users/symig/Documents/GitHub/ARPG_5.7/Content/TopDown/Blueprints/Ascendancy/BaseAscendancyMod.uasset" 2479
"C:/Users/symig/Documents/GitHub/ARPG_5.7/Content/TopDown/Blueprints/Ascendancy/BaseAscendancyMod.uexp" 2480
"C:/Users/symig/Documents/GitHub/ARPG_5.7/Content/TopDown/Blueprints/Ascendancy/EAscendancyModType.uasset" 2481
"C:/Users/symig/Documents/GitHub/ARPG_5.7/Content/TopDown/Blueprints/Ascendancy/EAscendancyModType.uexp" 2482
"C:/Users/symig/Documents/GitHub/ARPG_5.7/Content/TopDown/Blueprints/Ascendancy/FAscendancyMod.uasset" 2483
"C:/Users/symig/Documents/GitHub/ARPG_5.7/Content/TopDown/Blueprints/Ascendancy/FAscendancyMod.uexp" 2484
"C:/Users/symig/Documents/GitHub/ARPG_5.7/Content/TopDown/Blueprints/Ascendancy/Mod_ShieldPerManaSpent.uasset" 2485
"C:/Users/symig/Documents/GitHub/ARPG_5.7/Content/TopDown/Blueprints/Ascendancy/Mod_ShieldPerManaSpent.uexp" 2486
"C:/Users/symig/Documents/GitHub/ARPG_5.7/Content/TopDown/Blueprints/Ascendancy/Mod_CardDraw.uasset" 2487
"C:/Users/symig/Documents/GitHub/ARPG_5.7/Content/TopDown/Blueprints/Ascendancy/Mod_CardDraw.uexp" 2488
"C:/Users/symig/Documents/GitHub/ARPG_5.7/Content/TopDown/Blueprints/Ascendancy/Mod_CastSpeedFromMissingLife.uasset" 2489
"C:/Users/symig/Documents/GitHub/ARPG_5.7/Content/TopDown/Blueprints/Ascendancy/Mod_CastSpeedFromMissingLife.uexp" 2490
"C:/Users/symig/Documents/GitHub/ARPG_5.7/Content/TopDown/Blueprints/Ascendancy/Mod_ConvertIncreasedLifeToCastSpeed.uasset" 2491
"C:/Users/symig/Documents/GitHub/ARPG_5.7/Content/TopDown/Blueprints/Ascendancy/Mod_ConvertIncreasedLifeToCastSpeed.uexp" 2492
"C:/Users/symig/Documents/GitHub/ARPG_5.7/Content/TopDown/Blueprints/Ascendancy/Mod_DamageOnFullMana.uasset" 2493
"C:/Users/symig/Documents/GitHub/ARPG_5.7/Content/TopDown/Blueprints/Ascendancy/Mod_DamageOnFullMana.uexp" 2494
"C:/Users/symig/Documents/GitHub/ARPG_5.7/Content/TopDown/Blueprints/Ascendancy/Mod_DamagePerDebuff.uasset" 2495
"C:/Users/symig/Documents/GitHub/ARPG_5.7/Content/TopDown/Blueprints/Ascendancy/Mod_DamagePerDebuff.uexp" 2496
"C:/Users/symig/Documents/GitHub/ARPG_5.7/Content/TopDown/Blueprints/Ascendancy/Mod_DamagePerMana.uasset" 2497
"C:/Users/symig/Documents/GitHub/ARPG_5.7/Content/TopDown/Blueprints/Ascendancy/Mod_DamagePerMana.uexp" 2498
"C:/Users/symig/Documents/GitHub/ARPG_5.7/Content/TopDown/Blueprints/Ascendancy/Mod_LessAdjacentDamageTaken.uasset" 2499
"C:/Users/symig/Documents/GitHub/ARPG_5.7/Content/TopDown/Blueprints/Ascendancy/Mod_LessAdjacentDamageTaken.uexp" 2500
"C:/Users/symig/Documents/GitHub/ARPG_5.7/Content/TopDown/Blueprints/Ascendancy/Mod_ManaDamageTaken.uasset" 2501
"C:/Users/symig/Documents/GitHub/ARPG_5.7/Content/TopDown/Blueprints/Ascendancy/Mod_ManaDamageTaken.uexp" 2502
"C:/Users/symig/Documents/GitHub/ARPG_5.7/Content/TopDown/Blueprints/Ascendancy/Data_AscendancyMods.uasset" 2503
"C:/Users/symig/Documents/GitHub/ARPG_5.7/Content/TopDown/Blueprints/Ascendancy/Data_AscendancyMods.uexp" 2504
"C:/Users/symig/Documents/GitHub/ARPG_5.7/Content/TopDown/Blueprints/Ascendancy/AscendancyPowerComponent.uasset" 2505
"C:/Users/symig/Documents/GitHub/ARPG_5.7/Content/TopDown/Blueprints/Ascendancy/AscendancyPowerComponent.uexp" 2506
"C:/Users/symig/Documents/GitHub/ARPG_5.7/Content/TopDown/Blueprints/InventorySystem/IInventoryOwner.uasset" 2507
"C:/Users/symig/Documents/GitHub/ARPG_5.7/Content/TopDown/Blueprints/InventorySystem/IInventoryOwner.uexp" 2508
"C:/Users/symig/Documents/GitHub/ARPG_5.7/Content/TopDown/Blueprints/InventorySystem/Merchant/TradingComponent.uasset" 2509
"C:/Users/symig/Documents/GitHub/ARPG_5.7/Content/TopDown/Blueprints/InventorySystem/Merchant/TradingComponent.uexp" 2510
"C:/Users/symig/Documents/GitHub/ARPG_5.7/Content/TopDown/Blueprints/CardsSystem/FDeckCard.uasset" 2511
"C:/Users/symig/Documents/GitHub/ARPG_5.7/Content/TopDown/Blueprints/CardsSystem/FDeckCard.uexp" 2512
"C:/Users/symig/Documents/GitHub/ARPG_5.7/Content/TopDown/Blueprints/CardsSystem/FCardReset.uasset" 2513
"C:/Users/symig/Documents/GitHub/ARPG_5.7/Content/TopDown/Blueprints/CardsSystem/FCardReset.uexp" 2514
"C:/Users/symig/Documents/GitHub/ARPG_5.7/Content/TopDown/Blueprints/CardsSystem/IActualDeck.uasset" 2515
"C:/Users/symig/Documents/GitHub/ARPG_5.7/Content/TopDown/Blueprints/CardsSystem/IActualDeck.uexp" 2516
"C:/Users/symig/Documents/GitHub/ARPG_5.7/Content/TopDown/Blueprints/CardsSystem/DeckActor.uasset" 2517
"C:/Users/symig/Documents/GitHub/ARPG_5.7/Content/TopDown/Blueprints/CardsSystem/DeckActor.uexp" 2518
"C:/Users/symig/Documents/GitHub/ARPG_5.7/Content/Characters/Mannequin_UE4/Textures/T_ML_Rubber_Blue_01_N.ubulk" 2519
"C:/Users/symig/Documents/GitHub/ARPG_5.7/Content/Characters/Mannequin_UE4/Textures/T_ML_Rubber_Blue_01_N.uasset" 2520
"C:/Users/symig/Documents/GitHub/ARPG_5.7/Content/Characters/Mannequin_UE4/Textures/T_ML_Rubber_Blue_01_N.uexp" 2521
"C:/Users/symig/Documents/GitHub/ARPG_5.7/Content/Kobo_Dungeon/Textures/T-FX/A-Dust-01.ubulk" 2522
"C:/Users/symig/Documents/GitHub/ARPG_5.7/Content/Kobo_Dungeon/Textures/T-FX/A-Dust-01.uasset" 2523
"C:/Users/symig/Documents/GitHub/ARPG_5.7/Content/Kobo_Dungeon/Textures/T-FX/A-Dust-01.uexp" 2524
"C:/Users/symig/Documents/GitHub/ARPG_5.7/Content/TopDown/Blueprints/HUD/Widget_Card.uasset" 2525
"C:/Users/symig/Documents/GitHub/ARPG_5.7/Content/TopDown/Blueprints/HUD/Widget_Card.uexp" 2526
"../../../Engine/Content/Functions/Engine_MaterialFunctions01/ImageAdjustment/sRGBToLinear.uasset" 2527
"../../../Engine/Content/Functions/Engine_MaterialFunctions01/ImageAdjustment/sRGBToLinear.uexp" 2528
"C:/Users/symig/Documents/GitHub/ARPG_5.7/Content/TopDown/Materials/WidgetVRPassThrough.uasset" 2529
"C:/Users/symig/Documents/GitHub/ARPG_5.7/Content/TopDown/Materials/WidgetVRPassThrough.uexp" 2530
"C:/Users/symig/Documents/GitHub/ARPG_5.7/Content/TopDown/Materials/WidgetVRPassThrough_Translucent_OneSided.uasset" 2531
"C:/Users/symig/Documents/GitHub/ARPG_5.7/Content/TopDown/Materials/WidgetVRPassThrough_Translucent_OneSided.uexp" 2532
"C:/Users/symig/Documents/GitHub/ARPG_5.7/Content/TopDown/Blueprints/CardsSystem/CardWidgetComponent.uasset" 2533
"C:/Users/symig/Documents/GitHub/ARPG_5.7/Content/TopDown/Blueprints/CardsSystem/CardWidgetComponent.uexp" 2534
"C:/Users/symig/Documents/GitHub/ARPG_5.7/Content/TopDown/Blueprints/CardsSystem/ICardVisualProvider.uasset" 2535
"C:/Users/symig/Documents/GitHub/ARPG_5.7/Content/TopDown/Blueprints/CardsSystem/ICardVisualProvider.uexp" 2536
"C:/Users/symig/Documents/GitHub/ARPG_5.7/Content/TopDown/Blueprints/CardsSystem/CardVisualsComponent.uasset" 2537
"C:/Users/symig/Documents/GitHub/ARPG_5.7/Content/TopDown/Blueprints/CardsSystem/CardVisualsComponent.uexp" 2538
"C:/Users/symig/Documents/GitHub/ARPG_5.7/Content/TopDown/Blueprints/CardsSystem/DeckOwnerComponent.uasset" 2539
"C:/Users/symig/Documents/GitHub/ARPG_5.7/Content/TopDown/Blueprints/CardsSystem/DeckOwnerComponent.uexp" 2540
"C:/Users/symig/Documents/GitHub/ARPG_5.7/Content/TopDown/Blueprints/DropsSystem/CardBiasingComponent.uasset" 2541
"C:/Users/symig/Documents/GitHub/ARPG_5.7/Content/TopDown/Blueprints/DropsSystem/CardBiasingComponent.uexp" 2542
"../../../Engine/Plugins/Bridge/Content/MSPresets/MSTextures/Placeholder.uasset" 2543
"../../../Engine/Plugins/Bridge/Content/MSPresets/MSTextures/Placeholder.uexp" 2544
"../../../Engine/Plugins/Bridge/Content/MSPresets/MSTextures/BlackPlaceholder_Color.uasset" 2545
"../../../Engine/Plugins/Bridge/Content/MSPresets/MSTextures/BlackPlaceholder_Color.uexp" 2546
"../../../Engine/Plugins/Bridge/Content/MSPresets/M_MS_Glass_Material/Functions/MF_TranslucencyMetallic.uasset" 2547
"../../../Engine/Plugins/Bridge/Content/MSPresets/M_MS_Glass_Material/Functions/MF_TranslucencyMetallic.uexp" 2548
"../../../Engine/Content/EngineMaterials/FlatNormal.uasset" 2549
"../../../Engine/Content/EngineMaterials/FlatNormal.uexp" 2550
"../../../Engine/Plugins/Bridge/Content/MSPresets/M_MS_Glass_Material/Functions/MF_WindowNormalStrength.uasset" 2551
"../../../Engine/Plugins/Bridge/Content/MSPresets/M_MS_Glass_Material/Functions/MF_WindowNormalStrength.uexp" 2552
"../../../Engine/Plugins/Bridge/Content/MSPresets/M_MS_Glass_Material/Functions/MF_FrameBlend.uasset" 2553
"../../../Engine/Plugins/Bridge/Content/MSPresets/M_MS_Glass_Material/Functions/MF_FrameBlend.uexp" 2554
"../../../Engine/Plugins/Bridge/Content/MSPresets/M_MS_Glass_Material/Functions/MF_Refraction.uasset" 2555
"../../../Engine/Plugins/Bridge/Content/MSPresets/M_MS_Glass_Material/Functions/MF_Refraction.uexp" 2556
"../../../Engine/Plugins/Bridge/Content/MSPresets/M_MS_Glass_Material/Functions/MF_TranslucencyEmission.uasset" 2557
"../../../Engine/Plugins/Bridge/Content/MSPresets/M_MS_Glass_Material/Functions/MF_TranslucencyEmission.uexp" 2558
"../../../Engine/Plugins/Bridge/Content/MSPresets/M_MS_Glass_Material/Functions/MF_WindowImperfection.uasset" 2559
"../../../Engine/Plugins/Bridge/Content/MSPresets/M_MS_Glass_Material/Functions/MF_WindowImperfection.uexp" 2560
"C:/Users/symig/Documents/GitHub/ARPG_5.7/Content/MSPresets/M_MS_Glass_Material/M_MS_Glass_Material.uasset" 2561
"C:/Users/symig/Documents/GitHub/ARPG_5.7/Content/MSPresets/M_MS_Glass_Material/M_MS_Glass_Material.uexp" 2562
"C:/Users/symig/Documents/GitHub/ARPG_5.7/Content/TopDown/Data/SM_Globe.ubulk" 2563
"C:/Users/symig/Documents/GitHub/ARPG_5.7/Content/TopDown/Data/SM_Globe.uasset" 2564
"C:/Users/symig/Documents/GitHub/ARPG_5.7/Content/TopDown/Data/SM_Globe.uexp" 2565
"C:/Users/symig/Documents/GitHub/ARPG_5.7/Content/TopDown/Data/SM_Liquid.ubulk" 2566
"C:/Users/symig/Documents/GitHub/ARPG_5.7/Content/TopDown/Data/SM_Liquid.uasset" 2567
"C:/Users/symig/Documents/GitHub/ARPG_5.7/Content/TopDown/Data/SM_Liquid.uexp" 2568
"C:/Users/symig/Documents/GitHub/ARPG_5.7/Content/PinRPG_IconSet_01_Assets/Gloves/T_Gloves_4.uasset" 2569
"C:/Users/symig/Documents/GitHub/ARPG_5.7/Content/PinRPG_IconSet_01_Assets/Gloves/T_Gloves_4.uexp" 2570
"C:/Users/symig/Documents/GitHub/ARPG_5.7/Content/TopDown/Materials/LoadoutMaterial/GlovesBackground.uasset" 2571
"C:/Users/symig/Documents/GitHub/ARPG_5.7/Content/TopDown/Materials/LoadoutMaterial/GlovesBackground.uexp" 2572
"C:/Users/symig/Documents/GitHub/ARPG_5.7/Content/TopDown/Blueprints/HUD/Widget_Shield.uasset" 2573
"C:/Users/symig/Documents/GitHub/ARPG_5.7/Content/TopDown/Blueprints/HUD/Widget_Shield.uexp" 2574
"C:/Users/symig/Documents/GitHub/ARPG_5.7/Content/TopDown/Blueprints/HUD/WC_Shield.uasset" 2575
"C:/Users/symig/Documents/GitHub/ARPG_5.7/Content/TopDown/Blueprints/HUD/WC_Shield.uexp" 2576
"C:/Users/symig/Documents/GitHub/ARPG_5.7/Content/TopDown/Blueprints/HUD/BP_LifeGlobe.uasset" 2577
"C:/Users/symig/Documents/GitHub/ARPG_5.7/Content/TopDown/Blueprints/HUD/BP_LifeGlobe.uexp" 2578
"C:/Users/symig/Documents/GitHub/ARPG_5.7/Content/TopDown/Materials/M_Liquid_Inst_Blue.uasset" 2579
"C:/Users/symig/Documents/GitHub/ARPG_5.7/Content/TopDown/Materials/M_Liquid_Inst_Blue.uexp" 2580
"C:/Users/symig/Documents/GitHub/ARPG_5.7/Content/TopDown/Blueprints/HUD/BP_ManaGlobe.uasset" 2581
"C:/Users/symig/Documents/GitHub/ARPG_5.7/Content/TopDown/Blueprints/HUD/BP_ManaGlobe.uexp" 2582
"C:/Users/symig/Documents/GitHub/ARPG_5.7/Content/TopDown/Blueprints/InventorySystem/Tooltips/IHovering.uasset" 2583
"C:/Users/symig/Documents/GitHub/ARPG_5.7/Content/TopDown/Blueprints/InventorySystem/Tooltips/IHovering.uexp" 2584
"C:/Users/symig/Documents/GitHub/ARPG_5.7/Content/TopDown/Blueprints/InventorySystem/Tooltips/Widget_GenericTooltip.uasset" 2585
"C:/Users/symig/Documents/GitHub/ARPG_5.7/Content/TopDown/Blueprints/InventorySystem/Tooltips/Widget_GenericTooltip.uexp" 2586
"C:/Users/symig/Documents/GitHub/ARPG_5.7/Content/TopDown/Blueprints/InventorySystem/Tooltips/ITooltip.uasset" 2587
"C:/Users/symig/Documents/GitHub/ARPG_5.7/Content/TopDown/Blueprints/InventorySystem/Tooltips/ITooltip.uexp" 2588
"C:/Users/symig/Documents/GitHub/ARPG_5.7/Content/TopDown/Blueprints/InventorySystem/Tooltips/Widget_CardTooltip.uasset" 2589
"C:/Users/symig/Documents/GitHub/ARPG_5.7/Content/TopDown/Blueprints/InventorySystem/Tooltips/Widget_CardTooltip.uexp" 2590
"C:/Users/symig/Documents/GitHub/ARPG_5.7/Content/TopDown/Blueprints/InventorySystem/Tooltips/Widget_EquipmentTooltip.uasset" 2591
"C:/Users/symig/Documents/GitHub/ARPG_5.7/Content/TopDown/Blueprints/InventorySystem/Tooltips/Widget_EquipmentTooltip.uexp" 2592
"C:/Users/symig/Documents/GitHub/ARPG_5.7/Content/TopDown/Blueprints/InventorySystem/Tooltips/Widget_ArmourTooltip.uasset" 2593
"C:/Users/symig/Documents/GitHub/ARPG_5.7/Content/TopDown/Blueprints/InventorySystem/Tooltips/Widget_ArmourTooltip.uexp" 2594
"C:/Users/symig/Documents/GitHub/ARPG_5.7/Content/TopDown/Blueprints/InventorySystem/Tooltips/Widget_ChartTooltip.uasset" 2595
"C:/Users/symig/Documents/GitHub/ARPG_5.7/Content/TopDown/Blueprints/InventorySystem/Tooltips/Widget_ChartTooltip.uexp" 2596
"C:/Users/symig/Documents/GitHub/ARPG_5.7/Content/TopDown/Blueprints/InventorySystem/Tooltips/Widget_OrbTooltip.uasset" 2597
"C:/Users/symig/Documents/GitHub/ARPG_5.7/Content/TopDown/Blueprints/InventorySystem/Tooltips/Widget_OrbTooltip.uexp" 2598
"C:/Users/symig/Documents/GitHub/ARPG_5.7/Content/TopDown/Blueprints/InventorySystem/Tooltips/Widget_UtilityTooltip.uasset" 2599
"C:/Users/symig/Documents/GitHub/ARPG_5.7/Content/TopDown/Blueprints/InventorySystem/Tooltips/Widget_UtilityTooltip.uexp" 2600
"C:/Users/symig/Documents/GitHub/ARPG_5.7/Content/TopDown/Blueprints/InventorySystem/Tooltips/Widget_WeaponTooltip.uasset" 2601
"C:/Users/symig/Documents/GitHub/ARPG_5.7/Content/TopDown/Blueprints/InventorySystem/Tooltips/Widget_WeaponTooltip.uexp" 2602
"C:/Users/symig/Documents/GitHub/ARPG_5.7/Content/TopDown/Blueprints/InventorySystem/Tooltips/Widget_TreeTooltip.uasset" 2603
"C:/Users/symig/Documents/GitHub/ARPG_5.7/Content/TopDown/Blueprints/InventorySystem/Tooltips/Widget_TreeTooltip.uexp" 2604
"C:/Users/symig/Documents/GitHub/ARPG_5.7/Content/TopDown/Blueprints/InventorySystem/Tooltips/InventoryHoverComponent.uasset" 2605
"C:/Users/symig/Documents/GitHub/ARPG_5.7/Content/TopDown/Blueprints/InventorySystem/Tooltips/InventoryHoverComponent.uexp" 2606
"C:/Users/symig/Documents/GitHub/ARPG_5.7/Content/TopDown/Blueprints/InventorySystem/ELadoutSlot.uasset" 2607
"C:/Users/symig/Documents/GitHub/ARPG_5.7/Content/TopDown/Blueprints/InventorySystem/ELadoutSlot.uexp" 2608
"C:/Users/symig/Documents/GitHub/ARPG_5.7/Content/TopDown/Blueprints/InventorySystem/FSpatialSlot.uasset" 2609
"C:/Users/symig/Documents/GitHub/ARPG_5.7/Content/TopDown/Blueprints/InventorySystem/FSpatialSlot.uexp" 2610
"C:/Users/symig/Documents/GitHub/ARPG_5.7/Content/TopDown/Blueprints/InventorySystem/SpatialInventoryComponent.uasset" 2611
"C:/Users/symig/Documents/GitHub/ARPG_5.7/Content/TopDown/Blueprints/InventorySystem/SpatialInventoryComponent.uexp" 2612
"C:/Users/symig/Documents/GitHub/ARPG_5.7/Content/TopDown/Blueprints/InventorySystem/CharmInventoryComponent.uasset" 2613
"C:/Users/symig/Documents/GitHub/ARPG_5.7/Content/TopDown/Blueprints/InventorySystem/CharmInventoryComponent.uexp" 2614
"C:/Users/symig/Documents/GitHub/ARPG_5.7/Content/TopDown/Blueprints/InventorySystem/ICursorItemHandler.uasset" 2615
"C:/Users/symig/Documents/GitHub/ARPG_5.7/Content/TopDown/Blueprints/InventorySystem/ICursorItemHandler.uexp" 2616
"C:/Users/symig/Documents/GitHub/ARPG_5.7/Content/TopDown/Blueprints/InventorySystem/EInventoryMode.uasset" 2617
"C:/Users/symig/Documents/GitHub/ARPG_5.7/Content/TopDown/Blueprints/InventorySystem/EInventoryMode.uexp" 2618
"C:/Users/symig/Documents/GitHub/ARPG_5.7/Content/TopDown/Blueprints/ItemsSystem/FEquipmentSave.uasset" 2619
"C:/Users/symig/Documents/GitHub/ARPG_5.7/Content/TopDown/Blueprints/ItemsSystem/FEquipmentSave.uexp" 2620
"C:/Users/symig/Documents/GitHub/ARPG_5.7/Content/TopDown/Blueprints/ItemsSystem/FEquipmentSet.uasset" 2621
"C:/Users/symig/Documents/GitHub/ARPG_5.7/Content/TopDown/Blueprints/ItemsSystem/FEquipmentSet.uexp" 2622
"C:/Users/symig/Documents/GitHub/ARPG_5.7/Content/TopDown/Blueprints/GameStart/Saving/SaveGame_Loadout.uasset" 2623
"C:/Users/symig/Documents/GitHub/ARPG_5.7/Content/TopDown/Blueprints/GameStart/Saving/SaveGame_Loadout.uexp" 2624
"C:/Users/symig/Documents/GitHub/ARPG_5.7/Content/TopDown/Blueprints/InventorySystem/Widget_CursorItem.uasset" 2625
"C:/Users/symig/Documents/GitHub/ARPG_5.7/Content/TopDown/Blueprints/InventorySystem/Widget_CursorItem.uexp" 2626
"C:/Users/symig/Documents/GitHub/ARPG_5.7/Content/TopDown/Blueprints/InventorySystem/PlayerInventoryComponent.uasset" 2627
"C:/Users/symig/Documents/GitHub/ARPG_5.7/Content/TopDown/Blueprints/InventorySystem/PlayerInventoryComponent.uexp" 2628
"C:/Users/symig/Documents/GitHub/ARPG_5.7/Content/TopDown/Textures/T_ky_smoke1.ubulk" 2629
"C:/Users/symig/Documents/GitHub/ARPG_5.7/Content/TopDown/Textures/T_ky_smoke1.uasset" 2630
"C:/Users/symig/Documents/GitHub/ARPG_5.7/Content/TopDown/Textures/T_ky_smoke1.uexp" 2631
"C:/Users/symig/Documents/GitHub/ARPG_5.7/Content/TopDown/Blueprints/PassiveTree/IPassiveTreeHandler.uasset" 2632
"C:/Users/symig/Documents/GitHub/ARPG_5.7/Content/TopDown/Blueprints/PassiveTree/IPassiveTreeHandler.uexp" 2633
"C:/Users/symig/Documents/GitHub/ARPG_5.7/Content/MS/textures/azul/T_azul_11_Tex.ubulk" 2634
"C:/Users/symig/Documents/GitHub/ARPG_5.7/Content/MS/textures/azul/T_azul_11_Tex.uasset" 2635
"C:/Users/symig/Documents/GitHub/ARPG_5.7/Content/MS/textures/azul/T_azul_11_Tex.uexp" 2636
"C:/Users/symig/Documents/GitHub/ARPG_5.7/Content/MS/textures/azul/T_azul_21_Tex.ubulk" 2637
"C:/Users/symig/Documents/GitHub/ARPG_5.7/Content/MS/textures/azul/T_azul_21_Tex.uasset" 2638
"C:/Users/symig/Documents/GitHub/ARPG_5.7/Content/MS/textures/azul/T_azul_21_Tex.uexp" 2639
"C:/Users/symig/Documents/GitHub/ARPG_5.7/Content/MS/textures/green/T_green_25_Tex.ubulk" 2640
"C:/Users/symig/Documents/GitHub/ARPG_5.7/Content/MS/textures/green/T_green_25_Tex.uasset" 2641
"C:/Users/symig/Documents/GitHub/ARPG_5.7/Content/MS/textures/green/T_green_25_Tex.uexp" 2642
"C:/Users/symig/Documents/GitHub/ARPG_5.7/Content/MS/textures/green/T_green_30_Tex.ubulk" 2643
"C:/Users/symig/Documents/GitHub/ARPG_5.7/Content/MS/textures/green/T_green_30_Tex.uasset" 2644
"C:/Users/symig/Documents/GitHub/ARPG_5.7/Content/MS/textures/green/T_green_30_Tex.uexp" 2645
"C:/Users/symig/Documents/GitHub/ARPG_5.7/Content/MS/textures/green/T_green_39_Tex.ubulk" 2646
"C:/Users/symig/Documents/GitHub/ARPG_5.7/Content/MS/textures/green/T_green_39_Tex.uasset" 2647
"C:/Users/symig/Documents/GitHub/ARPG_5.7/Content/MS/textures/green/T_green_39_Tex.uexp" 2648
"C:/Users/symig/Documents/GitHub/ARPG_5.7/Content/MS/textures/green/T_green_44_Tex.ubulk" 2649
"C:/Users/symig/Documents/GitHub/ARPG_5.7/Content/MS/textures/green/T_green_44_Tex.uasset" 2650
"C:/Users/symig/Documents/GitHub/ARPG_5.7/Content/MS/textures/green/T_green_44_Tex.uexp" 2651
"C:/Users/symig/Documents/GitHub/ARPG_5.7/Content/MS/textures/green/T_green_60_Tex.ubulk" 2652
"C:/Users/symig/Documents/GitHub/ARPG_5.7/Content/MS/textures/green/T_green_60_Tex.uasset" 2653
"C:/Users/symig/Documents/GitHub/ARPG_5.7/Content/MS/textures/green/T_green_60_Tex.uexp" 2654
"C:/Users/symig/Documents/GitHub/ARPG_5.7/Content/MS/textures/red/T_red_10_Tex.ubulk" 2655
"C:/Users/symig/Documents/GitHub/ARPG_5.7/Content/MS/textures/red/T_red_10_Tex.uasset" 2656
"C:/Users/symig/Documents/GitHub/ARPG_5.7/Content/MS/textures/red/T_red_10_Tex.uexp" 2657
"C:/Users/symig/Documents/GitHub/ARPG_5.7/Content/MS/textures/red/T_red_11_Tex.ubulk" 2658
"C:/Users/symig/Documents/GitHub/ARPG_5.7/Content/MS/textures/red/T_red_11_Tex.uasset" 2659
"C:/Users/symig/Documents/GitHub/ARPG_5.7/Content/MS/textures/red/T_red_11_Tex.uexp" 2660
"C:/Users/symig/Documents/GitHub/ARPG_5.7/Content/MS/textures/red/T_red_12_Tex.ubulk" 2661
"C:/Users/symig/Documents/GitHub/ARPG_5.7/Content/MS/textures/red/T_red_12_Tex.uasset" 2662
"C:/Users/symig/Documents/GitHub/ARPG_5.7/Content/MS/textures/red/T_red_12_Tex.uexp" 2663
"C:/Users/symig/Documents/GitHub/ARPG_5.7/Content/MS/textures/red/T_red_13_Tex.ubulk" 2664
"C:/Users/symig/Documents/GitHub/ARPG_5.7/Content/MS/textures/red/T_red_13_Tex.uasset" 2665
"C:/Users/symig/Documents/GitHub/ARPG_5.7/Content/MS/textures/red/T_red_13_Tex.uexp" 2666
"C:/Users/symig/Documents/GitHub/ARPG_5.7/Content/MS/textures/red/T_red_52_Tex.ubulk" 2667
"C:/Users/symig/Documents/GitHub/ARPG_5.7/Content/MS/textures/red/T_red_52_Tex.uasset" 2668
"C:/Users/symig/Documents/GitHub/ARPG_5.7/Content/MS/textures/red/T_red_52_Tex.uexp" 2669
"C:/Users/symig/Documents/GitHub/ARPG_5.7/Content/TopDown/Blueprints/PassiveTree/FPassiveNodeType.uasset" 2670
"C:/Users/symig/Documents/GitHub/ARPG_5.7/Content/TopDown/Blueprints/PassiveTree/FPassiveNodeType.uexp" 2671
"C:/Users/symig/Documents/GitHub/ARPG_5.7/Content/TopDown/Blueprints/PassiveTree/Data_NodeTypes.uasset" 2672
"C:/Users/symig/Documents/GitHub/ARPG_5.7/Content/TopDown/Blueprints/PassiveTree/Data_NodeTypes.uexp" 2673
"C:/Users/symig/Documents/GitHub/ARPG_5.7/Content/TopDown/Blueprints/PassiveTree/FPassiveNodeDto.uasset" 2674
"C:/Users/symig/Documents/GitHub/ARPG_5.7/Content/TopDown/Blueprints/PassiveTree/FPassiveNodeDto.uexp" 2675
"C:/Users/symig/Documents/GitHub/ARPG_5.7/Content/TopDown/Blueprints/PassiveTree/FVector2DPair.uasset" 2676
"C:/Users/symig/Documents/GitHub/ARPG_5.7/Content/TopDown/Blueprints/PassiveTree/FVector2DPair.uexp" 2677
"C:/Users/symig/Documents/GitHub/ARPG_5.7/Content/TopDown/Blueprints/PassiveTree/IPassiveTreeListener.uasset" 2678
"C:/Users/symig/Documents/GitHub/ARPG_5.7/Content/TopDown/Blueprints/PassiveTree/IPassiveTreeListener.uexp" 2679
"../../../Engine/Content/EngineResources/AICON-Red.uasset" 2680
"../../../Engine/Content/EngineResources/AICON-Red.uexp" 2681
"C:/Users/symig/Documents/GitHub/ARPG_5.7/Content/TopDown/Materials/M_NodeHighlight.uasset" 2682
"C:/Users/symig/Documents/GitHub/ARPG_5.7/Content/TopDown/Materials/M_NodeHighlight.uexp" 2683
"C:/Users/symig/Documents/GitHub/ARPG_5.7/Content/TopDown/Blueprints/PassiveTree/Widget_TreeDesignNode.uasset" 2684
"C:/Users/symig/Documents/GitHub/ARPG_5.7/Content/TopDown/Blueprints/PassiveTree/Widget_TreeDesignNode.uexp" 2685
"C:/Users/symig/Documents/GitHub/ARPG_5.7/Content/TopDown/Blueprints/PassiveTree/Widget_PassiveTree.uasset" 2686
"C:/Users/symig/Documents/GitHub/ARPG_5.7/Content/TopDown/Blueprints/PassiveTree/Widget_PassiveTree.uexp" 2687
"C:/Users/symig/Documents/GitHub/ARPG_5.7/Content/TopDown/Blueprints/FNames.uasset" 2688
"C:/Users/symig/Documents/GitHub/ARPG_5.7/Content/TopDown/Blueprints/FNames.uexp" 2689
"C:/Users/symig/Documents/GitHub/ARPG_5.7/Content/TopDown/Blueprints/PassiveTree/FNodeNeighborRow.uasset" 2690
"C:/Users/symig/Documents/GitHub/ARPG_5.7/Content/TopDown/Blueprints/PassiveTree/FNodeNeighborRow.uexp" 2691
"C:/Users/symig/Documents/GitHub/ARPG_5.7/Content/TopDown/Blueprints/PassiveTree/Data_NodeNeighbors.uasset" 2692
"C:/Users/symig/Documents/GitHub/ARPG_5.7/Content/TopDown/Blueprints/PassiveTree/Data_NodeNeighbors.uexp" 2693
"C:/Users/symig/Documents/GitHub/ARPG_5.7/Content/TopDown/Blueprints/PassiveTree/ENodeRole.uasset" 2694
"C:/Users/symig/Documents/GitHub/ARPG_5.7/Content/TopDown/Blueprints/PassiveTree/ENodeRole.uexp" 2695
"C:/Users/symig/Documents/GitHub/ARPG_5.7/Content/TopDown/Blueprints/PassiveTree/FPassiveNode.uasset" 2696
"C:/Users/symig/Documents/GitHub/ARPG_5.7/Content/TopDown/Blueprints/PassiveTree/FPassiveNode.uexp" 2697
"C:/Users/symig/Documents/GitHub/ARPG_5.7/Content/TopDown/Blueprints/PassiveTree/Data_PassiveTreeNodes.uasset" 2698
"C:/Users/symig/Documents/GitHub/ARPG_5.7/Content/TopDown/Blueprints/PassiveTree/Data_PassiveTreeNodes.uexp" 2699
"C:/Users/symig/Documents/GitHub/ARPG_5.7/Content/TopDown/Blueprints/PassiveTree/FIntArray.uasset" 2700
"C:/Users/symig/Documents/GitHub/ARPG_5.7/Content/TopDown/Blueprints/PassiveTree/FIntArray.uexp" 2701
"C:/Users/symig/Documents/GitHub/ARPG_5.7/Content/TopDown/Blueprints/PassiveTree/PassiveTreeComponent.uasset" 2702
"C:/Users/symig/Documents/GitHub/ARPG_5.7/Content/TopDown/Blueprints/PassiveTree/PassiveTreeComponent.uexp" 2703
"C:/Users/symig/Documents/GitHub/ARPG_5.7/Content/Characters/Mannequins/Rigs/CR_Mannequin_BasicFootIK.uasset" 2704
"C:/Users/symig/Documents/GitHub/ARPG_5.7/Content/Characters/Mannequins/Rigs/CR_Mannequin_BasicFootIK.uexp" 2705
"C:/Users/symig/Documents/GitHub/ARPG_5.7/Content/TopDown/Animations/PlayerCharacter/Channelling.uasset" 2706
"C:/Users/symig/Documents/GitHub/ARPG_5.7/Content/TopDown/Animations/PlayerCharacter/Channelling.uexp" 2707
"C:/Users/symig/Documents/GitHub/ARPG_5.7/Content/TopDown/Animations/PlayerCharacter/MM_Fall_Loop.uasset" 2708
"C:/Users/symig/Documents/GitHub/ARPG_5.7/Content/TopDown/Animations/PlayerCharacter/MM_Fall_Loop.uexp" 2709
"C:/Users/symig/Documents/GitHub/ARPG_5.7/Content/TopDown/Animations/PlayerCharacter/MM_Land.uasset" 2710
"C:/Users/symig/Documents/GitHub/ARPG_5.7/Content/TopDown/Animations/PlayerCharacter/MM_Land.uexp" 2711
"C:/Users/symig/Documents/GitHub/ARPG_5.7/Content/TopDown/Animations/PlayerCharacter/MM_T_Pose.uasset" 2712
"C:/Users/symig/Documents/GitHub/ARPG_5.7/Content/TopDown/Animations/PlayerCharacter/MM_T_Pose.uexp" 2713
"C:/Users/symig/Documents/GitHub/ARPG_5.7/Content/TopDown/Animations/PlayerCharacter/TwoHandedSpellCast.uasset" 2714
"C:/Users/symig/Documents/GitHub/ARPG_5.7/Content/TopDown/Animations/PlayerCharacter/TwoHandedSpellCast.uexp" 2715
"C:/Users/symig/Documents/GitHub/ARPG_5.7/Content/TopDown/Animations/PlayerCharacter/ABP_Manny.uasset" 2716
"C:/Users/symig/Documents/GitHub/ARPG_5.7/Content/TopDown/Animations/PlayerCharacter/ABP_Manny.uexp" 2717
"C:/Users/symig/Documents/GitHub/ARPG_5.7/Content/TopDown/Blueprints/HUD/CharacterScreen/RT_PlayerImage.uasset" 2718
"C:/Users/symig/Documents/GitHub/ARPG_5.7/Content/TopDown/Blueprints/HUD/CharacterScreen/RT_PlayerImage.uexp" 2719
"C:/Users/symig/Documents/GitHub/ARPG_5.7/Content/TopDown/Blueprints/Fading/MPC_Visibility.uasset" 2720
"C:/Users/symig/Documents/GitHub/ARPG_5.7/Content/TopDown/Blueprints/Fading/MPC_Visibility.uexp" 2721
"C:/Users/symig/Documents/GitHub/ARPG_5.7/Content/TopDown/Data/Textures/T_Brick_Clay_Old_D.ubulk" 2722
"C:/Users/symig/Documents/GitHub/ARPG_5.7/Content/TopDown/Data/Textures/T_Brick_Clay_Old_D.uasset" 2723
"C:/Users/symig/Documents/GitHub/ARPG_5.7/Content/TopDown/Data/Textures/T_Brick_Clay_Old_D.uexp" 2724
"C:/Users/symig/Documents/GitHub/ARPG_5.7/Content/TopDown/Data/Textures/T_Brick_Clay_Old_N.ubulk" 2725
"C:/Users/symig/Documents/GitHub/ARPG_5.7/Content/TopDown/Data/Textures/T_Brick_Clay_Old_N.uasset" 2726
"C:/Users/symig/Documents/GitHub/ARPG_5.7/Content/TopDown/Data/Textures/T_Brick_Clay_Old_N.uexp" 2727
"C:/Users/symig/Documents/GitHub/ARPG_5.7/Content/TopDown/Materials/ArenaMaterial/M_DynamicWall.uasset" 2728
"C:/Users/symig/Documents/GitHub/ARPG_5.7/Content/TopDown/Materials/ArenaMaterial/M_DynamicWall.uexp" 2729
"C:/Users/symig/Documents/GitHub/ARPG_5.7/Content/TopDown/Blueprints/Fading/FadeComponent.uasset" 2730
"C:/Users/symig/Documents/GitHub/ARPG_5.7/Content/TopDown/Blueprints/Fading/FadeComponent.uexp" 2731
"C:/Users/symig/Documents/GitHub/ARPG_5.7/Content/TopDown/Blueprints/BP_PlayerCharacter.uasset" 2732
"C:/Users/symig/Documents/GitHub/ARPG_5.7/Content/TopDown/Blueprints/BP_PlayerCharacter.uexp" 2733
"C:/Users/symig/Documents/GitHub/ARPG_5.7/Content/TopDown/Data/SpeechBubble.uasset" 2734
"C:/Users/symig/Documents/GitHub/ARPG_5.7/Content/TopDown/Data/SpeechBubble.uexp" 2735
"C:/Users/symig/Documents/GitHub/ARPG_5.7/Content/TopDown/Blueprints/HUD/Widget_SpeechBubble.uasset" 2736
"C:/Users/symig/Documents/GitHub/ARPG_5.7/Content/TopDown/Blueprints/HUD/Widget_SpeechBubble.uexp" 2737
"C:/Users/symig/Documents/GitHub/ARPG_5.7/Content/TopDown/Textures/T_Potion.uasset" 2738
"C:/Users/symig/Documents/GitHub/ARPG_5.7/Content/TopDown/Textures/T_Potion.uexp" 2739
"C:/Users/symig/Documents/GitHub/ARPG_5.7/Content/TopDown/Blueprints/HUD/Widget_Potion.uasset" 2740
"C:/Users/symig/Documents/GitHub/ARPG_5.7/Content/TopDown/Blueprints/HUD/Widget_Potion.uexp" 2741
"C:/Users/symig/Documents/GitHub/ARPG_5.7/Content/TopDown/Blueprints/HUD/Widget_Button.uasset" 2742
"C:/Users/symig/Documents/GitHub/ARPG_5.7/Content/TopDown/Blueprints/HUD/Widget_Button.uexp" 2743
"C:/Users/symig/Documents/GitHub/ARPG_5.7/Content/TopDown/Blueprints/HUD/Widget_Pile.uasset" 2744
"C:/Users/symig/Documents/GitHub/ARPG_5.7/Content/TopDown/Blueprints/HUD/Widget_Pile.uexp" 2745
"C:/Users/symig/Documents/GitHub/ARPG_5.7/Content/TopDown/Blueprints/HUD/Widget_Piles.uasset" 2746
"C:/Users/symig/Documents/GitHub/ARPG_5.7/Content/TopDown/Blueprints/HUD/Widget_Piles.uexp" 2747
"C:/Users/symig/Documents/GitHub/ARPG_5.7/Content/TopDown/Blueprints/HUD/Widget_CombineNotification.uasset" 2748
"C:/Users/symig/Documents/GitHub/ARPG_5.7/Content/TopDown/Blueprints/HUD/Widget_CombineNotification.uexp" 2749
"C:/Users/symig/Documents/GitHub/ARPG_5.7/Content/TopDown/Blueprints/HUD/Widget_ExperienceBar.uasset" 2750
"C:/Users/symig/Documents/GitHub/ARPG_5.7/Content/TopDown/Blueprints/HUD/Widget_ExperienceBar.uexp" 2751
"C:/Users/symig/Documents/GitHub/ARPG_5.7/Content/TopDown/Blueprints/HUD/Widget_HUD.uasset" 2752
"C:/Users/symig/Documents/GitHub/ARPG_5.7/Content/TopDown/Blueprints/HUD/Widget_HUD.uexp" 2753
"C:/Users/symig/Documents/GitHub/ARPG_5.7/Content/TopDown/Blueprints/HUD/BP_HUD.uasset" 2754
"C:/Users/symig/Documents/GitHub/ARPG_5.7/Content/TopDown/Blueprints/HUD/BP_HUD.uexp" 2755
"C:/Users/symig/Documents/GitHub/ARPG_5.7/Content/TopDown/Blueprints/Assets/AssetComponents/AssetHoverComponent.uasset" 2756
"C:/Users/symig/Documents/GitHub/ARPG_5.7/Content/TopDown/Blueprints/Assets/AssetComponents/AssetHoverComponent.uexp" 2757
"C:/Users/symig/Documents/GitHub/ARPG_5.7/Content/TopDown/Blueprints/Assets/AssetComponents/WBP_SpeechComponent.uasset" 2758
"C:/Users/symig/Documents/GitHub/ARPG_5.7/Content/TopDown/Blueprints/Assets/AssetComponents/WBP_SpeechComponent.uexp" 2759
"C:/Users/symig/Documents/GitHub/ARPG_5.7/Content/TopDown/Blueprints/Assets/NPC/ABP_Npc.uasset" 2760
"C:/Users/symig/Documents/GitHub/ARPG_5.7/Content/TopDown/Blueprints/Assets/NPC/ABP_Npc.uexp" 2761
"C:/Users/symig/Documents/GitHub/ARPG_5.7/Content/TopDown/Blueprints/Assets/NPC/ENpcStates.uasset" 2762
"C:/Users/symig/Documents/GitHub/ARPG_5.7/Content/TopDown/Blueprints/Assets/NPC/ENpcStates.uexp" 2763
"C:/Users/symig/Documents/GitHub/ARPG_5.7/Content/TopDown/Blueprints/Assets/NPC/BB_Npc.uasset" 2764
"C:/Users/symig/Documents/GitHub/ARPG_5.7/Content/TopDown/Blueprints/Assets/NPC/BB_Npc.uexp" 2765
"C:/Users/symig/Documents/GitHub/ARPG_5.7/Content/TopDown/Blueprints/EnemiesSystem/BehaviorTrees/Services/BTS_RotateTowardsTarget.uasset" 2766
"C:/Users/symig/Documents/GitHub/ARPG_5.7/Content/TopDown/Blueprints/EnemiesSystem/BehaviorTrees/Services/BTS_RotateTowardsTarget.uexp" 2767
"C:/Users/symig/Documents/GitHub/ARPG_5.7/Content/TopDown/Blueprints/EnemiesSystem/BehaviorTrees/Tasks/BTT_RotateTowardsTarget.uasset" 2768
"C:/Users/symig/Documents/GitHub/ARPG_5.7/Content/TopDown/Blueprints/EnemiesSystem/BehaviorTrees/Tasks/BTT_RotateTowardsTarget.uexp" 2769
"C:/Users/symig/Documents/GitHub/ARPG_5.7/Content/TopDown/Blueprints/EnemiesSystem/BehaviorTrees/Tasks/BTT_StopMovement.uasset" 2770
"C:/Users/symig/Documents/GitHub/ARPG_5.7/Content/TopDown/Blueprints/EnemiesSystem/BehaviorTrees/Tasks/BTT_StopMovement.uexp" 2771
"C:/Users/symig/Documents/GitHub/ARPG_5.7/Content/TopDown/Blueprints/Assets/NPC/BBT_Npc.uasset" 2772
"C:/Users/symig/Documents/GitHub/ARPG_5.7/Content/TopDown/Blueprints/Assets/NPC/BBT_Npc.uexp" 2773
"C:/Users/symig/Documents/GitHub/ARPG_5.7/Content/TopDown/Blueprints/Assets/NPC/INpcController.uasset" 2774
"C:/Users/symig/Documents/GitHub/ARPG_5.7/Content/TopDown/Blueprints/Assets/NPC/INpcController.uexp" 2775
"C:/Users/symig/Documents/GitHub/ARPG_5.7/Content/TopDown/Blueprints/Assets/NPC/AIC_Npc.uasset" 2776
"C:/Users/symig/Documents/GitHub/ARPG_5.7/Content/TopDown/Blueprints/Assets/NPC/AIC_Npc.uexp" 2777
"C:/Users/symig/Documents/GitHub/ARPG_5.7/Content/TopDown/Blueprints/Assets/NPC/INpc.uasset" 2778
"C:/Users/symig/Documents/GitHub/ARPG_5.7/Content/TopDown/Blueprints/Assets/NPC/INpc.uexp" 2779
"C:/Users/symig/Documents/GitHub/ARPG_5.7/Content/TopDown/Blueprints/Assets/NPC/BP_Npc.uasset" 2780
"C:/Users/symig/Documents/GitHub/ARPG_5.7/Content/TopDown/Blueprints/Assets/NPC/BP_Npc.uexp" 2781
"C:/Users/symig/Documents/GitHub/ARPG_5.7/Content/TopDown/Blueprints/Assets/BP_Healer.uasset" 2782
"C:/Users/symig/Documents/GitHub/ARPG_5.7/Content/TopDown/Blueprints/Assets/BP_Healer.uexp" 2783
"../../../Engine/Content/EngineMaterials/DefaultNormal_Uncompressed.ubulk" 2784
"../../../Engine/Content/EngineMaterials/DefaultNormal_Uncompressed.uasset" 2785
"../../../Engine/Content/EngineMaterials/DefaultNormal_Uncompressed.uexp" 2786
"../../../Engine/Content/Functions/Engine_MaterialFunctions02/Math/CreateThirdOrthogonalVector.uasset" 2787
"../../../Engine/Content/Functions/Engine_MaterialFunctions02/Math/CreateThirdOrthogonalVector.uexp" 2788
"../../../Engine/Content/Functions/Engine_MaterialFunctions02/WorldAlignedNormals_HighQuality.uasset" 2789
"../../../Engine/Content/Functions/Engine_MaterialFunctions02/WorldAlignedNormals_HighQuality.uexp" 2790
"C:/Users/symig/Documents/GitHub/ARPG_5.7/Content/TopDown/Data/Textures/T_Brick_Hewn_Stone_D.ubulk" 2791
"C:/Users/symig/Documents/GitHub/ARPG_5.7/Content/TopDown/Data/Textures/T_Brick_Hewn_Stone_D.uasset" 2792
"C:/Users/symig/Documents/GitHub/ARPG_5.7/Content/TopDown/Data/Textures/T_Brick_Hewn_Stone_D.uexp" 2793
"../../../Engine/Content/Functions/Engine_MaterialFunctions01/Texturing/WorldAlignedNormal.uasset" 2794
"../../../Engine/Content/Functions/Engine_MaterialFunctions01/Texturing/WorldAlignedNormal.uexp" 2795
"C:/Users/symig/Documents/GitHub/ARPG_5.7/Content/TopDown/Data/Textures/T_Brick_Hewn_Stone_N.ubulk" 2796
"C:/Users/symig/Documents/GitHub/ARPG_5.7/Content/TopDown/Data/Textures/T_Brick_Hewn_Stone_N.uasset" 2797
"C:/Users/symig/Documents/GitHub/ARPG_5.7/Content/TopDown/Data/Textures/T_Brick_Hewn_Stone_N.uexp" 2798
"C:/Users/symig/Documents/GitHub/ARPG_5.7/Content/TopDown/Materials/ArenaMaterial/M_Floor.uasset" 2799
"C:/Users/symig/Documents/GitHub/ARPG_5.7/Content/TopDown/Materials/ArenaMaterial/M_Floor.uexp" 2800
"C:/Users/symig/Documents/GitHub/ARPG_5.7/Content/TopDown/Data/SM_Floor.ubulk" 2801
"C:/Users/symig/Documents/GitHub/ARPG_5.7/Content/TopDown/Data/SM_Floor.uasset" 2802
"C:/Users/symig/Documents/GitHub/ARPG_5.7/Content/TopDown/Data/SM_Floor.uexp" 2803
"C:/Users/symig/Documents/GitHub/ARPG_5.7/Content/TopDown/Blueprints/Fading/MF_CylinderMask.uasset" 2804
"C:/Users/symig/Documents/GitHub/ARPG_5.7/Content/TopDown/Blueprints/Fading/MF_CylinderMask.uexp" 2805
"C:/Users/symig/Documents/GitHub/ARPG_5.7/Content/TopDown/Blueprints/Fading/M_FadeWall.uasset" 2806
"C:/Users/symig/Documents/GitHub/ARPG_5.7/Content/TopDown/Blueprints/Fading/M_FadeWall.uexp" 2807
"C:/Users/symig/Documents/GitHub/ARPG_5.7/Content/TopDown/Blueprints/Fading/MI_FadeWall.uasset" 2808
"C:/Users/symig/Documents/GitHub/ARPG_5.7/Content/TopDown/Blueprints/Fading/MI_FadeWall.uexp" 2809
"C:/Users/symig/Documents/GitHub/ARPG_5.7/Content/TopDown/Data/SM_Wall.ubulk" 2810
"C:/Users/symig/Documents/GitHub/ARPG_5.7/Content/TopDown/Data/SM_Wall.uasset" 2811
"C:/Users/symig/Documents/GitHub/ARPG_5.7/Content/TopDown/Data/SM_Wall.uexp" 2812
"C:/Users/symig/Documents/GitHub/ARPG_5.7/Content/TopDown/Data/SM_WallWindow.ubulk" 2813
"C:/Users/symig/Documents/GitHub/ARPG_5.7/Content/TopDown/Data/SM_WallWindow.uasset" 2814
"C:/Users/symig/Documents/GitHub/ARPG_5.7/Content/TopDown/Data/SM_WallWindow.uexp" 2815
"C:/Users/symig/Documents/GitHub/ARPG_5.7/Content/Fantastic_Village_Pack/textures/T_PROP_wood_log_burn.ubulk" 2816
"C:/Users/symig/Documents/GitHub/ARPG_5.7/Content/Fantastic_Village_Pack/textures/T_PROP_wood_log_burn.uasset" 2817
"C:/Users/symig/Documents/GitHub/ARPG_5.7/Content/Fantastic_Village_Pack/textures/T_PROP_wood_log_burn.uexp" 2818
"C:/Users/symig/Documents/GitHub/ARPG_5.7/Content/Fantastic_Village_Pack/textures/T_PROP_wood_log_burn_E.ubulk" 2819
"C:/Users/symig/Documents/GitHub/ARPG_5.7/Content/Fantastic_Village_Pack/textures/T_PROP_wood_log_burn_E.uasset" 2820
"C:/Users/symig/Documents/GitHub/ARPG_5.7/Content/Fantastic_Village_Pack/textures/T_PROP_wood_log_burn_E.uexp" 2821
"C:/Users/symig/Documents/GitHub/ARPG_5.7/Content/Fantastic_Village_Pack/textures/T_ember_BC.ubulk" 2822
"C:/Users/symig/Documents/GitHub/ARPG_5.7/Content/Fantastic_Village_Pack/textures/T_ember_BC.uasset" 2823
"C:/Users/symig/Documents/GitHub/ARPG_5.7/Content/Fantastic_Village_Pack/textures/T_ember_BC.uexp" 2824
"C:/Users/symig/Documents/GitHub/ARPG_5.7/Content/Fantastic_Village_Pack/textures/T_ember_E.ubulk" 2825
"C:/Users/symig/Documents/GitHub/ARPG_5.7/Content/Fantastic_Village_Pack/textures/T_ember_E.uasset" 2826
"C:/Users/symig/Documents/GitHub/ARPG_5.7/Content/Fantastic_Village_Pack/textures/T_ember_E.uexp" 2827
"C:/Users/symig/Documents/GitHub/ARPG_5.7/Content/TopDown/Materials/master_materials/M_Master_opaque_emissive.uasset" 2828
"C:/Users/symig/Documents/GitHub/ARPG_5.7/Content/TopDown/Materials/master_materials/M_Master_opaque_emissive.uexp" 2829
"C:/Users/symig/Documents/GitHub/ARPG_5.7/Content/TopDown/Materials/MI_PROP_wood_log_burn.uasset" 2830
"C:/Users/symig/Documents/GitHub/ARPG_5.7/Content/TopDown/Materials/MI_PROP_wood_log_burn.uexp" 2831
"C:/Users/symig/Documents/GitHub/ARPG_5.7/Content/TopDown/Data/SM_PROP_campfire.ubulk" 2832
"C:/Users/symig/Documents/GitHub/ARPG_5.7/Content/TopDown/Data/SM_PROP_campfire.uasset" 2833
"C:/Users/symig/Documents/GitHub/ARPG_5.7/Content/TopDown/Data/SM_PROP_campfire.uexp" 2834
"C:/Users/symig/Documents/GitHub/ARPG_5.7/Content/TopDown/Blueprints/Assets/BP_AbstractDungeonProp.uasset" 2835
"C:/Users/symig/Documents/GitHub/ARPG_5.7/Content/TopDown/Blueprints/Assets/BP_AbstractDungeonProp.uexp" 2836
"C:/Users/symig/Documents/GitHub/ARPG_5.7/Content/TopDown/Blueprints/HUD/Widget_CardSelection.uasset" 2837
"C:/Users/symig/Documents/GitHub/ARPG_5.7/Content/TopDown/Blueprints/HUD/Widget_CardSelection.uexp" 2838
"C:/Users/symig/Documents/GitHub/ARPG_5.7/Content/TopDown/Blueprints/Assets/BP_Campfire.uasset" 2839
"C:/Users/symig/Documents/GitHub/ARPG_5.7/Content/TopDown/Blueprints/Assets/BP_Campfire.uexp" 2840
"C:/Users/symig/Documents/GitHub/ARPG_5.7/Content/TopDown/Animations/Niagara/M_Tentacle.uasset" 2841
"C:/Users/symig/Documents/GitHub/ARPG_5.7/Content/TopDown/Animations/Niagara/M_Tentacle.uexp" 2842
"C:/Users/symig/Documents/GitHub/ARPG_5.7/Content/TopDown/Animations/Niagara/NS_Tentacle.uasset" 2843
"C:/Users/symig/Documents/GitHub/ARPG_5.7/Content/TopDown/Animations/Niagara/NS_Tentacle.uexp" 2844
"C:/Users/symig/Documents/GitHub/ARPG_5.7/Content/TopDown/Blueprints/HUD/Widget_CardRemoval.uasset" 2845
"C:/Users/symig/Documents/GitHub/ARPG_5.7/Content/TopDown/Blueprints/HUD/Widget_CardRemoval.uexp" 2846
"C:/Users/symig/Documents/GitHub/ARPG_5.7/Content/TopDown/Blueprints/Assets/BP_CardRemover.uasset" 2847
"C:/Users/symig/Documents/GitHub/ARPG_5.7/Content/TopDown/Blueprints/Assets/BP_CardRemover.uexp" 2848
"C:/Users/symig/Documents/GitHub/ARPG_5.7/Content/TopDown/Data/SM_Angel_statue.ubulk" 2849
"C:/Users/symig/Documents/GitHub/ARPG_5.7/Content/TopDown/Data/SM_Angel_statue.uasset" 2850
"C:/Users/symig/Documents/GitHub/ARPG_5.7/Content/TopDown/Data/SM_Angel_statue.uexp" 2851
"C:/Users/symig/Documents/GitHub/ARPG_5.7/Content/TopDown/Materials/M_CardBackground3d.uasset" 2852
"C:/Users/symig/Documents/GitHub/ARPG_5.7/Content/TopDown/Materials/M_CardBackground3d.uexp" 2853
"C:/Users/symig/Documents/GitHub/ARPG_5.7/Content/TopDown/Data/SM_HollowBox.ubulk" 2854
"C:/Users/symig/Documents/GitHub/ARPG_5.7/Content/TopDown/Data/SM_HollowBox.uasset" 2855
"C:/Users/symig/Documents/GitHub/ARPG_5.7/Content/TopDown/Data/SM_HollowBox.uexp" 2856
"C:/Users/symig/Documents/GitHub/ARPG_5.7/Content/TopDown/Textures/BrickWall/Curated_Stone_Facade_vjqifhu_1K_AO.ubulk" 2857
"C:/Users/symig/Documents/GitHub/ARPG_5.7/Content/TopDown/Textures/BrickWall/Curated_Stone_Facade_vjqifhu_1K_AO.uasset" 2858
"C:/Users/symig/Documents/GitHub/ARPG_5.7/Content/TopDown/Textures/BrickWall/Curated_Stone_Facade_vjqifhu_1K_AO.uexp" 2859
"C:/Users/symig/Documents/GitHub/ARPG_5.7/Content/TopDown/Textures/BrickWall/Curated_Stone_Facade_vjqifhu_1K_BaseColor.ubulk" 2860
"C:/Users/symig/Documents/GitHub/ARPG_5.7/Content/TopDown/Textures/BrickWall/Curated_Stone_Facade_vjqifhu_1K_BaseColor.uasset" 2861
"C:/Users/symig/Documents/GitHub/ARPG_5.7/Content/TopDown/Textures/BrickWall/Curated_Stone_Facade_vjqifhu_1K_BaseColor.uexp" 2862
"C:/Users/symig/Documents/GitHub/ARPG_5.7/Content/TopDown/Textures/BrickWall/Curated_Stone_Facade_vjqifhu_1K_Normal.ubulk" 2863
"C:/Users/symig/Documents/GitHub/ARPG_5.7/Content/TopDown/Textures/BrickWall/Curated_Stone_Facade_vjqifhu_1K_Normal.uasset" 2864
"C:/Users/symig/Documents/GitHub/ARPG_5.7/Content/TopDown/Textures/BrickWall/Curated_Stone_Facade_vjqifhu_1K_Normal.uexp" 2865
"C:/Users/symig/Documents/GitHub/ARPG_5.7/Content/TopDown/Textures/BrickWall/Curated_Stone_Facade_vjqifhu_1K_Roughness.ubulk" 2866
"C:/Users/symig/Documents/GitHub/ARPG_5.7/Content/TopDown/Textures/BrickWall/Curated_Stone_Facade_vjqifhu_1K_Roughness.uasset" 2867
"C:/Users/symig/Documents/GitHub/ARPG_5.7/Content/TopDown/Textures/BrickWall/Curated_Stone_Facade_vjqifhu_1K_Roughness.uexp" 2868
"C:/Users/symig/Documents/GitHub/ARPG_5.7/Content/TopDown/Textures/BrickWall/Curated_Stone_Facade_vjqifhu_1K_Specular.ubulk" 2869
"C:/Users/symig/Documents/GitHub/ARPG_5.7/Content/TopDown/Textures/BrickWall/Curated_Stone_Facade_vjqifhu_1K_Specular.uasset" 2870
"C:/Users/symig/Documents/GitHub/ARPG_5.7/Content/TopDown/Textures/BrickWall/Curated_Stone_Facade_vjqifhu_1K_Specular.uexp" 2871
"C:/Users/symig/Documents/GitHub/ARPG_5.7/Content/TopDown/Materials/M_AncientTempleWall.uasset" 2872
"C:/Users/symig/Documents/GitHub/ARPG_5.7/Content/TopDown/Materials/M_AncientTempleWall.uexp" 2873
"C:/Users/symig/Documents/GitHub/ARPG_5.7/Content/TopDown/Data/SM_StoneArc.ubulk" 2874
"C:/Users/symig/Documents/GitHub/ARPG_5.7/Content/TopDown/Data/SM_StoneArc.uasset" 2875
"C:/Users/symig/Documents/GitHub/ARPG_5.7/Content/TopDown/Data/SM_StoneArc.uexp" 2876
"C:/Users/symig/Documents/GitHub/ARPG_5.7/Content/TopDown/Blueprints/HUD/Widget_CardTuner.uasset" 2877
"C:/Users/symig/Documents/GitHub/ARPG_5.7/Content/TopDown/Blueprints/HUD/Widget_CardTuner.uexp" 2878
"C:/Users/symig/Documents/GitHub/ARPG_5.7/Content/TopDown/Blueprints/Assets/BP_CardTuner.uasset" 2879
"C:/Users/symig/Documents/GitHub/ARPG_5.7/Content/TopDown/Blueprints/Assets/BP_CardTuner.uexp" 2880
"C:/Users/symig/Documents/GitHub/ARPG_5.7/Content/TopDown/Data/helmet_mesh.ubulk" 2881
"C:/Users/symig/Documents/GitHub/ARPG_5.7/Content/TopDown/Data/helmet_mesh.uasset" 2882
"C:/Users/symig/Documents/GitHub/ARPG_5.7/Content/TopDown/Data/helmet_mesh.uexp" 2883
"C:/Users/symig/Documents/GitHub/ARPG_5.7/Content/Dungeon/Textures/Torture_Devices_Breaking_Wheel/T_Torture_Devices_Breaking_Wheel_AO_R_MT.ubulk" 2884
"C:/Users/symig/Documents/GitHub/ARPG_5.7/Content/Dungeon/Textures/Torture_Devices_Breaking_Wheel/T_Torture_Devices_Breaking_Wheel_AO_R_MT.uasset" 2885
"C:/Users/symig/Documents/GitHub/ARPG_5.7/Content/Dungeon/Textures/Torture_Devices_Breaking_Wheel/T_Torture_Devices_Breaking_Wheel_AO_R_MT.uexp" 2886
"C:/Users/symig/Documents/GitHub/ARPG_5.7/Content/Dungeon/Textures/Torture_Devices_Breaking_Wheel/T_Torture_Devices_Breaking_Wheel_BC.ubulk" 2887
"C:/Users/symig/Documents/GitHub/ARPG_5.7/Content/Dungeon/Textures/Torture_Devices_Breaking_Wheel/T_Torture_Devices_Breaking_Wheel_BC.uasset" 2888
"C:/Users/symig/Documents/GitHub/ARPG_5.7/Content/Dungeon/Textures/Torture_Devices_Breaking_Wheel/T_Torture_Devices_Breaking_Wheel_BC.uexp" 2889
"C:/Users/symig/Documents/GitHub/ARPG_5.7/Content/Dungeon/Textures/Torture_Devices_Breaking_Wheel/T_Torture_Devices_Breaking_Wheel_N.ubulk" 2890
"C:/Users/symig/Documents/GitHub/ARPG_5.7/Content/Dungeon/Textures/Torture_Devices_Breaking_Wheel/T_Torture_Devices_Breaking_Wheel_N.uasset" 2891
"C:/Users/symig/Documents/GitHub/ARPG_5.7/Content/Dungeon/Textures/Torture_Devices_Breaking_Wheel/T_Torture_Devices_Breaking_Wheel_N.uexp" 2892
"C:/Users/symig/Documents/GitHub/ARPG_5.7/Content/Dungeon/Materials/M_Base.uasset" 2893
"C:/Users/symig/Documents/GitHub/ARPG_5.7/Content/Dungeon/Materials/M_Base.uexp" 2894
"C:/Users/symig/Documents/GitHub/ARPG_5.7/Content/Dungeon/Textures/Torch/T_Torch_AO_R_MT.ubulk" 2895
"C:/Users/symig/Documents/GitHub/ARPG_5.7/Content/Dungeon/Textures/Torch/T_Torch_AO_R_MT.uasset" 2896
"C:/Users/symig/Documents/GitHub/ARPG_5.7/Content/Dungeon/Textures/Torch/T_Torch_AO_R_MT.uexp" 2897
"C:/Users/symig/Documents/GitHub/ARPG_5.7/Content/Dungeon/Textures/Torch/T_Torch_BC.ubulk" 2898
"C:/Users/symig/Documents/GitHub/ARPG_5.7/Content/Dungeon/Textures/Torch/T_Torch_BC.uasset" 2899
"C:/Users/symig/Documents/GitHub/ARPG_5.7/Content/Dungeon/Textures/Torch/T_Torch_BC.uexp" 2900
"C:/Users/symig/Documents/GitHub/ARPG_5.7/Content/Dungeon/Textures/Torch/T_Torch_N.ubulk" 2901
"C:/Users/symig/Documents/GitHub/ARPG_5.7/Content/Dungeon/Textures/Torch/T_Torch_N.uasset" 2902
"C:/Users/symig/Documents/GitHub/ARPG_5.7/Content/Dungeon/Textures/Torch/T_Torch_N.uexp" 2903
"C:/Users/symig/Documents/GitHub/ARPG_5.7/Content/Dungeon/Material_Instances/MI_Torch.uasset" 2904
"C:/Users/symig/Documents/GitHub/ARPG_5.7/Content/Dungeon/Material_Instances/MI_Torch.uexp" 2905
"C:/Users/symig/Documents/GitHub/ARPG_5.7/Content/TopDown/Data/SM_Torch.ubulk" 2906
"C:/Users/symig/Documents/GitHub/ARPG_5.7/Content/TopDown/Data/SM_Torch.uasset" 2907
"C:/Users/symig/Documents/GitHub/ARPG_5.7/Content/TopDown/Data/SM_Torch.uexp" 2908
"C:/Users/symig/Documents/GitHub/ARPG_5.7/Content/TopDown/Blueprints/GameStart/Saving/SaveGame_Merchant.uasset" 2909
"C:/Users/symig/Documents/GitHub/ARPG_5.7/Content/TopDown/Blueprints/GameStart/Saving/SaveGame_Merchant.uexp" 2910
"C:/Users/symig/Documents/GitHub/ARPG_5.7/Content/TopDown/Blueprints/InventorySystem/Merchant/MerchantInventoryComponent.uasset" 2911
"C:/Users/symig/Documents/GitHub/ARPG_5.7/Content/TopDown/Blueprints/InventorySystem/Merchant/MerchantInventoryComponent.uexp" 2912
"C:/Users/symig/Documents/GitHub/ARPG_5.7/Content/TopDown/Blueprints/InventorySystem/Widget_GenericInventory.uasset" 2913
"C:/Users/symig/Documents/GitHub/ARPG_5.7/Content/TopDown/Blueprints/InventorySystem/Widget_GenericInventory.uexp" 2914
"C:/Users/symig/Documents/GitHub/ARPG_5.7/Content/TopDown/Blueprints/InventorySystem/Merchant/Widget_MerchantInventory.uasset" 2915
"C:/Users/symig/Documents/GitHub/ARPG_5.7/Content/TopDown/Blueprints/InventorySystem/Merchant/Widget_MerchantInventory.uexp" 2916
"C:/Users/symig/Documents/GitHub/ARPG_5.7/Content/TopDown/Blueprints/Assets/BP_Merchant.uasset" 2917
"C:/Users/symig/Documents/GitHub/ARPG_5.7/Content/TopDown/Blueprints/Assets/BP_Merchant.uexp" 2918
"C:/Users/symig/Documents/GitHub/ARPG_5.7/Content/TopDown/Data/SM_TorchHandle.ubulk" 2919
"C:/Users/symig/Documents/GitHub/ARPG_5.7/Content/TopDown/Data/SM_TorchHandle.uasset" 2920
"C:/Users/symig/Documents/GitHub/ARPG_5.7/Content/TopDown/Data/SM_TorchHandle.uexp" 2921
"C:/Users/symig/Documents/GitHub/ARPG_5.7/Content/TopDown/Materials/M_Shadow.uasset" 2922
"C:/Users/symig/Documents/GitHub/ARPG_5.7/Content/TopDown/Materials/M_Shadow.uexp" 2923
"C:/Users/symig/Documents/GitHub/ARPG_5.7/Content/TopDown/Blueprints/Assets/BP_Torch.uasset" 2924
"C:/Users/symig/Documents/GitHub/ARPG_5.7/Content/TopDown/Blueprints/Assets/BP_Torch.uexp" 2925
"C:/Users/symig/Documents/GitHub/ARPG_5.7/Content/TopDown/Materials/ArenaMaterial/M_Wall2.uasset" 2926
"C:/Users/symig/Documents/GitHub/ARPG_5.7/Content/TopDown/Materials/ArenaMaterial/M_Wall2.uexp" 2927
"C:/Users/symig/Documents/GitHub/ARPG_5.7/Content/TopDown/Materials/M_Window.uasset" 2928
"C:/Users/symig/Documents/GitHub/ARPG_5.7/Content/TopDown/Materials/M_Window.uexp" 2929
"../../../Engine/Content/EngineVolumetrics/LightBeam/Materials/T_EV_DustPanner_01.ubulk" 2930
"../../../Engine/Content/EngineVolumetrics/LightBeam/Materials/T_EV_DustPanner_01.uasset" 2931
"../../../Engine/Content/EngineVolumetrics/LightBeam/Materials/T_EV_DustPanner_01.uexp" 2932
"../../../Engine/Content/EngineVolumetrics/LightBeam/Materials/T_EV_LightBeam_Falloff_01.ubulk" 2933
"../../../Engine/Content/EngineVolumetrics/LightBeam/Materials/T_EV_LightBeam_Falloff_01.uasset" 2934
"../../../Engine/Content/EngineVolumetrics/LightBeam/Materials/T_EV_LightBeam_Falloff_01.uexp" 2935
"../../../Engine/Content/EngineVolumetrics/LightBeam/Materials/T_EV_LightBeam_Falloff_02.uasset" 2936
"../../../Engine/Content/EngineVolumetrics/LightBeam/Materials/T_EV_LightBeam_Falloff_02.uexp" 2937
"../../../Engine/Content/EngineVolumetrics/LightBeam/Materials/M_EV_Lightbeam_Master_01.uasset" 2938
"../../../Engine/Content/EngineVolumetrics/LightBeam/Materials/M_EV_Lightbeam_Master_01.uexp" 2939
"../../../Engine/Content/EngineVolumetrics/LightBeam/Mesh/S_EV_SimpleLightBeam_01.ubulk" 2940
"../../../Engine/Content/EngineVolumetrics/LightBeam/Mesh/S_EV_SimpleLightBeam_01.uasset" 2941
"../../../Engine/Content/EngineVolumetrics/LightBeam/Mesh/S_EV_SimpleLightBeam_01.uexp" 2942
"C:/Users/symig/Documents/GitHub/ARPG_5.7/Content/TopDown/Materials/LightBeamMaterial/T_EV_DustPanner_01.ubulk" 2943
"C:/Users/symig/Documents/GitHub/ARPG_5.7/Content/TopDown/Materials/LightBeamMaterial/T_EV_DustPanner_01.uasset" 2944
"C:/Users/symig/Documents/GitHub/ARPG_5.7/Content/TopDown/Materials/LightBeamMaterial/T_EV_DustPanner_01.uexp" 2945
"C:/Users/symig/Documents/GitHub/ARPG_5.7/Content/TopDown/Materials/LightBeamMaterial/T_EV_LightBeam_Falloff_01.ubulk" 2946
"C:/Users/symig/Documents/GitHub/ARPG_5.7/Content/TopDown/Materials/LightBeamMaterial/T_EV_LightBeam_Falloff_01.uasset" 2947
"C:/Users/symig/Documents/GitHub/ARPG_5.7/Content/TopDown/Materials/LightBeamMaterial/T_EV_LightBeam_Falloff_01.uexp" 2948
"C:/Users/symig/Documents/GitHub/ARPG_5.7/Content/TopDown/Materials/LightBeamMaterial/T_EV_LightBeam_Falloff_02.uasset" 2949
"C:/Users/symig/Documents/GitHub/ARPG_5.7/Content/TopDown/Materials/LightBeamMaterial/T_EV_LightBeam_Falloff_02.uexp" 2950
"C:/Users/symig/Documents/GitHub/ARPG_5.7/Content/TopDown/Materials/LightBeamMaterial/M_EV_Lightbeam_Master_01.uasset" 2951
"C:/Users/symig/Documents/GitHub/ARPG_5.7/Content/TopDown/Materials/LightBeamMaterial/M_EV_Lightbeam_Master_01.uexp" 2952
"C:/Users/symig/Documents/GitHub/ARPG_5.7/Content/TopDown/Materials/LightBeamMaterial/M_EV_Lightbeam_Master_01_Inst.uasset" 2953
"C:/Users/symig/Documents/GitHub/ARPG_5.7/Content/TopDown/Materials/LightBeamMaterial/M_EV_Lightbeam_Master_01_Inst.uexp" 2954
"C:/Users/symig/Documents/GitHub/ARPG_5.7/Content/TopDown/Blueprints/Assets/BP_WallWindow.uasset" 2955
"C:/Users/symig/Documents/GitHub/ARPG_5.7/Content/TopDown/Blueprints/Assets/BP_WallWindow.uexp" 2956
"C:/Users/symig/Documents/GitHub/ARPG_5.7/Content/Fantastic_Village_Pack/textures/T_metal_01_N.ubulk" 2957
"C:/Users/symig/Documents/GitHub/ARPG_5.7/Content/Fantastic_Village_Pack/textures/T_metal_01_N.uasset" 2958
"C:/Users/symig/Documents/GitHub/ARPG_5.7/Content/Fantastic_Village_Pack/textures/T_metal_01_N.uexp" 2959
"C:/Users/symig/Documents/GitHub/ARPG_5.7/Content/Fantastic_Village_Pack/textures/T_metal_02_BC.ubulk" 2960
"C:/Users/symig/Documents/GitHub/ARPG_5.7/Content/Fantastic_Village_Pack/textures/T_metal_02_BC.uasset" 2961
"C:/Users/symig/Documents/GitHub/ARPG_5.7/Content/Fantastic_Village_Pack/textures/T_metal_02_BC.uexp" 2962
"C:/Users/symig/Documents/GitHub/ARPG_5.7/Content/TopDown/Materials/MI_metal_02.uasset" 2963
"C:/Users/symig/Documents/GitHub/ARPG_5.7/Content/TopDown/Materials/MI_metal_02.uexp" 2964
"C:/Users/symig/Documents/GitHub/ARPG_5.7/Content/Fantastic_Village_Pack/textures/T_wood_05_BC.ubulk" 2965
"C:/Users/symig/Documents/GitHub/ARPG_5.7/Content/Fantastic_Village_Pack/textures/T_wood_05_BC.uasset" 2966
"C:/Users/symig/Documents/GitHub/ARPG_5.7/Content/Fantastic_Village_Pack/textures/T_wood_05_BC.uexp" 2967
"C:/Users/symig/Documents/GitHub/ARPG_5.7/Content/Fantastic_Village_Pack/textures/T_wood_05_N.ubulk" 2968
"C:/Users/symig/Documents/GitHub/ARPG_5.7/Content/Fantastic_Village_Pack/textures/T_wood_05_N.uasset" 2969
"C:/Users/symig/Documents/GitHub/ARPG_5.7/Content/Fantastic_Village_Pack/textures/T_wood_05_N.uexp" 2970
"C:/Users/symig/Documents/GitHub/ARPG_5.7/Content/TopDown/Materials/MI_wood_05.uasset" 2971
"C:/Users/symig/Documents/GitHub/ARPG_5.7/Content/TopDown/Materials/MI_wood_05.uexp" 2972
"C:/Users/symig/Documents/GitHub/ARPG_5.7/Content/Fantastic_Village_Pack/textures/T_stonebrick_01_N.ubulk" 2973
"C:/Users/symig/Documents/GitHub/ARPG_5.7/Content/Fantastic_Village_Pack/textures/T_stonebrick_01_N.uasset" 2974
"C:/Users/symig/Documents/GitHub/ARPG_5.7/Content/Fantastic_Village_Pack/textures/T_stonebrick_01_N.uexp" 2975
"C:/Users/symig/Documents/GitHub/ARPG_5.7/Content/Fantastic_Village_Pack/textures/T_stonebrick_02_BC.ubulk" 2976
"C:/Users/symig/Documents/GitHub/ARPG_5.7/Content/Fantastic_Village_Pack/textures/T_stonebrick_02_BC.uasset" 2977
"C:/Users/symig/Documents/GitHub/ARPG_5.7/Content/Fantastic_Village_Pack/textures/T_stonebrick_02_BC.uexp" 2978
"C:/Users/symig/Documents/GitHub/ARPG_5.7/Content/TopDown/Materials/MI_stonebrick_02.uasset" 2979
"C:/Users/symig/Documents/GitHub/ARPG_5.7/Content/TopDown/Materials/MI_stonebrick_02.uexp" 2980
"C:/Users/symig/Documents/GitHub/ARPG_5.7/Content/Fantastic_Village_Pack/textures/T_rooftiles_03_BC.ubulk" 2981
"C:/Users/symig/Documents/GitHub/ARPG_5.7/Content/Fantastic_Village_Pack/textures/T_rooftiles_03_BC.uasset" 2982
"C:/Users/symig/Documents/GitHub/ARPG_5.7/Content/Fantastic_Village_Pack/textures/T_rooftiles_03_BC.uexp" 2983
"C:/Users/symig/Documents/GitHub/ARPG_5.7/Content/Fantastic_Village_Pack/textures/T_rooftiles_03_N.ubulk" 2984
"C:/Users/symig/Documents/GitHub/ARPG_5.7/Content/Fantastic_Village_Pack/textures/T_rooftiles_03_N.uasset" 2985
"C:/Users/symig/Documents/GitHub/ARPG_5.7/Content/Fantastic_Village_Pack/textures/T_rooftiles_03_N.uexp" 2986
"C:/Users/symig/Documents/GitHub/ARPG_5.7/Content/TopDown/Materials/MI_rooftiles_03.uasset" 2987
"C:/Users/symig/Documents/GitHub/ARPG_5.7/Content/TopDown/Materials/MI_rooftiles_03.uexp" 2988
"C:/Users/symig/Documents/GitHub/ARPG_5.7/Content/Fantastic_Village_Pack/textures/T_wood_detail_01_BC.ubulk" 2989
"C:/Users/symig/Documents/GitHub/ARPG_5.7/Content/Fantastic_Village_Pack/textures/T_wood_detail_01_BC.uasset" 2990
"C:/Users/symig/Documents/GitHub/ARPG_5.7/Content/Fantastic_Village_Pack/textures/T_wood_detail_01_BC.uexp" 2991
"C:/Users/symig/Documents/GitHub/ARPG_5.7/Content/Fantastic_Village_Pack/textures/T_leather.ubulk" 2992
"C:/Users/symig/Documents/GitHub/ARPG_5.7/Content/Fantastic_Village_Pack/textures/T_leather.uasset" 2993
"C:/Users/symig/Documents/GitHub/ARPG_5.7/Content/Fantastic_Village_Pack/textures/T_leather.uexp" 2994
"C:/Users/symig/Documents/GitHub/ARPG_5.7/Content/TopDown/Materials/master_materials/M_Master_opaque.uasset" 2995
"C:/Users/symig/Documents/GitHub/ARPG_5.7/Content/TopDown/Materials/master_materials/M_Master_opaque.uexp" 2996
"C:/Users/symig/Documents/GitHub/ARPG_5.7/Content/TopDown/Materials/MI_wood_detail_01.uasset" 2997
"C:/Users/symig/Documents/GitHub/ARPG_5.7/Content/TopDown/Materials/MI_wood_detail_01.uexp" 2998
"C:/Users/symig/Documents/GitHub/ARPG_5.7/Content/TopDown/Data/Well/Combined_343290F8.ubulk" 2999
"C:/Users/symig/Documents/GitHub/ARPG_5.7/Content/TopDown/Data/Well/Combined_343290F8.uasset" 3000
"C:/Users/symig/Documents/GitHub/ARPG_5.7/Content/TopDown/Data/Well/Combined_343290F8.uexp" 3001
"C:/Users/symig/Documents/GitHub/ARPG_5.7/Content/TopDown/Data/Well/PlaneCutOtherPart_EA5C7DFF.ubulk" 3002
"C:/Users/symig/Documents/GitHub/ARPG_5.7/Content/TopDown/Data/Well/PlaneCutOtherPart_EA5C7DFF.uasset" 3003
"C:/Users/symig/Documents/GitHub/ARPG_5.7/Content/TopDown/Data/Well/PlaneCutOtherPart_EA5C7DFF.uexp" 3004
"C:/Users/symig/Documents/GitHub/ARPG_5.7/Content/TopDown/Data/Well/SM_PROP_well.ubulk" 3005
"C:/Users/symig/Documents/GitHub/ARPG_5.7/Content/TopDown/Data/Well/SM_PROP_well.uasset" 3006
"C:/Users/symig/Documents/GitHub/ARPG_5.7/Content/TopDown/Data/Well/SM_PROP_well.uexp" 3007
"C:/Users/symig/Documents/GitHub/ARPG_5.7/Content/TopDown/Materials/WaterMaterial/M_Water2.uasset" 3008
"C:/Users/symig/Documents/GitHub/ARPG_5.7/Content/TopDown/Materials/WaterMaterial/M_Water2.uexp" 3009
"C:/Users/symig/Documents/GitHub/ARPG_5.7/Content/TopDown/Blueprints/Assets/BP_Well.uasset" 3010
"C:/Users/symig/Documents/GitHub/ARPG_5.7/Content/TopDown/Blueprints/Assets/BP_Well.uexp" 3011
"C:/Users/symig/Documents/GitHub/ARPG_5.7/Content/TopDown/Blueprints/GameStart/EMeshOrientation.uasset" 3012
"C:/Users/symig/Documents/GitHub/ARPG_5.7/Content/TopDown/Blueprints/GameStart/EMeshOrientation.uexp" 3013
"C:/Users/symig/Documents/GitHub/ARPG_5.7/Content/TopDown/Data/Frame1.ubulk" 3014
"C:/Users/symig/Documents/GitHub/ARPG_5.7/Content/TopDown/Data/Frame1.uasset" 3015
"C:/Users/symig/Documents/GitHub/ARPG_5.7/Content/TopDown/Data/Frame1.uexp" 3016
"C:/Users/symig/Documents/GitHub/ARPG_5.7/Content/TopDown/Data/NewFrame.ubulk" 3017
"C:/Users/symig/Documents/GitHub/ARPG_5.7/Content/TopDown/Data/NewFrame.uasset" 3018
"C:/Users/symig/Documents/GitHub/ARPG_5.7/Content/TopDown/Data/NewFrame.uexp" 3019
"C:/Users/symig/Documents/GitHub/ARPG_5.7/Content/HandPaintedEnvironment/Assets/Textures/Summer/Ruined_walls_normal.ubulk" 3020
"C:/Users/symig/Documents/GitHub/ARPG_5.7/Content/HandPaintedEnvironment/Assets/Textures/Summer/Ruined_walls_normal.uasset" 3021
"C:/Users/symig/Documents/GitHub/ARPG_5.7/Content/HandPaintedEnvironment/Assets/Textures/Summer/Ruined_walls_normal.uexp" 3022
"C:/Users/symig/Documents/GitHub/ARPG_5.7/Content/HandPaintedEnvironment/Assets/Textures/Summer/Ruined_walls_texture.ubulk" 3023
"C:/Users/symig/Documents/GitHub/ARPG_5.7/Content/HandPaintedEnvironment/Assets/Textures/Summer/Ruined_walls_texture.uasset" 3024
"C:/Users/symig/Documents/GitHub/ARPG_5.7/Content/HandPaintedEnvironment/Assets/Textures/Summer/Ruined_walls_texture.uexp" 3025
"C:/Users/symig/Documents/GitHub/ARPG_5.7/Content/TopDown/Materials/ArenaMaterial/M_Door.uasset" 3026
"C:/Users/symig/Documents/GitHub/ARPG_5.7/Content/TopDown/Materials/ArenaMaterial/M_Door.uexp" 3027
"C:/Users/symig/Documents/GitHub/ARPG_5.7/Content/TopDown/Data/SM_Door.ubulk" 3028
"C:/Users/symig/Documents/GitHub/ARPG_5.7/Content/TopDown/Data/SM_Door.uasset" 3029
"C:/Users/symig/Documents/GitHub/ARPG_5.7/Content/TopDown/Data/SM_Door.uexp" 3030
"C:/Users/symig/Documents/GitHub/ARPG_5.7/Content/TopDown/Blueprints/GameStart/Dungeon/FRooomDto.uasset" 3031
"C:/Users/symig/Documents/GitHub/ARPG_5.7/Content/TopDown/Blueprints/GameStart/Dungeon/FRooomDto.uexp" 3032
"C:/Users/symig/Documents/GitHub/ARPG_5.7/Content/TopDown/Blueprints/GameStart/Dungeon/IDoors.uasset" 3033
"C:/Users/symig/Documents/GitHub/ARPG_5.7/Content/TopDown/Blueprints/GameStart/Dungeon/IDoors.uexp" 3034
"C:/Users/symig/Documents/GitHub/ARPG_5.7/Content/TopDown/Blueprints/GameStart/Dungeon/DungeonDoor.uasset" 3035
"C:/Users/symig/Documents/GitHub/ARPG_5.7/Content/TopDown/Blueprints/GameStart/Dungeon/DungeonDoor.uexp" 3036
"C:/Users/symig/Documents/GitHub/ARPG_5.7/Content/TopDown/Blueprints/GameStart/Dungeon/EDungeonAsset.uasset" 3037
"C:/Users/symig/Documents/GitHub/ARPG_5.7/Content/TopDown/Blueprints/GameStart/Dungeon/EDungeonAsset.uexp" 3038
"C:/Users/symig/Documents/GitHub/ARPG_5.7/Content/TopDown/Blueprints/GameStart/Dungeon/DungeonDecorator.uasset" 3039
"C:/Users/symig/Documents/GitHub/ARPG_5.7/Content/TopDown/Blueprints/GameStart/Dungeon/DungeonDecorator.uexp" 3040
"C:/Users/symig/Documents/GitHub/ARPG_5.7/Content/TopDown/Animations/PlayerCharacter/Portal.uasset" 3041
"C:/Users/symig/Documents/GitHub/ARPG_5.7/Content/TopDown/Animations/PlayerCharacter/Portal.uexp" 3042
"C:/Users/symig/Documents/GitHub/ARPG_5.7/Content/TopDown/Animations/PlayerCharacter/Portal_Montage.uasset" 3043
"C:/Users/symig/Documents/GitHub/ARPG_5.7/Content/TopDown/Animations/PlayerCharacter/Portal_Montage.uexp" 3044
"C:/Users/symig/Documents/GitHub/ARPG_5.7/Content/TopDown/Blueprints/EDebuggingType.uasset" 3045
"C:/Users/symig/Documents/GitHub/ARPG_5.7/Content/TopDown/Blueprints/EDebuggingType.uexp" 3046
"C:/Users/symig/Documents/GitHub/ARPG_5.7/Content/TopDown/Blueprints/HUD/Widget_Noobtext.uasset" 3047
"C:/Users/symig/Documents/GitHub/ARPG_5.7/Content/TopDown/Blueprints/HUD/Widget_Noobtext.uexp" 3048
"C:/Users/symig/Documents/GitHub/ARPG_5.7/Content/TopDown/Blueprints/HUD/Widget_CardCombination.uasset" 3049
"C:/Users/symig/Documents/GitHub/ARPG_5.7/Content/TopDown/Blueprints/HUD/Widget_CardCombination.uexp" 3050
"C:/Users/symig/Documents/GitHub/ARPG_5.7/Content/TopDown/Blueprints/GameStart/Widget_Resolution.uasset" 3051
"C:/Users/symig/Documents/GitHub/ARPG_5.7/Content/TopDown/Blueprints/GameStart/Widget_Resolution.uexp" 3052
"C:/Users/symig/Documents/GitHub/ARPG_5.7/Content/TopDown/Blueprints/HUD/Widget_EscapeMenu.uasset" 3053
"C:/Users/symig/Documents/GitHub/ARPG_5.7/Content/TopDown/Blueprints/HUD/Widget_EscapeMenu.uexp" 3054
"C:/Users/symig/Documents/GitHub/ARPG_5.7/Content/TopDown/Blueprints/InputActions/IA_CharacterScreen.uasset" 3055
"C:/Users/symig/Documents/GitHub/ARPG_5.7/Content/TopDown/Blueprints/InputActions/IA_CharacterScreen.uexp" 3056
"C:/Users/symig/Documents/GitHub/ARPG_5.7/Content/TopDown/Blueprints/InputActions/IA_Click.uasset" 3057
"C:/Users/symig/Documents/GitHub/ARPG_5.7/Content/TopDown/Blueprints/InputActions/IA_Click.uexp" 3058
"C:/Users/symig/Documents/GitHub/ARPG_5.7/Content/TopDown/Blueprints/InputActions/IA_CombineCards.uasset" 3059
"C:/Users/symig/Documents/GitHub/ARPG_5.7/Content/TopDown/Blueprints/InputActions/IA_CombineCards.uexp" 3060
"C:/Users/symig/Documents/GitHub/ARPG_5.7/Content/TopDown/Blueprints/InputActions/IA_Debug.uasset" 3061
"C:/Users/symig/Documents/GitHub/ARPG_5.7/Content/TopDown/Blueprints/InputActions/IA_Debug.uexp" 3062
"C:/Users/symig/Documents/GitHub/ARPG_5.7/Content/TopDown/Blueprints/InputActions/IA_Debug1.uasset" 3063
"C:/Users/symig/Documents/GitHub/ARPG_5.7/Content/TopDown/Blueprints/InputActions/IA_Debug1.uexp" 3064
"C:/Users/symig/Documents/GitHub/ARPG_5.7/Content/TopDown/Blueprints/InputActions/IA_Debug2.uasset" 3065
"C:/Users/symig/Documents/GitHub/ARPG_5.7/Content/TopDown/Blueprints/InputActions/IA_Debug2.uexp" 3066
"C:/Users/symig/Documents/GitHub/ARPG_5.7/Content/TopDown/Blueprints/InputActions/IA_DodgeRoll.uasset" 3067
"C:/Users/symig/Documents/GitHub/ARPG_5.7/Content/TopDown/Blueprints/InputActions/IA_DodgeRoll.uexp" 3068
"C:/Users/symig/Documents/GitHub/ARPG_5.7/Content/TopDown/Blueprints/InputActions/IA_EscapeMenu.uasset" 3069
"C:/Users/symig/Documents/GitHub/ARPG_5.7/Content/TopDown/Blueprints/InputActions/IA_EscapeMenu.uexp" 3070
"C:/Users/symig/Documents/GitHub/ARPG_5.7/Content/TopDown/Blueprints/InputActions/IA_Inventory.uasset" 3071
"C:/Users/symig/Documents/GitHub/ARPG_5.7/Content/TopDown/Blueprints/InputActions/IA_Inventory.uexp" 3072
"C:/Users/symig/Documents/GitHub/ARPG_5.7/Content/TopDown/Blueprints/InputActions/IA_Loot.uasset" 3073
"C:/Users/symig/Documents/GitHub/ARPG_5.7/Content/TopDown/Blueprints/InputActions/IA_Loot.uexp" 3074
"C:/Users/symig/Documents/GitHub/ARPG_5.7/Content/TopDown/Blueprints/InputActions/IA_Move.uasset" 3075
"C:/Users/symig/Documents/GitHub/ARPG_5.7/Content/TopDown/Blueprints/InputActions/IA_Move.uexp" 3076
"C:/Users/symig/Documents/GitHub/ARPG_5.7/Content/TopDown/Blueprints/InputActions/IA_Options.uasset" 3077
"C:/Users/symig/Documents/GitHub/ARPG_5.7/Content/TopDown/Blueprints/InputActions/IA_Options.uexp" 3078
"C:/Users/symig/Documents/GitHub/ARPG_5.7/Content/TopDown/Blueprints/InputActions/IA_Portal.uasset" 3079
"C:/Users/symig/Documents/GitHub/ARPG_5.7/Content/TopDown/Blueprints/InputActions/IA_Portal.uexp" 3080
"C:/Users/symig/Documents/GitHub/ARPG_5.7/Content/TopDown/Blueprints/InputActions/IA_Potion.uasset" 3081
"C:/Users/symig/Documents/GitHub/ARPG_5.7/Content/TopDown/Blueprints/InputActions/IA_Potion.uexp" 3082
"C:/Users/symig/Documents/GitHub/ARPG_5.7/Content/TopDown/Blueprints/InputActions/IA_Cards/IA_Card1.uasset" 3083
"C:/Users/symig/Documents/GitHub/ARPG_5.7/Content/TopDown/Blueprints/InputActions/IA_Cards/IA_Card1.uexp" 3084
"C:/Users/symig/Documents/GitHub/ARPG_5.7/Content/TopDown/Blueprints/InputActions/IA_Cards/IA_Card2.uasset" 3085
"C:/Users/symig/Documents/GitHub/ARPG_5.7/Content/TopDown/Blueprints/InputActions/IA_Cards/IA_Card2.uexp" 3086
"C:/Users/symig/Documents/GitHub/ARPG_5.7/Content/TopDown/Blueprints/InputActions/IA_Cards/IA_Card3.uasset" 3087
"C:/Users/symig/Documents/GitHub/ARPG_5.7/Content/TopDown/Blueprints/InputActions/IA_Cards/IA_Card3.uexp" 3088
"C:/Users/symig/Documents/GitHub/ARPG_5.7/Content/TopDown/Blueprints/InputActions/IA_Cards/IA_Card4.uasset" 3089
"C:/Users/symig/Documents/GitHub/ARPG_5.7/Content/TopDown/Blueprints/InputActions/IA_Cards/IA_Card4.uexp" 3090
"C:/Users/symig/Documents/GitHub/ARPG_5.7/Content/TopDown/Blueprints/InputActions/IA_Cards/IA_Card5.uasset" 3091
"C:/Users/symig/Documents/GitHub/ARPG_5.7/Content/TopDown/Blueprints/InputActions/IA_Cards/IA_Card5.uexp" 3092
"C:/Users/symig/Documents/GitHub/ARPG_5.7/Content/TopDown/Blueprints/InputActions/IA_PassiveTree.uasset" 3093
"C:/Users/symig/Documents/GitHub/ARPG_5.7/Content/TopDown/Blueprints/InputActions/IA_PassiveTree.uexp" 3094
"C:/Users/symig/Documents/GitHub/ARPG_5.7/Content/TopDown/Blueprints/InputActions/IA_Detonate.uasset" 3095
"C:/Users/symig/Documents/GitHub/ARPG_5.7/Content/TopDown/Blueprints/InputActions/IA_Detonate.uexp" 3096
"C:/Users/symig/Documents/GitHub/ARPG_5.7/Content/TopDown/Blueprints/InputActions/IA_RightClick.uasset" 3097
"C:/Users/symig/Documents/GitHub/ARPG_5.7/Content/TopDown/Blueprints/InputActions/IA_RightClick.uexp" 3098
"C:/Users/symig/Documents/GitHub/ARPG_5.7/Content/TopDown/Blueprints/InputActions/PlayerInputMapping.uasset" 3099
"C:/Users/symig/Documents/GitHub/ARPG_5.7/Content/TopDown/Blueprints/InputActions/PlayerInputMapping.uexp" 3100
"C:/Users/symig/Documents/GitHub/ARPG_5.7/Content/TopDown/Blueprints/InputActions/Widget_InputMapping.uasset" 3101
"C:/Users/symig/Documents/GitHub/ARPG_5.7/Content/TopDown/Blueprints/InputActions/Widget_InputMapping.uexp" 3102
"C:/Users/symig/Documents/GitHub/ARPG_5.7/Content/TopDown/Blueprints/InputActions/Widget_Remapping.uasset" 3103
"C:/Users/symig/Documents/GitHub/ARPG_5.7/Content/TopDown/Blueprints/InputActions/Widget_Remapping.uexp" 3104
"C:/Users/symig/Documents/GitHub/ARPG_5.7/Content/PinRPG_IconSet_01_Assets/Ring/T_Ring_12.uasset" 3105
"C:/Users/symig/Documents/GitHub/ARPG_5.7/Content/PinRPG_IconSet_01_Assets/Ring/T_Ring_12.uexp" 3106
"C:/Users/symig/Documents/GitHub/ARPG_5.7/Content/TopDown/Blueprints/InventorySystem/FLoadoutSlot.uasset" 3107
"C:/Users/symig/Documents/GitHub/ARPG_5.7/Content/TopDown/Blueprints/InventorySystem/FLoadoutSlot.uexp" 3108
"C:/Users/symig/Documents/GitHub/ARPG_5.7/Content/TopDown/Textures/LoadoutTextures/T_Legs.uasset" 3109
"C:/Users/symig/Documents/GitHub/ARPG_5.7/Content/TopDown/Textures/LoadoutTextures/T_Legs.uexp" 3110
"C:/Users/symig/Documents/GitHub/ARPG_5.7/Content/TopDown/Textures/LoadoutTextures/T_Offhand.uasset" 3111
"C:/Users/symig/Documents/GitHub/ARPG_5.7/Content/TopDown/Textures/LoadoutTextures/T_Offhand.uexp" 3112
"C:/Users/symig/Documents/GitHub/ARPG_5.7/Content/TopDown/Textures/LoadoutTextures/T_Weapon.uasset" 3113
"C:/Users/symig/Documents/GitHub/ARPG_5.7/Content/TopDown/Textures/LoadoutTextures/T_Weapon.uexp" 3114
"C:/Users/symig/Documents/GitHub/ARPG_5.7/Content/TopDown/Blueprints/InventorySystem/Data_Loadout.uasset" 3115
"C:/Users/symig/Documents/GitHub/ARPG_5.7/Content/TopDown/Blueprints/InventorySystem/Data_Loadout.uexp" 3116
"C:/Users/symig/Documents/GitHub/ARPG_5.7/Content/TopDown/Blueprints/InventorySystem/Widget_LoadoutSlot.uasset" 3117
"C:/Users/symig/Documents/GitHub/ARPG_5.7/Content/TopDown/Blueprints/InventorySystem/Widget_LoadoutSlot.uexp" 3118
"C:/Users/symig/Documents/GitHub/ARPG_5.7/Content/TopDown/Blueprints/InventorySystem/Widget_Loadout.uasset" 3119
"C:/Users/symig/Documents/GitHub/ARPG_5.7/Content/TopDown/Blueprints/InventorySystem/Widget_Loadout.uexp" 3120
"C:/Users/symig/Documents/GitHub/ARPG_5.7/Content/TopDown/Blueprints/InventorySystem/Widget_PlayerInventory.uasset" 3121
"C:/Users/symig/Documents/GitHub/ARPG_5.7/Content/TopDown/Blueprints/InventorySystem/Widget_PlayerInventory.uexp" 3122
"C:/Users/symig/Documents/GitHub/ARPG_5.7/Content/LootSet/Textures/scrolls_books_text_col.ubulk" 3123
"C:/Users/symig/Documents/GitHub/ARPG_5.7/Content/LootSet/Textures/scrolls_books_text_col.uasset" 3124
"C:/Users/symig/Documents/GitHub/ARPG_5.7/Content/LootSet/Textures/scrolls_books_text_col.uexp" 3125
"C:/Users/symig/Documents/GitHub/ARPG_5.7/Content/TopDown/Materials/M_Separator_Vertical.uasset" 3126
"C:/Users/symig/Documents/GitHub/ARPG_5.7/Content/TopDown/Materials/M_Separator_Vertical.uexp" 3127
"C:/Users/symig/Documents/GitHub/ARPG_5.7/Content/TopDown/Textures/AICON-Red.uasset" 3128
"C:/Users/symig/Documents/GitHub/ARPG_5.7/Content/TopDown/Textures/AICON-Red.uexp" 3129
"C:/Users/symig/Documents/GitHub/ARPG_5.7/Content/TopDown/Blueprints/HUD/CharacterScreen/M_PlayerImage.uasset" 3130
"C:/Users/symig/Documents/GitHub/ARPG_5.7/Content/TopDown/Blueprints/HUD/CharacterScreen/M_PlayerImage.uexp" 3131
"C:/Users/symig/Documents/GitHub/ARPG_5.7/Content/TopDown/Blueprints/HUD/CharacterScreen/W_StatRow.uasset" 3132
"C:/Users/symig/Documents/GitHub/ARPG_5.7/Content/TopDown/Blueprints/HUD/CharacterScreen/W_StatRow.uexp" 3133
"C:/Users/symig/Documents/GitHub/ARPG_5.7/Content/TopDown/Blueprints/HUD/CharacterScreen/Widget_CharacterScreen.uasset" 3134
"C:/Users/symig/Documents/GitHub/ARPG_5.7/Content/TopDown/Blueprints/HUD/CharacterScreen/Widget_CharacterScreen.uexp" 3135
"C:/Users/symig/Documents/GitHub/ARPG_5.7/Content/TopDown/Blueprints/InventorySystem/Widget_CharmInventory.uasset" 3136
"C:/Users/symig/Documents/GitHub/ARPG_5.7/Content/TopDown/Blueprints/InventorySystem/Widget_CharmInventory.uexp" 3137
"C:/Users/symig/Documents/GitHub/ARPG_5.7/Content/TopDown/Blueprints/BP_PlayerController.uasset" 3138
"C:/Users/symig/Documents/GitHub/ARPG_5.7/Content/TopDown/Blueprints/BP_PlayerController.uexp" 3139
"C:/Users/symig/Documents/GitHub/ARPG_5.7/Content/TemplesOfCambodia/Environment/PrefabBuildings_01/sm_Stairs_01_03.ubulk" 3140
"C:/Users/symig/Documents/GitHub/ARPG_5.7/Content/TemplesOfCambodia/Environment/PrefabBuildings_01/sm_Stairs_01_03.uasset" 3141
"C:/Users/symig/Documents/GitHub/ARPG_5.7/Content/TemplesOfCambodia/Environment/PrefabBuildings_01/sm_Stairs_01_03.uexp" 3142
"C:/Users/symig/Documents/GitHub/ARPG_5.7/Content/TopDown/Blueprints/Assets/BP_FloorOpener.uasset" 3143
"C:/Users/symig/Documents/GitHub/ARPG_5.7/Content/TopDown/Blueprints/Assets/BP_FloorOpener.uexp" 3144
"C:/Users/symig/Documents/GitHub/ARPG_5.7/Content/TopDown/Blueprints/GameStart/FMenuCharacter.uasset" 3145
"C:/Users/symig/Documents/GitHub/ARPG_5.7/Content/TopDown/Blueprints/GameStart/FMenuCharacter.uexp" 3146
"C:/Users/symig/Documents/GitHub/ARPG_5.7/Content/TopDown/Blueprints/GameStart/Widget_LoadingScreen.uasset" 3147
"C:/Users/symig/Documents/GitHub/ARPG_5.7/Content/TopDown/Blueprints/GameStart/Widget_LoadingScreen.uexp" 3148
"C:/Users/symig/Documents/GitHub/ARPG_5.7/Content/TopDown/Blueprints/GameStart/MyObjectDataHolder.uasset" 3149
"C:/Users/symig/Documents/GitHub/ARPG_5.7/Content/TopDown/Blueprints/GameStart/MyObjectDataHolder.uexp" 3150
"C:/Users/symig/Documents/GitHub/ARPG_5.7/Content/TopDown/Blueprints/GameStart/Widget_MenuCharacter.uasset" 3151
"C:/Users/symig/Documents/GitHub/ARPG_5.7/Content/TopDown/Blueprints/GameStart/Widget_MenuCharacter.uexp" 3152
"C:/Users/symig/Documents/GitHub/ARPG_5.7/Content/TopDown/Blueprints/GameStart/Widget_MainMenu.uasset" 3153
"C:/Users/symig/Documents/GitHub/ARPG_5.7/Content/TopDown/Blueprints/GameStart/Widget_MainMenu.uexp" 3154
"C:/Users/symig/Documents/GitHub/ARPG_5.7/Content/TopDown/Blueprints/Ascendancy/Widget_AscendancnyChoice.uasset" 3155
"C:/Users/symig/Documents/GitHub/ARPG_5.7/Content/TopDown/Blueprints/Ascendancy/Widget_AscendancnyChoice.uexp" 3156
"C:/Users/symig/Documents/GitHub/ARPG_5.7/Content/TopDown/Blueprints/Ascendancy/Widget_AscendancyDiscovery.uasset" 3157
"C:/Users/symig/Documents/GitHub/ARPG_5.7/Content/TopDown/Blueprints/Ascendancy/Widget_AscendancyDiscovery.uexp" 3158
"C:/Users/symig/Documents/GitHub/ARPG_5.7/Content/TopDown/Blueprints/Ascendancy/Widget_AscendancySlot.uasset" 3159
"C:/Users/symig/Documents/GitHub/ARPG_5.7/Content/TopDown/Blueprints/Ascendancy/Widget_AscendancySlot.uexp" 3160
"C:/Users/symig/Documents/GitHub/ARPG_5.7/Content/TopDown/Blueprints/Ascendancy/Widget_Ascendancy.uasset" 3161
"C:/Users/symig/Documents/GitHub/ARPG_5.7/Content/TopDown/Blueprints/Ascendancy/Widget_Ascendancy.uexp" 3162
"C:/Users/symig/Documents/GitHub/ARPG_5.7/Content/AncientTreasures/Materials/Functions/MF_Fresnel_01a.uasset" 3163
"C:/Users/symig/Documents/GitHub/ARPG_5.7/Content/AncientTreasures/Materials/Functions/MF_Fresnel_01a.uexp" 3164
"C:/Users/symig/Documents/GitHub/ARPG_5.7/Content/AncientTreasures/Textures/Unique/TX_SandMaterial_01a_ALB.ubulk" 3165
"C:/Users/symig/Documents/GitHub/ARPG_5.7/Content/AncientTreasures/Textures/Unique/TX_SandMaterial_01a_ALB.uasset" 3166
"C:/Users/symig/Documents/GitHub/ARPG_5.7/Content/AncientTreasures/Textures/Unique/TX_SandMaterial_01a_ALB.uexp" 3167
"C:/Users/symig/Documents/GitHub/ARPG_5.7/Content/AncientTreasures/Textures/Unique/TX_SandMaterial_01a_NRM.ubulk" 3168
"C:/Users/symig/Documents/GitHub/ARPG_5.7/Content/AncientTreasures/Textures/Unique/TX_SandMaterial_01a_NRM.uasset" 3169
"C:/Users/symig/Documents/GitHub/ARPG_5.7/Content/AncientTreasures/Textures/Unique/TX_SandMaterial_01a_NRM.uexp" 3170
"C:/Users/symig/Documents/GitHub/ARPG_5.7/Content/AncientTreasures/Textures/Unique/TX_SandMaterial_01a_RMA.ubulk" 3171
"C:/Users/symig/Documents/GitHub/ARPG_5.7/Content/AncientTreasures/Textures/Unique/TX_SandMaterial_01a_RMA.uasset" 3172
"C:/Users/symig/Documents/GitHub/ARPG_5.7/Content/AncientTreasures/Textures/Unique/TX_SandMaterial_01a_RMA.uexp" 3173
"C:/Users/symig/Documents/GitHub/ARPG_5.7/Content/AncientTreasures/Textures/Utility/TX_SandMask_01a_M.ubulk" 3174
"C:/Users/symig/Documents/GitHub/ARPG_5.7/Content/AncientTreasures/Textures/Utility/TX_SandMask_01a_M.uasset" 3175
"C:/Users/symig/Documents/GitHub/ARPG_5.7/Content/AncientTreasures/Textures/Utility/TX_SandMask_01a_M.uexp" 3176
"C:/Users/symig/Documents/GitHub/ARPG_5.7/Content/AncientTreasures/Materials/Functions/MF_Sand_01a.uasset" 3177
"C:/Users/symig/Documents/GitHub/ARPG_5.7/Content/AncientTreasures/Materials/Functions/MF_Sand_01a.uexp" 3178
"C:/Users/symig/Documents/GitHub/ARPG_5.7/Content/AncientTreasures/Textures/Unique/TX_Coins_01a_H.ubulk" 3179
"C:/Users/symig/Documents/GitHub/ARPG_5.7/Content/AncientTreasures/Textures/Unique/TX_Coins_01a_H.uasset" 3180
"C:/Users/symig/Documents/GitHub/ARPG_5.7/Content/AncientTreasures/Textures/Unique/TX_Coins_01a_H.uexp" 3181
"C:/Users/symig/Documents/GitHub/ARPG_5.7/Content/AncientTreasures/Textures/Utility/TX_Cube_01a_CUBE.uasset" 3182
"C:/Users/symig/Documents/GitHub/ARPG_5.7/Content/AncientTreasures/Textures/Utility/TX_Cube_01a_CUBE.uexp" 3183
"C:/Users/symig/Documents/GitHub/ARPG_5.7/Content/AncientTreasures/Textures/Utility/TX_Fill_01a_ALB.ubulk" 3184
"C:/Users/symig/Documents/GitHub/ARPG_5.7/Content/AncientTreasures/Textures/Utility/TX_Fill_01a_ALB.uasset" 3185
"C:/Users/symig/Documents/GitHub/ARPG_5.7/Content/AncientTreasures/Textures/Utility/TX_Fill_01a_ALB.uexp" 3186
"C:/Users/symig/Documents/GitHub/ARPG_5.7/Content/AncientTreasures/Textures/Utility/TX_Fill_01a_H.ubulk" 3187
"C:/Users/symig/Documents/GitHub/ARPG_5.7/Content/AncientTreasures/Textures/Utility/TX_Fill_01a_H.uasset" 3188
"C:/Users/symig/Documents/GitHub/ARPG_5.7/Content/AncientTreasures/Textures/Utility/TX_Fill_01a_H.uexp" 3189
"C:/Users/symig/Documents/GitHub/ARPG_5.7/Content/AncientTreasures/Textures/Utility/TX_Fill_01a_NRM.ubulk" 3190
"C:/Users/symig/Documents/GitHub/ARPG_5.7/Content/AncientTreasures/Textures/Utility/TX_Fill_01a_NRM.uasset" 3191
"C:/Users/symig/Documents/GitHub/ARPG_5.7/Content/AncientTreasures/Textures/Utility/TX_Fill_01a_NRM.uexp" 3192
"C:/Users/symig/Documents/GitHub/ARPG_5.7/Content/AncientTreasures/Textures/Utility/TX_Fill_01a_RMA.ubulk" 3193
"C:/Users/symig/Documents/GitHub/ARPG_5.7/Content/AncientTreasures/Textures/Utility/TX_Fill_01a_RMA.uasset" 3194
"C:/Users/symig/Documents/GitHub/ARPG_5.7/Content/AncientTreasures/Textures/Utility/TX_Fill_01a_RMA.uexp" 3195
"C:/Users/symig/Documents/GitHub/ARPG_5.7/Content/AncientTreasures/Materials/Masters/MM_Master_Material_01a.uasset" 3196
"C:/Users/symig/Documents/GitHub/ARPG_5.7/Content/AncientTreasures/Materials/Masters/MM_Master_Material_01a.uexp" 3197
"C:/Users/symig/Documents/GitHub/ARPG_5.7/Content/AncientTreasures/Textures/Unique/TX_OrnateChest_01b_ALB.ubulk" 3198
"C:/Users/symig/Documents/GitHub/ARPG_5.7/Content/AncientTreasures/Textures/Unique/TX_OrnateChest_01b_ALB.uasset" 3199
"C:/Users/symig/Documents/GitHub/ARPG_5.7/Content/AncientTreasures/Textures/Unique/TX_OrnateChest_01b_ALB.uexp" 3200
"C:/Users/symig/Documents/GitHub/ARPG_5.7/Content/AncientTreasures/Textures/Unique/TX_OrnateChest_01b_NRM.ubulk" 3201
"C:/Users/symig/Documents/GitHub/ARPG_5.7/Content/AncientTreasures/Textures/Unique/TX_OrnateChest_01b_NRM.uasset" 3202
"C:/Users/symig/Documents/GitHub/ARPG_5.7/Content/AncientTreasures/Textures/Unique/TX_OrnateChest_01b_NRM.uexp" 3203
"C:/Users/symig/Documents/GitHub/ARPG_5.7/Content/AncientTreasures/Textures/Unique/TX_OrnateChest_01b_RMA.ubulk" 3204
"C:/Users/symig/Documents/GitHub/ARPG_5.7/Content/AncientTreasures/Textures/Unique/TX_OrnateChest_01b_RMA.uasset" 3205
"C:/Users/symig/Documents/GitHub/ARPG_5.7/Content/AncientTreasures/Textures/Unique/TX_OrnateChest_01b_RMA.uexp" 3206
"C:/Users/symig/Documents/GitHub/ARPG_5.7/Content/AncientTreasures/Materials/Instances/MI_OrnateChest_01b.uasset" 3207
"C:/Users/symig/Documents/GitHub/ARPG_5.7/Content/AncientTreasures/Materials/Instances/MI_OrnateChest_01b.uexp" 3208
"C:/Users/symig/Documents/GitHub/ARPG_5.7/Content/AncientTreasures/Meshes/SM_OrnateChest_02c.ubulk" 3209
"C:/Users/symig/Documents/GitHub/ARPG_5.7/Content/AncientTreasures/Meshes/SM_OrnateChest_02c.uasset" 3210
"C:/Users/symig/Documents/GitHub/ARPG_5.7/Content/AncientTreasures/Meshes/SM_OrnateChest_02c.uexp" 3211
"C:/Users/symig/Documents/GitHub/ARPG_5.7/Content/AncientTreasures/Meshes/SM_OrnateChest_02d.ubulk" 3212
"C:/Users/symig/Documents/GitHub/ARPG_5.7/Content/AncientTreasures/Meshes/SM_OrnateChest_02d.uasset" 3213
"C:/Users/symig/Documents/GitHub/ARPG_5.7/Content/AncientTreasures/Meshes/SM_OrnateChest_02d.uexp" 3214
"C:/Users/symig/Documents/GitHub/ARPG_5.7/Content/TopDown/Blueprints/Assets/AssetComponents/OpenComponent.uasset" 3215
"C:/Users/symig/Documents/GitHub/ARPG_5.7/Content/TopDown/Blueprints/Assets/AssetComponents/OpenComponent.uexp" 3216
"C:/Users/symig/Documents/GitHub/ARPG_5.7/Content/TopDown/Blueprints/Assets/AssetComponents/RewardComponent.uasset" 3217
"C:/Users/symig/Documents/GitHub/ARPG_5.7/Content/TopDown/Blueprints/Assets/AssetComponents/RewardComponent.uexp" 3218
"C:/Users/symig/Documents/GitHub/ARPG_5.7/Content/TopDown/Blueprints/Assets/BP_BasicChest.uasset" 3219
"C:/Users/symig/Documents/GitHub/ARPG_5.7/Content/TopDown/Blueprints/Assets/BP_BasicChest.uexp" 3220
"C:/Users/symig/Documents/GitHub/ARPG_5.7/Content/TopDown/Blueprints/HUD/Widget_CardGeneration.uasset" 3221
"C:/Users/symig/Documents/GitHub/ARPG_5.7/Content/TopDown/Blueprints/HUD/Widget_CardGeneration.uexp" 3222
"C:/Users/symig/Documents/GitHub/ARPG_5.7/Content/TopDown/Blueprints/HUD/Widget_CardDiscovery.uasset" 3223
"C:/Users/symig/Documents/GitHub/ARPG_5.7/Content/TopDown/Blueprints/HUD/Widget_CardDiscovery.uexp" 3224
"C:/Users/symig/Documents/GitHub/ARPG_5.7/Content/TopDown/Blueprints/Assets/BP_CardGenerator.uasset" 3225
"C:/Users/symig/Documents/GitHub/ARPG_5.7/Content/TopDown/Blueprints/Assets/BP_CardGenerator.uexp" 3226
"C:/Users/symig/Documents/GitHub/ARPG_5.7/Content/TopDown/Blueprints/GameStart/Dungeon/BlockingDoor.uasset" 3227
"C:/Users/symig/Documents/GitHub/ARPG_5.7/Content/TopDown/Blueprints/GameStart/Dungeon/BlockingDoor.uexp" 3228
"C:/Users/symig/Documents/GitHub/ARPG_5.7/Content/TopDown/Maps/Dungeon/Rooms/DataAssets/DataAsset_RoomEnd.uasset" 3229
"C:/Users/symig/Documents/GitHub/ARPG_5.7/Content/TopDown/Maps/Dungeon/Rooms/DataAssets/DataAsset_RoomEnd.uexp" 3230
"C:/Users/symig/Documents/GitHub/ARPG_5.7/Content/TopDown/Maps/Dungeon/Rooms/DataAssets/DataAsset_RoomStart.uasset" 3231
"C:/Users/symig/Documents/GitHub/ARPG_5.7/Content/TopDown/Maps/Dungeon/Rooms/DataAssets/DataAsset_RoomStart.uexp" 3232
"C:/Users/symig/Documents/GitHub/ARPG_5.7/Content/TopDown/Maps/Dungeon/Rooms/DataAssets/DataAsset_RoomA.uasset" 3233
"C:/Users/symig/Documents/GitHub/ARPG_5.7/Content/TopDown/Maps/Dungeon/Rooms/DataAssets/DataAsset_RoomA.uexp" 3234
"C:/Users/symig/Documents/GitHub/ARPG_5.7/Content/TopDown/Maps/Dungeon/Rooms/DataAssets/DataAsset_RoomB.uasset" 3235
"C:/Users/symig/Documents/GitHub/ARPG_5.7/Content/TopDown/Maps/Dungeon/Rooms/DataAssets/DataAsset_RoomB.uexp" 3236
"C:/Users/symig/Documents/GitHub/ARPG_5.7/Content/TopDown/Maps/Dungeon/Rooms/DataAssets/DataAsset_RoomC.uasset" 3237
"C:/Users/symig/Documents/GitHub/ARPG_5.7/Content/TopDown/Maps/Dungeon/Rooms/DataAssets/DataAsset_RoomC.uexp" 3238
"C:/Users/symig/Documents/GitHub/ARPG_5.7/Content/TopDown/Maps/Dungeon/Rooms/DataAssets/DataAsset_RoomD.uasset" 3239
"C:/Users/symig/Documents/GitHub/ARPG_5.7/Content/TopDown/Maps/Dungeon/Rooms/DataAssets/DataAsset_RoomD.uexp" 3240
"C:/Users/symig/Documents/GitHub/ARPG_5.7/Content/TopDown/Maps/Dungeon/Rooms/DataAssets/RoomAsset_RoomFiller.uasset" 3241
"C:/Users/symig/Documents/GitHub/ARPG_5.7/Content/TopDown/Maps/Dungeon/Rooms/DataAssets/RoomAsset_RoomFiller.uexp" 3242
"C:/Users/symig/Documents/GitHub/ARPG_5.7/Content/TopDown/Maps/Dungeon/Rooms/DataAssets/Objective.uasset" 3243
"C:/Users/symig/Documents/GitHub/ARPG_5.7/Content/TopDown/Maps/Dungeon/Rooms/DataAssets/Objective.uexp" 3244
"C:/Users/symig/Documents/GitHub/ARPG_5.7/Content/TopDown/Blueprints/GameStart/Dungeon/DungeonGenerator.uasset" 3245
"C:/Users/symig/Documents/GitHub/ARPG_5.7/Content/TopDown/Blueprints/GameStart/Dungeon/DungeonGenerator.uexp" 3246
"C:/Users/symig/Documents/GitHub/ARPG_5.7/Content/TopDown/Blueprints/GameStart/Dungeon/VisibilityIndicatorComponent.uasset" 3247
"C:/Users/symig/Documents/GitHub/ARPG_5.7/Content/TopDown/Blueprints/GameStart/Dungeon/VisibilityIndicatorComponent.uexp" 3248
"C:/Users/symig/Documents/GitHub/ARPG_5.7/Content/TopDown/Blueprints/GameStart/Dungeon/DungeonManagerComponent.uasset" 3249
"C:/Users/symig/Documents/GitHub/ARPG_5.7/Content/TopDown/Blueprints/GameStart/Dungeon/DungeonManagerComponent.uexp" 3250
"C:/Users/symig/Documents/GitHub/ARPG_5.7/Content/TopDown/Blueprints/BP_GameMode.uasset" 3251
"C:/Users/symig/Documents/GitHub/ARPG_5.7/Content/TopDown/Blueprints/BP_GameMode.uexp" 3252
"C:/Users/symig/Documents/GitHub/ARPG_5.7/Content/TopDown/Data/SM_Fountain.ubulk" 3253
"C:/Users/symig/Documents/GitHub/ARPG_5.7/Content/TopDown/Data/SM_Fountain.uasset" 3254
"C:/Users/symig/Documents/GitHub/ARPG_5.7/Content/TopDown/Data/SM_Fountain.uexp" 3255
"C:/Users/symig/Documents/GitHub/ARPG_5.7/Content/TopDown/Textures/T_water_n.ubulk" 3256
"C:/Users/symig/Documents/GitHub/ARPG_5.7/Content/TopDown/Textures/T_water_n.uasset" 3257
"C:/Users/symig/Documents/GitHub/ARPG_5.7/Content/TopDown/Textures/T_water_n.uexp" 3258
"../../../Engine/Content/Functions/Engine_MaterialFunctions02/Math/DeriveNormalZ_Function.uasset" 3259
"../../../Engine/Content/Functions/Engine_MaterialFunctions02/Math/DeriveNormalZ_Function.uexp" 3260
"C:/Users/symig/Documents/GitHub/ARPG_5.7/Content/TopDown/Materials/M_Water_pond.uasset" 3261
"C:/Users/symig/Documents/GitHub/ARPG_5.7/Content/TopDown/Materials/M_Water_pond.uexp" 3262
"C:/Users/symig/Documents/GitHub/ARPG_5.7/Content/TopDown/Materials/MI_Water_pond.uasset" 3263
"C:/Users/symig/Documents/GitHub/ARPG_5.7/Content/TopDown/Materials/MI_Water_pond.uexp" 3264
"C:/Users/symig/Documents/GitHub/ARPG_5.7/Content/TopDown/Data/SM_Fountain_water_plane.ubulk" 3265
"C:/Users/symig/Documents/GitHub/ARPG_5.7/Content/TopDown/Data/SM_Fountain_water_plane.uasset" 3266
"C:/Users/symig/Documents/GitHub/ARPG_5.7/Content/TopDown/Data/SM_Fountain_water_plane.uexp" 3267
"C:/Users/symig/Documents/GitHub/ARPG_5.7/Content/TopDown/Data/SM_SplineWall.ubulk" 3268
"C:/Users/symig/Documents/GitHub/ARPG_5.7/Content/TopDown/Data/SM_SplineWall.uasset" 3269
"C:/Users/symig/Documents/GitHub/ARPG_5.7/Content/TopDown/Data/SM_SplineWall.uexp" 3270
"C:/Users/symig/Documents/GitHub/ARPG_5.7/Content/TopDown/Materials/T_Perlin_Noise_M.ubulk" 3271
"C:/Users/symig/Documents/GitHub/ARPG_5.7/Content/TopDown/Materials/T_Perlin_Noise_M.uasset" 3272
"C:/Users/symig/Documents/GitHub/ARPG_5.7/Content/TopDown/Materials/T_Perlin_Noise_M.uexp" 3273
"C:/Users/symig/Documents/GitHub/ARPG_5.7/Content/TopDown/Materials/M_PostProcessOcclusion.uasset" 3274
"C:/Users/symig/Documents/GitHub/ARPG_5.7/Content/TopDown/Materials/M_PostProcessOcclusion.uexp" 3275
"C:/Users/symig/Documents/GitHub/ARPG_5.7/Content/TopDown/Data/SM_DoorWallLeft.ubulk" 3276
"C:/Users/symig/Documents/GitHub/ARPG_5.7/Content/TopDown/Data/SM_DoorWallLeft.uasset" 3277
"C:/Users/symig/Documents/GitHub/ARPG_5.7/Content/TopDown/Data/SM_DoorWallLeft.uexp" 3278
"C:/Users/symig/Documents/GitHub/ARPG_5.7/Content/TopDown/Data/SM_DoorWallRight.ubulk" 3279
"C:/Users/symig/Documents/GitHub/ARPG_5.7/Content/TopDown/Data/SM_DoorWallRight.uasset" 3280
"C:/Users/symig/Documents/GitHub/ARPG_5.7/Content/TopDown/Data/SM_DoorWallRight.uexp" 3281
"C:/Users/symig/Documents/GitHub/ARPG_5.7/Content/TopDown/Data/SM_Doorway.ubulk" 3282
"C:/Users/symig/Documents/GitHub/ARPG_5.7/Content/TopDown/Data/SM_Doorway.uasset" 3283
"C:/Users/symig/Documents/GitHub/ARPG_5.7/Content/TopDown/Data/SM_Doorway.uexp" 3284
"C:/Users/symig/Documents/GitHub/ARPG_5.7/Content/TopDown/Materials/MI_AncientTempleWall.uasset" 3285
"C:/Users/symig/Documents/GitHub/ARPG_5.7/Content/TopDown/Materials/MI_AncientTempleWall.uexp" 3286
"C:/Users/symig/Documents/GitHub/ARPG_5.7/Content/TemplesOfCambodia/Environment/PrefabBuildings_01/sm_Column_01_01.ubulk" 3287
"C:/Users/symig/Documents/GitHub/ARPG_5.7/Content/TemplesOfCambodia/Environment/PrefabBuildings_01/sm_Column_01_01.uasset" 3288
"C:/Users/symig/Documents/GitHub/ARPG_5.7/Content/TemplesOfCambodia/Environment/PrefabBuildings_01/sm_Column_01_01.uexp" 3289
"C:/Users/symig/Documents/GitHub/ARPG_5.7/Content/TemplesOfCambodia/Environment/PrefabBuildings_01/sm_StoneFloor_01_01.ubulk" 3290
"C:/Users/symig/Documents/GitHub/ARPG_5.7/Content/TemplesOfCambodia/Environment/PrefabBuildings_01/sm_StoneFloor_01_01.uasset" 3291
"C:/Users/symig/Documents/GitHub/ARPG_5.7/Content/TemplesOfCambodia/Environment/PrefabBuildings_01/sm_StoneFloor_01_01.uexp" 3292
"C:/Users/symig/Documents/GitHub/ARPG_5.7/Content/TemplesOfCambodia/Environment/PrefabBuildings_01/sm_TempleColumn_01_01.ubulk" 3293
"C:/Users/symig/Documents/GitHub/ARPG_5.7/Content/TemplesOfCambodia/Environment/PrefabBuildings_01/sm_TempleColumn_01_01.uasset" 3294
"C:/Users/symig/Documents/GitHub/ARPG_5.7/Content/TemplesOfCambodia/Environment/PrefabBuildings_01/sm_TempleColumn_01_01.uexp" 3295
"C:/Users/symig/Documents/GitHub/ARPG_5.7/Content/TemplesOfCambodia/Environment/PrefabBuildings_01/sm_TempleRoof_01_01.ubulk" 3296
"C:/Users/symig/Documents/GitHub/ARPG_5.7/Content/TemplesOfCambodia/Environment/PrefabBuildings_01/sm_TempleRoof_01_01.uasset" 3297
"C:/Users/symig/Documents/GitHub/ARPG_5.7/Content/TemplesOfCambodia/Environment/PrefabBuildings_01/sm_TempleRoof_01_01.uexp" 3298
"C:/Users/symig/Documents/GitHub/ARPG_5.7/Content/TemplesOfCambodia/Environment/PrefabBuildings_01/sm_TempleWall_01_01.ubulk" 3299
"C:/Users/symig/Documents/GitHub/ARPG_5.7/Content/TemplesOfCambodia/Environment/PrefabBuildings_01/sm_TempleWall_01_01.uasset" 3300
"C:/Users/symig/Documents/GitHub/ARPG_5.7/Content/TemplesOfCambodia/Environment/PrefabBuildings_01/sm_TempleWall_01_01.uexp" 3301
"C:/Users/symig/Documents/GitHub/ARPG_5.7/Content/TemplesOfCambodia/Environment/PrefabBuildings_01/sm_TempleWall_02_02.ubulk" 3302
"C:/Users/symig/Documents/GitHub/ARPG_5.7/Content/TemplesOfCambodia/Environment/PrefabBuildings_01/sm_TempleWall_02_02.uasset" 3303
"C:/Users/symig/Documents/GitHub/ARPG_5.7/Content/TemplesOfCambodia/Environment/PrefabBuildings_01/sm_TempleWall_02_02.uexp" 3304
"C:/Users/symig/Documents/GitHub/ARPG_5.7/Content/TopDown/Blueprints/Assets/BP_Crypt.uasset" 3305
"C:/Users/symig/Documents/GitHub/ARPG_5.7/Content/TopDown/Blueprints/Assets/BP_Crypt.uexp" 3306
"C:/Users/symig/Documents/GitHub/ARPG_5.7/Content/TopDown/Blueprints/Assets/Relocators/BP_CharacterKiller.uasset" 3307
"C:/Users/symig/Documents/GitHub/ARPG_5.7/Content/TopDown/Blueprints/Assets/Relocators/BP_CharacterKiller.uexp" 3308
"C:/Users/symig/Documents/GitHub/ARPG_5.7/Content/TopDown/Blueprints/Assets/Relocators/BP_PlayerRelocator.uasset" 3309
"C:/Users/symig/Documents/GitHub/ARPG_5.7/Content/TopDown/Blueprints/Assets/Relocators/BP_PlayerRelocator.uexp" 3310
"C:/Users/symig/Documents/GitHub/ARPG_5.7/Content/TopDown/Blueprints/Assets/BP_DropsTest.uasset" 3311
"C:/Users/symig/Documents/GitHub/ARPG_5.7/Content/TopDown/Blueprints/Assets/BP_DropsTest.uexp" 3312
"C:/Users/symig/Documents/GitHub/ARPG_5.7/Content/TopDown/Maps/MasterLevel_BuiltData.ubulk" 3313
"C:/Users/symig/Documents/GitHub/ARPG_5.7/Content/TopDown/Maps/MasterLevel_BuiltData.uasset" 3314
"C:/Users/symig/Documents/GitHub/ARPG_5.7/Content/TopDown/Maps/MasterLevel_BuiltData.uexp" 3315
"C:/Users/symig/Documents/GitHub/ARPG_5.7/Content/TopDown/Maps/MasterLevel.uexp" 3316
"C:/Users/symig/Documents/GitHub/ARPG_5.7/Content/TopDown/Maps/MasterLevel.umap" 3317
"C:/Users/symig/Documents/GitHub/ARPG_5.7/Content/Fab/old_tomb_uexlag0fa_low/Old_Tomb_uexlag0fa_Low_1K_BaseColor.ubulk" 3318
"C:/Users/symig/Documents/GitHub/ARPG_5.7/Content/Fab/old_tomb_uexlag0fa_low/Old_Tomb_uexlag0fa_Low_1K_BaseColor.uasset" 3319
"C:/Users/symig/Documents/GitHub/ARPG_5.7/Content/Fab/old_tomb_uexlag0fa_low/Old_Tomb_uexlag0fa_Low_1K_BaseColor.uexp" 3320
"C:/Users/symig/Documents/GitHub/ARPG_5.7/Content/Fab/old_tomb_uexlag0fa_low/Old_Tomb_uexlag0fa_Low_1K_BaseColor_Mat.uasset" 3321
"C:/Users/symig/Documents/GitHub/ARPG_5.7/Content/Fab/old_tomb_uexlag0fa_low/Old_Tomb_uexlag0fa_Low_1K_BaseColor_Mat.uexp" 3322
"C:/Users/symig/Documents/GitHub/ARPG_5.7/Content/Fab/old_tomb_uexlag0fa_low/Old_Tomb_uexlag0fa_Low.ubulk" 3323
"C:/Users/symig/Documents/GitHub/ARPG_5.7/Content/Fab/old_tomb_uexlag0fa_low/Old_Tomb_uexlag0fa_Low.uasset" 3324
"C:/Users/symig/Documents/GitHub/ARPG_5.7/Content/Fab/old_tomb_uexlag0fa_low/Old_Tomb_uexlag0fa_Low.uexp" 3325
"C:/Users/symig/Documents/GitHub/ARPG_5.7/Content/TopDown/Data/Textures/T_Ground_Grass_D.ubulk" 3326
"C:/Users/symig/Documents/GitHub/ARPG_5.7/Content/TopDown/Data/Textures/T_Ground_Grass_D.uasset" 3327
"C:/Users/symig/Documents/GitHub/ARPG_5.7/Content/TopDown/Data/Textures/T_Ground_Grass_D.uexp" 3328
"C:/Users/symig/Documents/GitHub/ARPG_5.7/Content/TopDown/Data/Textures/T_Ground_Grass_N.ubulk" 3329
"C:/Users/symig/Documents/GitHub/ARPG_5.7/Content/TopDown/Data/Textures/T_Ground_Grass_N.uasset" 3330
"C:/Users/symig/Documents/GitHub/ARPG_5.7/Content/TopDown/Data/Textures/T_Ground_Grass_N.uexp" 3331
"C:/Users/symig/Documents/GitHub/ARPG_5.7/Content/TopDown/Materials/ArenaMaterial/M_Grass.uasset" 3332
"C:/Users/symig/Documents/GitHub/ARPG_5.7/Content/TopDown/Materials/ArenaMaterial/M_Grass.uexp" 3333
"C:/Users/symig/Documents/GitHub/ARPG_5.7/Content/Dungeon/Textures/Props/T_Dungeon_beam_AO_R_MT.ubulk" 3334
"C:/Users/symig/Documents/GitHub/ARPG_5.7/Content/Dungeon/Textures/Props/T_Dungeon_beam_AO_R_MT.uasset" 3335
"C:/Users/symig/Documents/GitHub/ARPG_5.7/Content/Dungeon/Textures/Props/T_Dungeon_beam_AO_R_MT.uexp" 3336
"C:/Users/symig/Documents/GitHub/ARPG_5.7/Content/Dungeon/Textures/Props/T_Dungeon_beam_BC.ubulk" 3337
"C:/Users/symig/Documents/GitHub/ARPG_5.7/Content/Dungeon/Textures/Props/T_Dungeon_beam_BC.uasset" 3338
"C:/Users/symig/Documents/GitHub/ARPG_5.7/Content/Dungeon/Textures/Props/T_Dungeon_beam_BC.uexp" 3339
"C:/Users/symig/Documents/GitHub/ARPG_5.7/Content/Dungeon/Textures/Props/T_Dungeon_beam_N.ubulk" 3340
"C:/Users/symig/Documents/GitHub/ARPG_5.7/Content/Dungeon/Textures/Props/T_Dungeon_beam_N.uasset" 3341
"C:/Users/symig/Documents/GitHub/ARPG_5.7/Content/Dungeon/Textures/Props/T_Dungeon_beam_N.uexp" 3342
"C:/Users/symig/Documents/GitHub/ARPG_5.7/Content/Dungeon/Materials/M_Props.uasset" 3343
"C:/Users/symig/Documents/GitHub/ARPG_5.7/Content/Dungeon/Materials/M_Props.uexp" 3344
"C:/Users/symig/Documents/GitHub/ARPG_5.7/Content/Dungeon/Textures/Props/T_Dungeon_chest_AO_R_MT.ubulk" 3345
"C:/Users/symig/Documents/GitHub/ARPG_5.7/Content/Dungeon/Textures/Props/T_Dungeon_chest_AO_R_MT.uasset" 3346
"C:/Users/symig/Documents/GitHub/ARPG_5.7/Content/Dungeon/Textures/Props/T_Dungeon_chest_AO_R_MT.uexp" 3347
"C:/Users/symig/Documents/GitHub/ARPG_5.7/Content/Dungeon/Textures/Props/T_Dungeon_chest_BC.ubulk" 3348
"C:/Users/symig/Documents/GitHub/ARPG_5.7/Content/Dungeon/Textures/Props/T_Dungeon_chest_BC.uasset" 3349
"C:/Users/symig/Documents/GitHub/ARPG_5.7/Content/Dungeon/Textures/Props/T_Dungeon_chest_BC.uexp" 3350
"C:/Users/symig/Documents/GitHub/ARPG_5.7/Content/Dungeon/Textures/Props/T_Dungeon_chest_N.ubulk" 3351
"C:/Users/symig/Documents/GitHub/ARPG_5.7/Content/Dungeon/Textures/Props/T_Dungeon_chest_N.uasset" 3352
"C:/Users/symig/Documents/GitHub/ARPG_5.7/Content/Dungeon/Textures/Props/T_Dungeon_chest_N.uexp" 3353
"C:/Users/symig/Documents/GitHub/ARPG_5.7/Content/Dungeon/Material_Instances/MI_Dungeon_chest.uasset" 3354
"C:/Users/symig/Documents/GitHub/ARPG_5.7/Content/Dungeon/Material_Instances/MI_Dungeon_chest.uexp" 3355
"C:/Users/symig/Documents/GitHub/ARPG_5.7/Content/TopDown/Data/SM_Dungeon_chest.ubulk" 3356
"C:/Users/symig/Documents/GitHub/ARPG_5.7/Content/TopDown/Data/SM_Dungeon_chest.uasset" 3357
"C:/Users/symig/Documents/GitHub/ARPG_5.7/Content/TopDown/Data/SM_Dungeon_chest.uexp" 3358
"C:/Users/symig/Documents/GitHub/ARPG_5.7/Content/TopDown/Data/SM_Saint_statue.ubulk" 3359
"C:/Users/symig/Documents/GitHub/ARPG_5.7/Content/TopDown/Data/SM_Saint_statue.uasset" 3360
"C:/Users/symig/Documents/GitHub/ARPG_5.7/Content/TopDown/Data/SM_Saint_statue.uexp" 3361
"C:/Users/symig/Documents/GitHub/ARPG_5.7/Content/TopDown/Data/SM_Skeleton_Pile_05.ubulk" 3362
"C:/Users/symig/Documents/GitHub/ARPG_5.7/Content/TopDown/Data/SM_Skeleton_Pile_05.uasset" 3363
"C:/Users/symig/Documents/GitHub/ARPG_5.7/Content/TopDown/Data/SM_Skeleton_Pile_05.uexp" 3364
"C:/Users/symig/Documents/GitHub/ARPG_5.7/Content/TopDown/Data/SM_SM_Graveyard_Grass_MERGED.ubulk" 3365
"C:/Users/symig/Documents/GitHub/ARPG_5.7/Content/TopDown/Data/SM_SM_Graveyard_Grass_MERGED.uasset" 3366
"C:/Users/symig/Documents/GitHub/ARPG_5.7/Content/TopDown/Data/SM_SM_Graveyard_Grass_MERGED.uexp" 3367
"C:/Users/symig/Documents/GitHub/ARPG_5.7/Content/TopDown/Data/SM_SM_Graveyard_Wall_MERGED.ubulk" 3368
"C:/Users/symig/Documents/GitHub/ARPG_5.7/Content/TopDown/Data/SM_SM_Graveyard_Wall_MERGED.uasset" 3369
"C:/Users/symig/Documents/GitHub/ARPG_5.7/Content/TopDown/Data/SM_SM_Graveyard_Wall_MERGED.uexp" 3370
"C:/Users/symig/Documents/GitHub/ARPG_5.7/Content/TopDown/Data/SM_Wing.ubulk" 3371
"C:/Users/symig/Documents/GitHub/ARPG_5.7/Content/TopDown/Data/SM_Wing.uasset" 3372
"C:/Users/symig/Documents/GitHub/ARPG_5.7/Content/TopDown/Data/SM_Wing.uexp" 3373
"C:/Users/symig/Documents/GitHub/ARPG_5.7/Content/TopDown/Data/SM_PROP_brazier_05.ubulk" 3374
"C:/Users/symig/Documents/GitHub/ARPG_5.7/Content/TopDown/Data/SM_PROP_brazier_05.uasset" 3375
"C:/Users/symig/Documents/GitHub/ARPG_5.7/Content/TopDown/Data/SM_PROP_brazier_05.uexp" 3376
"C:/Users/symig/Documents/GitHub/ARPG_5.7/Content/TopDown/Blueprints/Assets/BP_Brazier.uasset" 3377
"C:/Users/symig/Documents/GitHub/ARPG_5.7/Content/TopDown/Blueprints/Assets/BP_Brazier.uexp" 3378
"C:/Users/symig/Documents/GitHub/ARPG_5.7/Content/AncientTreasures/Textures/Unique/TX_Gems_01a_ALB.ubulk" 3379
"C:/Users/symig/Documents/GitHub/ARPG_5.7/Content/AncientTreasures/Textures/Unique/TX_Gems_01a_ALB.uasset" 3380
"C:/Users/symig/Documents/GitHub/ARPG_5.7/Content/AncientTreasures/Textures/Unique/TX_Gems_01a_ALB.uexp" 3381
"C:/Users/symig/Documents/GitHub/ARPG_5.7/Content/AncientTreasures/Textures/Unique/TX_Gems_01a_NRM.ubulk" 3382
"C:/Users/symig/Documents/GitHub/ARPG_5.7/Content/AncientTreasures/Textures/Unique/TX_Gems_01a_NRM.uasset" 3383
"C:/Users/symig/Documents/GitHub/ARPG_5.7/Content/AncientTreasures/Textures/Unique/TX_Gems_01a_NRM.uexp" 3384
"C:/Users/symig/Documents/GitHub/ARPG_5.7/Content/AncientTreasures/Textures/Unique/TX_Gems_01a_RMA.ubulk" 3385
"C:/Users/symig/Documents/GitHub/ARPG_5.7/Content/AncientTreasures/Textures/Unique/TX_Gems_01a_RMA.uasset" 3386
"C:/Users/symig/Documents/GitHub/ARPG_5.7/Content/AncientTreasures/Textures/Unique/TX_Gems_01a_RMA.uexp" 3387
"C:/Users/symig/Documents/GitHub/ARPG_5.7/Content/AncientTreasures/Textures/Utility/TX_Noise_01a_M.ubulk" 3388
"C:/Users/symig/Documents/GitHub/ARPG_5.7/Content/AncientTreasures/Textures/Utility/TX_Noise_01a_M.uasset" 3389
"C:/Users/symig/Documents/GitHub/ARPG_5.7/Content/AncientTreasures/Textures/Utility/TX_Noise_01a_M.uexp" 3390
"C:/Users/symig/Documents/GitHub/ARPG_5.7/Content/AncientTreasures/Materials/Instances/MI_Gems_01a.uasset" 3391
"C:/Users/symig/Documents/GitHub/ARPG_5.7/Content/AncientTreasures/Materials/Instances/MI_Gems_01a.uexp" 3392
"C:/Users/symig/Documents/GitHub/ARPG_5.7/Content/AncientTreasures/Meshes/SM_Gems_01a.ubulk" 3393
"C:/Users/symig/Documents/GitHub/ARPG_5.7/Content/AncientTreasures/Meshes/SM_Gems_01a.uasset" 3394
"C:/Users/symig/Documents/GitHub/ARPG_5.7/Content/AncientTreasures/Meshes/SM_Gems_01a.uexp" 3395
"C:/Users/symig/Documents/GitHub/ARPG_5.7/Content/TopDown/Blueprints/HUD/CameraShake.uasset" 3396
"C:/Users/symig/Documents/GitHub/ARPG_5.7/Content/TopDown/Blueprints/HUD/CameraShake.uexp" 3397
"C:/Users/symig/Documents/GitHub/ARPG_5.7/Content/TopDown/Blueprints/Assets/BP_GemStatue.uasset" 3398
"C:/Users/symig/Documents/GitHub/ARPG_5.7/Content/TopDown/Blueprints/Assets/BP_GemStatue.uexp" 3399
"C:/Users/symig/Documents/GitHub/ARPG_5.7/Content/TopDown/Maps/Dungeon/Rooms/Overworld_BuiltData.ubulk" 3400
"C:/Users/symig/Documents/GitHub/ARPG_5.7/Content/TopDown/Maps/Dungeon/Rooms/Overworld_BuiltData.uasset" 3401
"C:/Users/symig/Documents/GitHub/ARPG_5.7/Content/TopDown/Maps/Dungeon/Rooms/Overworld_BuiltData.uexp" 3402
"C:/Users/symig/Documents/GitHub/ARPG_5.7/Content/TopDown/Maps/Dungeon/Rooms/Overworld.uexp" 3403
"C:/Users/symig/Documents/GitHub/ARPG_5.7/Content/TopDown/Maps/Dungeon/Rooms/Overworld.umap" 3404
"C:/Users/symig/Documents/GitHub/ARPG_5.7/Content/Dungeon/Textures/Props/T_Dungeon_toplock_AO_R_MT.ubulk" 3405
"C:/Users/symig/Documents/GitHub/ARPG_5.7/Content/Dungeon/Textures/Props/T_Dungeon_toplock_AO_R_MT.uasset" 3406
"C:/Users/symig/Documents/GitHub/ARPG_5.7/Content/Dungeon/Textures/Props/T_Dungeon_toplock_AO_R_MT.uexp" 3407
"C:/Users/symig/Documents/GitHub/ARPG_5.7/Content/Dungeon/Textures/Props/T_Dungeon_toplock_BC.ubulk" 3408
"C:/Users/symig/Documents/GitHub/ARPG_5.7/Content/Dungeon/Textures/Props/T_Dungeon_toplock_BC.uasset" 3409
"C:/Users/symig/Documents/GitHub/ARPG_5.7/Content/Dungeon/Textures/Props/T_Dungeon_toplock_BC.uexp" 3410
"C:/Users/symig/Documents/GitHub/ARPG_5.7/Content/Dungeon/Textures/Props/T_Dungeon_toplock_N.ubulk" 3411
"C:/Users/symig/Documents/GitHub/ARPG_5.7/Content/Dungeon/Textures/Props/T_Dungeon_toplock_N.uasset" 3412
"C:/Users/symig/Documents/GitHub/ARPG_5.7/Content/Dungeon/Textures/Props/T_Dungeon_toplock_N.uexp" 3413
"C:/Users/symig/Documents/GitHub/ARPG_5.7/Content/Dungeon/Material_Instances/MI_Dungeon_toplock.uasset" 3414
"C:/Users/symig/Documents/GitHub/ARPG_5.7/Content/Dungeon/Material_Instances/MI_Dungeon_toplock.uexp" 3415
"C:/Users/symig/Documents/GitHub/ARPG_5.7/Content/TopDown/Data/SM_Dungeon_toplock.ubulk" 3416
"C:/Users/symig/Documents/GitHub/ARPG_5.7/Content/TopDown/Data/SM_Dungeon_toplock.uasset" 3417
"C:/Users/symig/Documents/GitHub/ARPG_5.7/Content/TopDown/Data/SM_Dungeon_toplock.uexp" 3418
"C:/Users/symig/Documents/GitHub/ARPG_5.7/Content/TopDown/Data/Staircase_rot15.ubulk" 3419
"C:/Users/symig/Documents/GitHub/ARPG_5.7/Content/TopDown/Data/Staircase_rot15.uasset" 3420
"C:/Users/symig/Documents/GitHub/ARPG_5.7/Content/TopDown/Data/Staircase_rot15.uexp" 3421
"C:/Users/symig/Documents/GitHub/ARPG_5.7/Content/TopDown/Data/Stairs_3F5AD52C.ubulk" 3422
"C:/Users/symig/Documents/GitHub/ARPG_5.7/Content/TopDown/Data/Stairs_3F5AD52C.uasset" 3423
"C:/Users/symig/Documents/GitHub/ARPG_5.7/Content/TopDown/Data/Stairs_3F5AD52C.uexp" 3424
"../../../Engine/Content/EngineDebugMaterials/VertexColorViewMode_RedOnly.uasset" 3425
"../../../Engine/Content/EngineDebugMaterials/VertexColorViewMode_RedOnly.uexp" 3426
"C:/Users/symig/Documents/GitHub/ARPG_5.7/Content/TopDown/Data/Corridor_Gardens_FountainPool01.ubulk" 3427
"C:/Users/symig/Documents/GitHub/ARPG_5.7/Content/TopDown/Data/Corridor_Gardens_FountainPool01.uasset" 3428
"C:/Users/symig/Documents/GitHub/ARPG_5.7/Content/TopDown/Data/Corridor_Gardens_FountainPool01.uexp" 3429
"C:/Users/symig/Documents/GitHub/ARPG_5.7/Content/TopDown/Materials/MI_ember.uasset" 3430
"C:/Users/symig/Documents/GitHub/ARPG_5.7/Content/TopDown/Materials/MI_ember.uexp" 3431
"C:/Users/symig/Documents/GitHub/ARPG_5.7/Content/Fantastic_Village_Pack/textures/T_chains.ubulk" 3432
"C:/Users/symig/Documents/GitHub/ARPG_5.7/Content/Fantastic_Village_Pack/textures/T_chains.uasset" 3433
"C:/Users/symig/Documents/GitHub/ARPG_5.7/Content/Fantastic_Village_Pack/textures/T_chains.uexp" 3434
"C:/Users/symig/Documents/GitHub/ARPG_5.7/Content/Fantastic_Village_Pack/textures/T_PROP_potplants.ubulk" 3435
"C:/Users/symig/Documents/GitHub/ARPG_5.7/Content/Fantastic_Village_Pack/textures/T_PROP_potplants.uasset" 3436
"C:/Users/symig/Documents/GitHub/ARPG_5.7/Content/Fantastic_Village_Pack/textures/T_PROP_potplants.uexp" 3437
"C:/Users/symig/Documents/GitHub/ARPG_5.7/Content/TopDown/Materials/master_materials/M_Master_transparent.uasset" 3438
"C:/Users/symig/Documents/GitHub/ARPG_5.7/Content/TopDown/Materials/master_materials/M_Master_transparent.uexp" 3439
"C:/Users/symig/Documents/GitHub/ARPG_5.7/Content/TopDown/Materials/MI_PROP_chains.uasset" 3440
"C:/Users/symig/Documents/GitHub/ARPG_5.7/Content/TopDown/Materials/MI_PROP_chains.uexp" 3441
"C:/Users/symig/Documents/GitHub/ARPG_5.7/Content/TopDown/Data/SM_Brazier.ubulk" 3442
"C:/Users/symig/Documents/GitHub/ARPG_5.7/Content/TopDown/Data/SM_Brazier.uasset" 3443
"C:/Users/symig/Documents/GitHub/ARPG_5.7/Content/TopDown/Data/SM_Brazier.uexp" 3444
"C:/Users/symig/Documents/GitHub/ARPG_5.7/Content/TopDown/Blueprints/Assets/BP_Shrine.uasset" 3445
"C:/Users/symig/Documents/GitHub/ARPG_5.7/Content/TopDown/Blueprints/Assets/BP_Shrine.uexp" 3446
"C:/Users/symig/Documents/GitHub/ARPG_5.7/Content/TopDown/Blueprints/Assets/Relocators/BP_EnemyRelocator.uasset" 3447
"C:/Users/symig/Documents/GitHub/ARPG_5.7/Content/TopDown/Blueprints/Assets/Relocators/BP_EnemyRelocator.uexp" 3448
"C:/Users/symig/Documents/GitHub/ARPG_5.7/Content/TopDown/Maps/Dungeon/Rooms/RoomA_BuiltData.uasset" 3449
"C:/Users/symig/Documents/GitHub/ARPG_5.7/Content/TopDown/Maps/Dungeon/Rooms/RoomA_BuiltData.uexp" 3450
"C:/Users/symig/Documents/GitHub/ARPG_5.7/Content/TopDown/Maps/Dungeon/Rooms/RoomA.uexp" 3451
"C:/Users/symig/Documents/GitHub/ARPG_5.7/Content/TopDown/Maps/Dungeon/Rooms/RoomA.umap" 3452
"C:/Users/symig/Documents/GitHub/ARPG_5.7/Content/TopDown/Maps/Dungeon/Rooms/RoomB.uexp" 3453
"C:/Users/symig/Documents/GitHub/ARPG_5.7/Content/TopDown/Maps/Dungeon/Rooms/RoomB.umap" 3454
"C:/Users/symig/Documents/GitHub/ARPG_5.7/Content/TopDown/Maps/Dungeon/Rooms/RoomC.uexp" 3455
"C:/Users/symig/Documents/GitHub/ARPG_5.7/Content/TopDown/Maps/Dungeon/Rooms/RoomC.umap" 3456
"C:/Users/symig/Documents/GitHub/ARPG_5.7/Content/TopDown/Data/SM_StoneFloor_sm_StoneFloor_01_01_LOD0.ubulk" 3457
"C:/Users/symig/Documents/GitHub/ARPG_5.7/Content/TopDown/Data/SM_StoneFloor_sm_StoneFloor_01_01_LOD0.uasset" 3458
"C:/Users/symig/Documents/GitHub/ARPG_5.7/Content/TopDown/Data/SM_StoneFloor_sm_StoneFloor_01_01_LOD0.uexp" 3459
"C:/Users/symig/Documents/GitHub/ARPG_5.7/Content/TopDown/Data/SM_WaterVolume.ubulk" 3460
"C:/Users/symig/Documents/GitHub/ARPG_5.7/Content/TopDown/Data/SM_WaterVolume.uasset" 3461
"C:/Users/symig/Documents/GitHub/ARPG_5.7/Content/TopDown/Data/SM_WaterVolume.uexp" 3462
"C:/Users/symig/Documents/GitHub/ARPG_5.7/Content/TopDown/Maps/Dungeon/Rooms/RoomD.uexp" 3463
"C:/Users/symig/Documents/GitHub/ARPG_5.7/Content/TopDown/Maps/Dungeon/Rooms/RoomD.umap" 3464
"C:/Users/symig/Documents/GitHub/ARPG_5.7/Content/TopDown/Maps/Dungeon/Rooms/RoomEnd.uexp" 3465
"C:/Users/symig/Documents/GitHub/ARPG_5.7/Content/TopDown/Maps/Dungeon/Rooms/RoomEnd.umap" 3466
"C:/Users/symig/Documents/GitHub/ARPG_5.7/Content/TopDown/Maps/Dungeon/Rooms/RoomFiller.uexp" 3467
"C:/Users/symig/Documents/GitHub/ARPG_5.7/Content/TopDown/Maps/Dungeon/Rooms/RoomFiller.umap" 3468
"C:/Users/symig/Documents/GitHub/ARPG_5.7/Content/TopDown/Maps/Dungeon/Rooms/RoomObjective.uexp" 3469
"C:/Users/symig/Documents/GitHub/ARPG_5.7/Content/TopDown/Maps/Dungeon/Rooms/RoomObjective.umap" 3470
"C:/Users/symig/Documents/GitHub/ARPG_5.7/Content/TopDown/Maps/Dungeon/Rooms/RoomStart.uexp" 3471
"C:/Users/symig/Documents/GitHub/ARPG_5.7/Content/TopDown/Maps/Dungeon/Rooms/RoomStart.umap" 3472
